"samplearea_id","x-koord","y-koord","lon","lat","year","route_length","median_elevation","n_visits","n_recorded_species"
268,"2725500","1182500","9.08215883922678","46.78184626768944",1999,4444,1550,3,"27"
268,"2725500","1182500","9.08215883922678","46.78184626768944",2000,4444,1550,3,"25"
268,"2725500","1182500","9.08215883922678","46.78184626768944",2001,4444,1550,3,"30"
268,"2725500","1182500","9.08215883922678","46.78184626768944",2002,4444,1550,3,"31"
268,"2725500","1182500","9.08215883922678","46.78184626768944",2003,4444,1550,3,"29"
268,"2725500","1182500","9.08215883922678","46.78184626768944",2004,4444,1550,3,"29"
268,"2725500","1182500","9.08215883922678","46.78184626768944",2005,4444,1550,3,"38"
268,"2725500","1182500","9.08215883922678","46.78184626768944",2006,4444,1550,3,"27"
268,"2725500","1182500","9.08215883922678","46.78184626768944",2007,4444,1550,3,"29"
268,"2725500","1182500","9.08215883922678","46.78184626768944",2008,4444,1550,3,"39"
268,"2725500","1182500","9.08215883922678","46.78184626768944",2009,4444,1550,3,"30"
268,"2725500","1182500","9.08215883922678","46.78184626768944",2010,4444,1550,3,"37"
268,"2725500","1182500","9.08215883922678","46.78184626768944",2011,4444,1550,3,"44"
268,"2725500","1182500","9.08215883922678","46.78184626768944",2012,4444,1550,3,"36"
268,"2725500","1182500","9.08215883922678","46.78184626768944",2013,4444,1550,3,"37"
268,"2725500","1182500","9.08215883922678","46.78184626768944",2014,4444,1550,3,"33"
268,"2725500","1182500","9.08215883922678","46.78184626768944",2015,4444,1550,3,"35"
268,"2725500","1182500","9.08215883922678","46.78184626768944",2016,4444,1550,3,"34"
268,"2725500","1182500","9.08215883922678","46.78184626768944",2017,4444,1550,3,"42"
268,"2725500","1182500","9.08215883922678","46.78184626768944",2018,4444,1550,3,"31"
268,"2725500","1182500","9.08215883922678","46.78184626768944",2019,4444,1550,3,"42"
268,"2725500","1182500","9.08215883922678","46.78184626768944",2020,4444,1550,3,"33"
268,"2725500","1182500","9.08215883922678","46.78184626768944",2021,4444,1550,3,"37"
268,"2725500","1182500","9.08215883922678","46.78184626768944",2022,4444,1550,3,"31"
268,"2725500","1182500","9.08215883922678","46.78184626768944",2023,4444,1550,3,"32"
268,"2725500","1182500","9.08215883922678","46.78184626768944",2024,4444,1550,3,"33"
268,"2725500","1182500","9.08215883922678","46.78184626768944",2025,4444,1550,3,"42"
269,"2497500","1118500","6.11045818981122","46.21012758376561",1999,6232,450,3,"29"
269,"2497500","1118500","6.11045818981122","46.21012758376561",2000,6232,450,3,"28"
269,"2497500","1118500","6.11045818981122","46.21012758376561",2001,6232,450,3,"32"
269,"2497500","1118500","6.11045818981122","46.21012758376561",2002,6232,450,3,"28"
269,"2497500","1118500","6.11045818981122","46.21012758376561",2003,6232,450,3,"30"
269,"2497500","1118500","6.11045818981122","46.21012758376561",2004,6232,450,3,"29"
269,"2497500","1118500","6.11045818981122","46.21012758376561",2005,6232,450,3,"26"
269,"2497500","1118500","6.11045818981122","46.21012758376561",2006,6232,450,3,"28"
269,"2497500","1118500","6.11045818981122","46.21012758376561",2007,6232,450,3,"29"
269,"2497500","1118500","6.11045818981122","46.21012758376561",2008,6232,450,3,"31"
269,"2497500","1118500","6.11045818981122","46.21012758376561",2009,6232,450,3,"37"
269,"2497500","1118500","6.11045818981122","46.21012758376561",2010,6232,450,3,"30"
269,"2497500","1118500","6.11045818981122","46.21012758376561",2011,6232,450,3,"27"
269,"2497500","1118500","6.11045818981122","46.21012758376561",2012,6232,450,3,"28"
269,"2497500","1118500","6.11045818981122","46.21012758376561",2013,6232,450,3,"27"
269,"2497500","1118500","6.11045818981122","46.21012758376561",2014,6232,450,3,"30"
269,"2497500","1118500","6.11045818981122","46.21012758376561",2015,6232,450,3,"26"
269,"2497500","1118500","6.11045818981122","46.21012758376561",2016,6232,450,3,"30"
269,"2497500","1118500","6.11045818981122","46.21012758376561",2017,6232,450,3,"27"
269,"2497500","1118500","6.11045818981122","46.21012758376561",2018,6232,450,3,"29"
269,"2497500","1118500","6.11045818981122","46.21012758376561",2019,6232,450,3,"29"
269,"2497500","1118500","6.11045818981122","46.21012758376561",2020,6232,450,3,"29"
269,"2497500","1118500","6.11045818981122","46.21012758376561",2021,6232,450,3,"26"
269,"2497500","1118500","6.11045818981122","46.21012758376561",2022,6232,450,3,"29"
269,"2497500","1118500","6.11045818981122","46.21012758376561",2023,6232,450,3,"28"
269,"2497500","1118500","6.11045818981122","46.21012758376561",2024,6232,450,3,"25"
269,"2497500","1118500","6.11045818981122","46.21012758376561",2025,6232,450,3,"27"
270,"2725500","1214500","9.09098377353426","47.069629298517235",1999,4081,1350,3,"37"
270,"2725500","1214500","9.09098377353426","47.069629298517235",2000,4081,1350,3,"37"
270,"2725500","1214500","9.09098377353426","47.069629298517235",2001,4081,1350,3,"42"
270,"2725500","1214500","9.09098377353426","47.069629298517235",2002,4081,1350,3,"46"
270,"2725500","1214500","9.09098377353426","47.069629298517235",2003,4081,1350,3,"42"
270,"2725500","1214500","9.09098377353426","47.069629298517235",2004,4081,1350,3,"41"
270,"2725500","1214500","9.09098377353426","47.069629298517235",2005,4081,1350,3,"40"
270,"2725500","1214500","9.09098377353426","47.069629298517235",2006,4081,1350,3,"41"
270,"2725500","1214500","9.09098377353426","47.069629298517235",2007,4081,1350,3,"40"
270,"2725500","1214500","9.09098377353426","47.069629298517235",2008,4081,1350,3,"42"
270,"2725500","1214500","9.09098377353426","47.069629298517235",2009,4081,1350,3,"40"
270,"2725500","1214500","9.09098377353426","47.069629298517235",2010,4081,1350,3,"45"
270,"2725500","1214500","9.09098377353426","47.069629298517235",2011,4081,1350,3,"42"
270,"2725500","1214500","9.09098377353426","47.069629298517235",2012,4081,1350,3,"41"
270,"2725500","1214500","9.09098377353426","47.069629298517235",2013,4081,1350,3,"44"
270,"2725500","1214500","9.09098377353426","47.069629298517235",2014,4081,1350,3,"40"
270,"2725500","1214500","9.09098377353426","47.069629298517235",2015,4081,1350,3,"36"
270,"2725500","1214500","9.09098377353426","47.069629298517235",2016,4081,1350,3,"34"
270,"2725500","1214500","9.09098377353426","47.069629298517235",2017,4081,1350,3,"37"
270,"2725500","1214500","9.09098377353426","47.069629298517235",2018,4081,1350,3,"36"
270,"2725500","1214500","9.09098377353426","47.069629298517235",2019,4081,1350,3,"39"
270,"2725500","1214500","9.09098377353426","47.069629298517235",2020,4081,1350,3,"43"
270,"2725500","1214500","9.09098377353426","47.069629298517235",2021,4081,1350,3,"45"
270,"2725500","1214500","9.09098377353426","47.069629298517235",2022,4081,1350,3,"41"
270,"2725500","1214500","9.09098377353426","47.069629298517235",2023,4081,1350,3,"42"
270,"2725500","1214500","9.09098377353426","47.069629298517235",2024,4081,1350,3,"44"
270,"2725500","1214500","9.09098377353426","47.069629298517235",2025,4081,1350,3,"43"
271,"2503500","1134500","6.184874430439903","46.35492740208998",1999,4483,450,3,"38"
271,"2503500","1134500","6.184874430439903","46.35492740208998",2000,4483,450,3,"32"
271,"2503500","1134500","6.184874430439903","46.35492740208998",2001,4483,450,3,"34"
271,"2503500","1134500","6.184874430439903","46.35492740208998",2002,4483,450,3,"32"
271,"2503500","1134500","6.184874430439903","46.35492740208998",2003,4483,450,3,"37"
271,"2503500","1134500","6.184874430439903","46.35492740208998",2004,4483,450,3,"37"
271,"2503500","1134500","6.184874430439903","46.35492740208998",2005,4483,450,3,"34"
271,"2503500","1134500","6.184874430439903","46.35492740208998",2006,4483,450,3,"34"
271,"2503500","1134500","6.184874430439903","46.35492740208998",2007,4483,450,3,"33"
271,"2503500","1134500","6.184874430439903","46.35492740208998",2008,4483,450,3,"33"
271,"2503500","1134500","6.184874430439903","46.35492740208998",2009,4483,450,3,"33"
271,"2503500","1134500","6.184874430439903","46.35492740208998",2010,4483,450,3,"37"
271,"2503500","1134500","6.184874430439903","46.35492740208998",2011,4483,450,3,"32"
271,"2503500","1134500","6.184874430439903","46.35492740208998",2012,4483,450,3,"34"
271,"2503500","1134500","6.184874430439903","46.35492740208998",2013,4483,450,3,"31"
271,"2503500","1134500","6.184874430439903","46.35492740208998",2014,4483,450,3,"32"
271,"2503500","1134500","6.184874430439903","46.35492740208998",2015,4483,450,3,"32"
271,"2503500","1134500","6.184874430439903","46.35492740208998",2016,4483,450,3,"33"
271,"2503500","1134500","6.184874430439903","46.35492740208998",2017,4483,450,3,"36"
271,"2503500","1134500","6.184874430439903","46.35492740208998",2018,4483,450,3,"35"
271,"2503500","1134500","6.184874430439903","46.35492740208998",2019,4483,450,3,"36"
271,"2503500","1134500","6.184874430439903","46.35492740208998",2020,4483,450,3,"54"
271,"2503500","1134500","6.184874430439903","46.35492740208998",2021,4483,450,3,"39"
271,"2503500","1134500","6.184874430439903","46.35492740208998",2022,4483,450,3,"44"
271,"2503500","1134500","6.184874430439903","46.35492740208998",2023,4483,450,3,"45"
271,"2503500","1134500","6.184874430439903","46.35492740208998",2024,4483,450,3,"42"
271,"2503500","1134500","6.184874430439903","46.35492740208998",2025,4483,450,3,"39"
272,"2725500","1230500","9.095431898975205","47.21351434316089",1999,4939,1150,3,"34"
272,"2725500","1230500","9.095431898975205","47.21351434316089",2000,4939,1150,3,"37"
272,"2725500","1230500","9.095431898975205","47.21351434316089",2001,4939,1150,3,"33"
272,"2725500","1230500","9.095431898975205","47.21351434316089",2002,4939,1150,3,"33"
272,"2725500","1230500","9.095431898975205","47.21351434316089",2003,4939,1150,3,"33"
272,"2725500","1230500","9.095431898975205","47.21351434316089",2004,4939,1150,3,"43"
272,"2725500","1230500","9.095431898975205","47.21351434316089",2005,4939,1150,3,"41"
272,"2725500","1230500","9.095431898975205","47.21351434316089",2006,4939,1150,3,"41"
272,"2725500","1230500","9.095431898975205","47.21351434316089",2007,4939,1150,3,"37"
272,"2725500","1230500","9.095431898975205","47.21351434316089",2008,4939,1150,3,"34"
272,"2725500","1230500","9.095431898975205","47.21351434316089",2009,4939,1150,3,"42"
272,"2725500","1230500","9.095431898975205","47.21351434316089",2010,4939,1150,3,"36"
272,"2725500","1230500","9.095431898975205","47.21351434316089",2011,4939,1150,3,"39"
272,"2725500","1230500","9.095431898975205","47.21351434316089",2012,4939,1150,3,"37"
272,"2725500","1230500","9.095431898975205","47.21351434316089",2013,4939,1150,3,"34"
272,"2725500","1230500","9.095431898975205","47.21351434316089",2014,4939,1150,3,"37"
272,"2725500","1230500","9.095431898975205","47.21351434316089",2015,4939,1150,3,"40"
272,"2725500","1230500","9.095431898975205","47.21351434316089",2016,4939,1150,3,"34"
272,"2725500","1230500","9.095431898975205","47.21351434316089",2017,4939,1150,3,"38"
272,"2725500","1230500","9.095431898975205","47.21351434316089",2018,4939,1150,3,"37"
272,"2725500","1230500","9.095431898975205","47.21351434316089",2019,4939,1150,3,"36"
272,"2725500","1230500","9.095431898975205","47.21351434316089",2020,4939,1150,3,"37"
272,"2725500","1230500","9.095431898975205","47.21351434316089",2021,4939,1150,3,"39"
272,"2725500","1230500","9.095431898975205","47.21351434316089",2022,4939,1150,3,"36"
272,"2725500","1230500","9.095431898975205","47.21351434316089",2023,4939,1150,3,"31"
272,"2725500","1230500","9.095431898975205","47.21351434316089",2024,4939,1150,3,"34"
272,"2725500","1230500","9.095431898975205","47.21351434316089",2025,4939,1150,3,"30"
273,"2503500","1158500","6.1798648297808025","46.570794473724",2000,4419,1050,3,"39"
273,"2503500","1158500","6.1798648297808025","46.570794473724",2001,4419,1050,3,"41"
273,"2503500","1158500","6.1798648297808025","46.570794473724",2002,4419,1050,3,"46"
273,"2503500","1158500","6.1798648297808025","46.570794473724",2003,4419,1050,3,"42"
273,"2503500","1158500","6.1798648297808025","46.570794473724",2004,4419,1050,3,"46"
273,"2503500","1158500","6.1798648297808025","46.570794473724",2005,4419,1050,3,"38"
273,"2503500","1158500","6.1798648297808025","46.570794473724",2006,4419,1050,3,"47"
273,"2503500","1158500","6.1798648297808025","46.570794473724",2007,4419,1050,3,"34"
273,"2503500","1158500","6.1798648297808025","46.570794473724",2008,4419,1050,3,"41"
273,"2503500","1158500","6.1798648297808025","46.570794473724",2009,4419,1050,3,"47"
273,"2503500","1158500","6.1798648297808025","46.570794473724",2010,4419,1050,3,"51"
273,"2503500","1158500","6.1798648297808025","46.570794473724",2011,4419,1050,3,"49"
273,"2503500","1158500","6.1798648297808025","46.570794473724",2012,4419,1050,3,"41"
273,"2503500","1158500","6.1798648297808025","46.570794473724",2013,4419,1050,3,"43"
273,"2503500","1158500","6.1798648297808025","46.570794473724",2014,4419,1050,3,"51"
273,"2503500","1158500","6.1798648297808025","46.570794473724",2015,4419,1050,3,"49"
273,"2503500","1158500","6.1798648297808025","46.570794473724",2016,4419,1050,3,"52"
273,"2503500","1158500","6.1798648297808025","46.570794473724",2017,4419,1050,3,"49"
273,"2503500","1158500","6.1798648297808025","46.570794473724",2018,4419,1050,3,"43"
273,"2503500","1158500","6.1798648297808025","46.570794473724",2019,4419,1050,3,"46"
273,"2503500","1158500","6.1798648297808025","46.570794473724",2020,4419,1050,3,"52"
273,"2503500","1158500","6.1798648297808025","46.570794473724",2021,4419,1050,3,"46"
273,"2503500","1158500","6.1798648297808025","46.570794473724",2022,4419,1050,3,"43"
273,"2503500","1158500","6.1798648297808025","46.570794473724",2023,4419,1050,3,"44"
273,"2503500","1158500","6.1798648297808025","46.570794473724",2024,4419,1050,3,"46"
273,"2503500","1158500","6.1798648297808025","46.570794473724",2025,4419,1050,3,"43"
274,"2725500","1246500","9.099904091055674","47.35739386683253",1999,7212,850,3,"45"
274,"2725500","1246500","9.099904091055674","47.35739386683253",2000,7212,850,3,"49"
274,"2725500","1246500","9.099904091055674","47.35739386683253",2001,7212,850,3,"41"
274,"2725500","1246500","9.099904091055674","47.35739386683253",2002,7212,850,3,"37"
274,"2725500","1246500","9.099904091055674","47.35739386683253",2003,7212,850,3,"42"
274,"2725500","1246500","9.099904091055674","47.35739386683253",2004,7212,850,3,"38"
274,"2725500","1246500","9.099904091055674","47.35739386683253",2005,7212,850,3,"43"
274,"2725500","1246500","9.099904091055674","47.35739386683253",2006,7212,850,3,"42"
274,"2725500","1246500","9.099904091055674","47.35739386683253",2007,7212,850,3,"42"
274,"2725500","1246500","9.099904091055674","47.35739386683253",2008,7212,850,3,"42"
274,"2725500","1246500","9.099904091055674","47.35739386683253",2009,7212,850,3,"40"
274,"2725500","1246500","9.099904091055674","47.35739386683253",2010,7212,850,3,"44"
274,"2725500","1246500","9.099904091055674","47.35739386683253",2011,7212,850,3,"44"
274,"2725500","1246500","9.099904091055674","47.35739386683253",2012,7212,850,3,"43"
274,"2725500","1246500","9.099904091055674","47.35739386683253",2013,7212,850,3,"43"
274,"2725500","1246500","9.099904091055674","47.35739386683253",2014,7212,850,3,"41"
274,"2725500","1246500","9.099904091055674","47.35739386683253",2015,7212,850,3,"41"
274,"2725500","1246500","9.099904091055674","47.35739386683253",2016,7212,850,3,"41"
274,"2725500","1246500","9.099904091055674","47.35739386683253",2017,7212,850,3,"37"
274,"2725500","1246500","9.099904091055674","47.35739386683253",2018,7212,850,3,"41"
274,"2725500","1246500","9.099904091055674","47.35739386683253",2019,7212,850,3,"43"
274,"2725500","1246500","9.099904091055674","47.35739386683253",2020,7212,850,3,"39"
274,"2725500","1246500","9.099904091055674","47.35739386683253",2021,7212,850,3,"44"
274,"2725500","1246500","9.099904091055674","47.35739386683253",2022,7212,850,3,"42"
274,"2725500","1246500","9.099904091055674","47.35739386683253",2023,7212,850,3,"38"
274,"2725500","1246500","9.099904091055674","47.35739386683253",2024,7212,850,3,"41"
274,"2725500","1246500","9.099904091055674","47.35739386683253",2025,7212,850,3,"43"
275,"2509500","1150500","6.25968869817001","46.49967809142166",1999,4236,950,3,"48"
275,"2509500","1150500","6.25968869817001","46.49967809142166",2000,4236,950,3,"47"
275,"2509500","1150500","6.25968869817001","46.49967809142166",2001,4236,950,3,"48"
275,"2509500","1150500","6.25968869817001","46.49967809142166",2002,4236,950,3,"42"
275,"2509500","1150500","6.25968869817001","46.49967809142166",2003,4236,950,3,"43"
275,"2509500","1150500","6.25968869817001","46.49967809142166",2004,4236,950,3,"40"
275,"2509500","1150500","6.25968869817001","46.49967809142166",2005,4236,950,3,"42"
275,"2509500","1150500","6.25968869817001","46.49967809142166",2006,4236,950,3,"48"
275,"2509500","1150500","6.25968869817001","46.49967809142166",2007,4236,950,3,"50"
275,"2509500","1150500","6.25968869817001","46.49967809142166",2008,4236,950,3,"45"
275,"2509500","1150500","6.25968869817001","46.49967809142166",2009,4236,950,3,"48"
275,"2509500","1150500","6.25968869817001","46.49967809142166",2010,4236,950,3,"51"
275,"2509500","1150500","6.25968869817001","46.49967809142166",2011,4236,950,3,"50"
275,"2509500","1150500","6.25968869817001","46.49967809142166",2012,4236,950,3,"47"
275,"2509500","1150500","6.25968869817001","46.49967809142166",2013,4236,950,3,"47"
275,"2509500","1150500","6.25968869817001","46.49967809142166",2014,4236,950,3,"40"
275,"2509500","1150500","6.25968869817001","46.49967809142166",2015,4236,950,3,"51"
275,"2509500","1150500","6.25968869817001","46.49967809142166",2016,4236,950,3,"41"
275,"2509500","1150500","6.25968869817001","46.49967809142166",2017,4236,950,3,"43"
275,"2509500","1150500","6.25968869817001","46.49967809142166",2018,4236,950,3,"35"
275,"2509500","1150500","6.25968869817001","46.49967809142166",2019,4236,950,3,"40"
275,"2509500","1150500","6.25968869817001","46.49967809142166",2020,4236,950,3,"45"
275,"2509500","1150500","6.25968869817001","46.49967809142166",2021,4236,950,3,"37"
275,"2509500","1150500","6.25968869817001","46.49967809142166",2022,4236,950,3,"35"
275,"2509500","1150500","6.25968869817001","46.49967809142166",2023,4236,950,3,"43"
275,"2509500","1150500","6.25968869817001","46.49967809142166",2024,4236,950,3,"41"
275,"2509500","1150500","6.25968869817001","46.49967809142166",2025,4236,950,3,"33"
276,"2725500","1262500","9.104400573984536","47.50126696449114",2000,5566,650,3,"42"
276,"2725500","1262500","9.104400573984536","47.50126696449114",2001,5566,650,3,"36"
276,"2725500","1262500","9.104400573984536","47.50126696449114",2003,5566,650,3,"39"
276,"2725500","1262500","9.104400573984536","47.50126696449114",2004,5566,650,3,"36"
276,"2725500","1262500","9.104400573984536","47.50126696449114",2005,5566,650,3,"36"
276,"2725500","1262500","9.104400573984536","47.50126696449114",2006,5566,650,3,"38"
276,"2725500","1262500","9.104400573984536","47.50126696449114",2007,5566,650,3,"42"
276,"2725500","1262500","9.104400573984536","47.50126696449114",2008,5566,650,3,"47"
276,"2725500","1262500","9.104400573984536","47.50126696449114",2009,5566,650,3,"39"
276,"2725500","1262500","9.104400573984536","47.50126696449114",2010,5566,650,3,"42"
276,"2725500","1262500","9.104400573984536","47.50126696449114",2011,5566,650,3,"37"
276,"2725500","1262500","9.104400573984536","47.50126696449114",2012,5566,650,3,"38"
276,"2725500","1262500","9.104400573984536","47.50126696449114",2013,5566,650,3,"41"
276,"2725500","1262500","9.104400573984536","47.50126696449114",2014,5566,650,3,"38"
276,"2725500","1262500","9.104400573984536","47.50126696449114",2015,5566,650,3,"46"
276,"2725500","1262500","9.104400573984536","47.50126696449114",2016,5566,650,3,"43"
276,"2725500","1262500","9.104400573984536","47.50126696449114",2017,5566,650,3,"40"
276,"2725500","1262500","9.104400573984536","47.50126696449114",2019,5566,650,3,"36"
276,"2725500","1262500","9.104400573984536","47.50126696449114",2020,5566,650,3,"42"
276,"2725500","1262500","9.104400573984536","47.50126696449114",2021,5566,650,3,"40"
276,"2725500","1262500","9.104400573984536","47.50126696449114",2022,5566,650,3,"44"
276,"2725500","1262500","9.104400573984536","47.50126696449114",2023,5566,650,3,"40"
276,"2725500","1262500","9.104400573984536","47.50126696449114",2024,5566,650,3,"40"
276,"2725500","1262500","9.104400573984536","47.50126696449114",2025,5566,650,3,"38"
277,"2509500","1166500","6.256543882178088","46.64359095644109",1999,5512,1150,3,"36"
277,"2509500","1166500","6.256543882178088","46.64359095644109",2000,5512,1150,3,"39"
277,"2509500","1166500","6.256543882178088","46.64359095644109",2001,5512,1150,3,"38"
277,"2509500","1166500","6.256543882178088","46.64359095644109",2002,5512,1150,3,"37"
277,"2509500","1166500","6.256543882178088","46.64359095644109",2003,5512,1150,3,"39"
277,"2509500","1166500","6.256543882178088","46.64359095644109",2004,5512,1150,3,"39"
277,"2509500","1166500","6.256543882178088","46.64359095644109",2005,5512,1150,3,"37"
277,"2509500","1166500","6.256543882178088","46.64359095644109",2006,5512,1150,3,"30"
277,"2509500","1166500","6.256543882178088","46.64359095644109",2007,5512,1150,3,"35"
277,"2509500","1166500","6.256543882178088","46.64359095644109",2008,5512,1150,3,"41"
277,"2509500","1166500","6.256543882178088","46.64359095644109",2009,5512,1150,3,"36"
277,"2509500","1166500","6.256543882178088","46.64359095644109",2010,5512,1150,3,"38"
277,"2509500","1166500","6.256543882178088","46.64359095644109",2011,5512,1150,3,"40"
277,"2509500","1166500","6.256543882178088","46.64359095644109",2012,5512,1150,3,"40"
277,"2509500","1166500","6.256543882178088","46.64359095644109",2013,5512,1150,3,"39"
277,"2509500","1166500","6.256543882178088","46.64359095644109",2014,5512,1150,3,"44"
277,"2509500","1166500","6.256543882178088","46.64359095644109",2015,5512,1150,3,"40"
277,"2509500","1166500","6.256543882178088","46.64359095644109",2016,5512,1150,3,"42"
277,"2509500","1166500","6.256543882178088","46.64359095644109",2017,5512,1150,3,"38"
277,"2509500","1166500","6.256543882178088","46.64359095644109",2018,5512,1150,3,"33"
277,"2509500","1166500","6.256543882178088","46.64359095644109",2019,5512,1150,3,"35"
277,"2509500","1166500","6.256543882178088","46.64359095644109",2020,5512,1150,3,"40"
277,"2509500","1166500","6.256543882178088","46.64359095644109",2021,5512,1150,3,"41"
277,"2509500","1166500","6.256543882178088","46.64359095644109",2022,5512,1150,3,"36"
277,"2509500","1166500","6.256543882178088","46.64359095644109",2023,5512,1150,3,"34"
277,"2509500","1166500","6.256543882178088","46.64359095644109",2024,5512,1150,3,"39"
277,"2509500","1166500","6.256543882178088","46.64359095644109",2025,5512,1150,3,"34"
278,"2725500","1278500","9.108921574718135","47.64513273137163",1999,7474,550,3,"32"
278,"2725500","1278500","9.108921574718135","47.64513273137163",2000,7474,550,3,"33"
278,"2725500","1278500","9.108921574718135","47.64513273137163",2001,7474,550,3,"33"
278,"2725500","1278500","9.108921574718135","47.64513273137163",2002,7474,550,3,"30"
278,"2725500","1278500","9.108921574718135","47.64513273137163",2003,7474,550,3,"31"
278,"2725500","1278500","9.108921574718135","47.64513273137163",2004,7474,550,3,"37"
278,"2725500","1278500","9.108921574718135","47.64513273137163",2005,7474,550,3,"35"
278,"2725500","1278500","9.108921574718135","47.64513273137163",2006,7474,550,3,"41"
278,"2725500","1278500","9.108921574718135","47.64513273137163",2007,7474,550,3,"39"
278,"2725500","1278500","9.108921574718135","47.64513273137163",2008,7474,550,3,"45"
278,"2725500","1278500","9.108921574718135","47.64513273137163",2009,7474,550,3,"42"
278,"2725500","1278500","9.108921574718135","47.64513273137163",2010,7474,550,3,"45"
278,"2725500","1278500","9.108921574718135","47.64513273137163",2011,7474,550,3,"39"
278,"2725500","1278500","9.108921574718135","47.64513273137163",2012,7474,550,3,"42"
278,"2725500","1278500","9.108921574718135","47.64513273137163",2013,7474,550,3,"39"
278,"2725500","1278500","9.108921574718135","47.64513273137163",2014,7474,550,3,"40"
278,"2725500","1278500","9.108921574718135","47.64513273137163",2015,7474,550,3,"44"
278,"2725500","1278500","9.108921574718135","47.64513273137163",2016,7474,550,3,"42"
278,"2725500","1278500","9.108921574718135","47.64513273137163",2017,7474,550,3,"42"
278,"2725500","1278500","9.108921574718135","47.64513273137163",2018,7474,550,3,"34"
278,"2725500","1278500","9.108921574718135","47.64513273137163",2019,7474,550,3,"42"
278,"2725500","1278500","9.108921574718135","47.64513273137163",2020,7474,550,3,"40"
278,"2725500","1278500","9.108921574718135","47.64513273137163",2021,7474,550,3,"39"
278,"2725500","1278500","9.108921574718135","47.64513273137163",2022,7474,550,3,"37"
278,"2725500","1278500","9.108921574718135","47.64513273137163",2023,7474,550,3,"35"
278,"2725500","1278500","9.108921574718135","47.64513273137163",2024,7474,550,3,"36"
278,"2725500","1278500","9.108921574718135","47.64513273137163",2025,7474,550,3,"35"
279,"2521500","1150500","6.415994712326242","46.501194945912395",2000,3340,550,3,"34"
279,"2521500","1150500","6.415994712326242","46.501194945912395",2001,3340,550,3,"44"
279,"2521500","1150500","6.415994712326242","46.501194945912395",2002,3340,550,3,"46"
279,"2521500","1150500","6.415994712326242","46.501194945912395",2003,3340,550,3,"34"
279,"2521500","1150500","6.415994712326242","46.501194945912395",2004,3340,550,3,"40"
279,"2521500","1150500","6.415994712326242","46.501194945912395",2005,3340,550,3,"40"
279,"2521500","1150500","6.415994712326242","46.501194945912395",2006,3340,550,3,"47"
279,"2521500","1150500","6.415994712326242","46.501194945912395",2007,3340,550,3,"40"
279,"2521500","1150500","6.415994712326242","46.501194945912395",2008,3340,550,3,"42"
279,"2521500","1150500","6.415994712326242","46.501194945912395",2009,3340,550,3,"39"
279,"2521500","1150500","6.415994712326242","46.501194945912395",2010,3340,550,3,"40"
279,"2521500","1150500","6.415994712326242","46.501194945912395",2011,3340,550,3,"36"
279,"2521500","1150500","6.415994712326242","46.501194945912395",2012,3340,550,3,"37"
279,"2521500","1150500","6.415994712326242","46.501194945912395",2013,3340,550,3,"38"
279,"2521500","1150500","6.415994712326242","46.501194945912395",2014,3340,550,3,"41"
279,"2521500","1150500","6.415994712326242","46.501194945912395",2015,3340,550,3,"37"
279,"2521500","1150500","6.415994712326242","46.501194945912395",2016,3340,550,3,"42"
279,"2521500","1150500","6.415994712326242","46.501194945912395",2017,3340,550,3,"41"
279,"2521500","1150500","6.415994712326242","46.501194945912395",2018,3340,550,3,"36"
279,"2521500","1150500","6.415994712326242","46.501194945912395",2019,3340,550,3,"39"
279,"2521500","1150500","6.415994712326242","46.501194945912395",2020,3340,550,3,"44"
279,"2521500","1150500","6.415994712326242","46.501194945912395",2021,3340,550,3,"43"
279,"2521500","1150500","6.415994712326242","46.501194945912395",2022,3340,550,3,"41"
279,"2521500","1150500","6.415994712326242","46.501194945912395",2023,3340,550,3,"45"
279,"2521500","1150500","6.415994712326242","46.501194945912395",2024,3340,550,3,"43"
279,"2521500","1150500","6.415994712326242","46.501194945912395",2025,3340,550,3,"45"
280,"2730500","1136500","9.134596708902125","46.367186675762184",1999,3583,1450,3,"27"
280,"2730500","1136500","9.134596708902125","46.367186675762184",2000,3583,1450,3,"25"
280,"2730500","1136500","9.134596708902125","46.367186675762184",2001,3583,1450,3,"23"
280,"2730500","1136500","9.134596708902125","46.367186675762184",2002,3583,1450,3,"29"
280,"2730500","1136500","9.134596708902125","46.367186675762184",2003,3583,1450,3,"26"
280,"2730500","1136500","9.134596708902125","46.367186675762184",2004,3583,1450,3,"26"
280,"2730500","1136500","9.134596708902125","46.367186675762184",2005,3583,1450,3,"31"
280,"2730500","1136500","9.134596708902125","46.367186675762184",2006,3583,1450,3,"27"
280,"2730500","1136500","9.134596708902125","46.367186675762184",2007,3583,1450,3,"30"
280,"2730500","1136500","9.134596708902125","46.367186675762184",2008,3583,1450,3,"27"
280,"2730500","1136500","9.134596708902125","46.367186675762184",2009,3583,1450,3,"25"
280,"2730500","1136500","9.134596708902125","46.367186675762184",2010,3583,1450,3,"28"
280,"2730500","1136500","9.134596708902125","46.367186675762184",2011,3583,1450,3,"30"
280,"2730500","1136500","9.134596708902125","46.367186675762184",2012,3583,1450,3,"27"
280,"2730500","1136500","9.134596708902125","46.367186675762184",2013,3583,1450,3,"29"
280,"2730500","1136500","9.134596708902125","46.367186675762184",2014,3583,1450,3,"30"
280,"2730500","1136500","9.134596708902125","46.367186675762184",2015,3583,1450,3,"28"
280,"2730500","1136500","9.134596708902125","46.367186675762184",2016,3583,1450,3,"42"
280,"2730500","1136500","9.134596708902125","46.367186675762184",2017,3583,1450,3,"40"
280,"2730500","1136500","9.134596708902125","46.367186675762184",2018,3583,1450,3,"28"
280,"2730500","1136500","9.134596708902125","46.367186675762184",2019,3583,1450,3,"31"
280,"2730500","1136500","9.134596708902125","46.367186675762184",2020,3583,1450,3,"37"
280,"2730500","1136500","9.134596708902125","46.367186675762184",2021,3583,1450,3,"37"
280,"2730500","1136500","9.134596708902125","46.367186675762184",2022,3583,1450,3,"40"
280,"2730500","1136500","9.134596708902125","46.367186675762184",2023,3583,1450,3,"32"
280,"2730500","1136500","9.134596708902125","46.367186675762184",2024,3583,1450,3,"32"
280,"2730500","1136500","9.134596708902125","46.367186675762184",2025,3583,1450,3,"35"
281,"2521500","1166500","6.413266382187462","46.64511181764356",2000,4755,750,3,"36"
281,"2521500","1166500","6.413266382187462","46.64511181764356",2003,4755,750,3,"39"
281,"2521500","1166500","6.413266382187462","46.64511181764356",2004,4755,750,3,"38"
281,"2521500","1166500","6.413266382187462","46.64511181764356",2005,4755,750,3,"39"
281,"2521500","1166500","6.413266382187462","46.64511181764356",2006,4755,750,3,"30"
281,"2521500","1166500","6.413266382187462","46.64511181764356",2007,4755,750,3,"30"
281,"2521500","1166500","6.413266382187462","46.64511181764356",2008,4755,750,3,"36"
281,"2521500","1166500","6.413266382187462","46.64511181764356",2009,4755,750,3,"29"
281,"2521500","1166500","6.413266382187462","46.64511181764356",2010,4755,750,3,"33"
281,"2521500","1166500","6.413266382187462","46.64511181764356",2011,4755,750,3,"34"
281,"2521500","1166500","6.413266382187462","46.64511181764356",2012,4755,750,3,"34"
281,"2521500","1166500","6.413266382187462","46.64511181764356",2013,4755,750,3,"33"
281,"2521500","1166500","6.413266382187462","46.64511181764356",2014,4755,750,3,"34"
281,"2521500","1166500","6.413266382187462","46.64511181764356",2015,4755,750,3,"31"
281,"2521500","1166500","6.413266382187462","46.64511181764356",2016,4755,750,3,"32"
281,"2521500","1166500","6.413266382187462","46.64511181764356",2017,4755,750,3,"37"
281,"2521500","1166500","6.413266382187462","46.64511181764356",2018,4755,750,3,"35"
281,"2521500","1166500","6.413266382187462","46.64511181764356",2019,4755,750,3,"40"
281,"2521500","1166500","6.413266382187462","46.64511181764356",2020,4755,750,3,"32"
281,"2521500","1166500","6.413266382187462","46.64511181764356",2021,4755,750,3,"34"
281,"2521500","1166500","6.413266382187462","46.64511181764356",2022,4755,750,3,"32"
281,"2521500","1166500","6.413266382187462","46.64511181764356",2023,4755,750,3,"34"
281,"2521500","1166500","6.413266382187462","46.64511181764356",2024,4755,750,3,"37"
281,"2521500","1166500","6.413266382187462","46.64511181764356",2025,4755,750,3,"29"
282,"2731500","1126500","9.14476245910389","46.27705632108231",1999,4492,1350,3,"26"
282,"2731500","1126500","9.14476245910389","46.27705632108231",2000,4492,1350,3,"24"
282,"2731500","1126500","9.14476245910389","46.27705632108231",2001,4492,1350,3,"23"
282,"2731500","1126500","9.14476245910389","46.27705632108231",2002,4492,1350,3,"26"
282,"2731500","1126500","9.14476245910389","46.27705632108231",2003,4492,1350,3,"25"
282,"2731500","1126500","9.14476245910389","46.27705632108231",2004,4492,1350,3,"24"
282,"2731500","1126500","9.14476245910389","46.27705632108231",2005,4492,1350,3,"29"
282,"2731500","1126500","9.14476245910389","46.27705632108231",2006,4492,1350,3,"28"
282,"2731500","1126500","9.14476245910389","46.27705632108231",2007,4492,1350,3,"27"
282,"2731500","1126500","9.14476245910389","46.27705632108231",2008,4492,1350,3,"32"
282,"2731500","1126500","9.14476245910389","46.27705632108231",2009,4492,1350,3,"27"
282,"2731500","1126500","9.14476245910389","46.27705632108231",2010,4492,1350,3,"28"
282,"2731500","1126500","9.14476245910389","46.27705632108231",2011,4492,1350,3,"27"
282,"2731500","1126500","9.14476245910389","46.27705632108231",2012,4492,1350,3,"24"
282,"2731500","1126500","9.14476245910389","46.27705632108231",2013,4492,1350,3,"31"
282,"2731500","1126500","9.14476245910389","46.27705632108231",2014,4492,1350,3,"32"
282,"2731500","1126500","9.14476245910389","46.27705632108231",2015,4492,1350,3,"26"
282,"2731500","1126500","9.14476245910389","46.27705632108231",2016,4492,1350,3,"28"
282,"2731500","1126500","9.14476245910389","46.27705632108231",2017,4492,1350,3,"27"
282,"2731500","1126500","9.14476245910389","46.27705632108231",2018,4492,1350,3,"29"
282,"2731500","1126500","9.14476245910389","46.27705632108231",2019,4492,1350,3,"34"
282,"2731500","1126500","9.14476245910389","46.27705632108231",2020,4492,1350,3,"30"
282,"2731500","1126500","9.14476245910389","46.27705632108231",2021,4492,1350,3,"34"
282,"2731500","1126500","9.14476245910389","46.27705632108231",2022,4492,1350,3,"42"
282,"2731500","1126500","9.14476245910389","46.27705632108231",2023,4492,1350,3,"37"
282,"2731500","1126500","9.14476245910389","46.27705632108231",2024,4492,1350,3,"32"
283,"2527500","1174500","6.490365717560158","46.71775005926029",1999,5132,650,3,"27"
283,"2527500","1174500","6.490365717560158","46.71775005926029",2000,5132,650,3,"31"
283,"2527500","1174500","6.490365717560158","46.71775005926029",2001,5132,650,3,"44"
283,"2527500","1174500","6.490365717560158","46.71775005926029",2002,5132,650,3,"38"
283,"2527500","1174500","6.490365717560158","46.71775005926029",2003,5132,650,3,"44"
283,"2527500","1174500","6.490365717560158","46.71775005926029",2004,5132,650,3,"42"
283,"2527500","1174500","6.490365717560158","46.71775005926029",2005,5132,650,3,"45"
283,"2527500","1174500","6.490365717560158","46.71775005926029",2006,5132,650,3,"41"
283,"2527500","1174500","6.490365717560158","46.71775005926029",2007,5132,650,3,"41"
283,"2527500","1174500","6.490365717560158","46.71775005926029",2008,5132,650,3,"41"
283,"2527500","1174500","6.490365717560158","46.71775005926029",2009,5132,650,3,"40"
283,"2527500","1174500","6.490365717560158","46.71775005926029",2010,5132,650,3,"31"
283,"2527500","1174500","6.490365717560158","46.71775005926029",2011,5132,650,3,"31"
283,"2527500","1174500","6.490365717560158","46.71775005926029",2012,5132,650,3,"33"
283,"2527500","1174500","6.490365717560158","46.71775005926029",2013,5132,650,3,"37"
283,"2527500","1174500","6.490365717560158","46.71775005926029",2014,5132,650,3,"35"
283,"2527500","1174500","6.490365717560158","46.71775005926029",2015,5132,650,3,"36"
283,"2527500","1174500","6.490365717560158","46.71775005926029",2016,5132,650,3,"44"
283,"2527500","1174500","6.490365717560158","46.71775005926029",2017,5132,650,3,"35"
283,"2527500","1174500","6.490365717560158","46.71775005926029",2018,5132,650,3,"41"
283,"2527500","1174500","6.490365717560158","46.71775005926029",2019,5132,650,3,"37"
283,"2527500","1174500","6.490365717560158","46.71775005926029",2020,5132,650,3,"44"
283,"2527500","1174500","6.490365717560158","46.71775005926029",2021,5132,650,3,"48"
283,"2527500","1174500","6.490365717560158","46.71775005926029",2022,5132,650,3,"43"
283,"2527500","1174500","6.490365717560158","46.71775005926029",2023,5132,650,3,"41"
283,"2527500","1174500","6.490365717560158","46.71775005926029",2024,5132,650,3,"44"
283,"2527500","1174500","6.490365717560158","46.71775005926029",2025,5132,650,3,"41"
284,"2533500","1166500","6.569997066789859","46.64641692628086",1999,6318,550,3,"30"
284,"2533500","1166500","6.569997066789859","46.64641692628086",2000,6318,550,3,"36"
284,"2533500","1166500","6.569997066789859","46.64641692628086",2001,6318,550,3,"31"
284,"2533500","1166500","6.569997066789859","46.64641692628086",2002,6318,550,3,"30"
284,"2533500","1166500","6.569997066789859","46.64641692628086",2004,6318,550,3,"33"
284,"2533500","1166500","6.569997066789859","46.64641692628086",2005,6318,550,3,"35"
284,"2533500","1166500","6.569997066789859","46.64641692628086",2006,6318,550,3,"43"
284,"2533500","1166500","6.569997066789859","46.64641692628086",2007,6318,550,3,"40"
284,"2533500","1166500","6.569997066789859","46.64641692628086",2008,6318,550,3,"37"
284,"2533500","1166500","6.569997066789859","46.64641692628086",2009,6318,550,3,"36"
284,"2533500","1166500","6.569997066789859","46.64641692628086",2010,6318,550,3,"39"
284,"2533500","1166500","6.569997066789859","46.64641692628086",2011,6318,550,3,"37"
284,"2533500","1166500","6.569997066789859","46.64641692628086",2012,6318,550,3,"41"
284,"2533500","1166500","6.569997066789859","46.64641692628086",2013,6318,550,3,"39"
284,"2533500","1166500","6.569997066789859","46.64641692628086",2014,6318,550,3,"42"
284,"2533500","1166500","6.569997066789859","46.64641692628086",2015,6318,550,3,"42"
284,"2533500","1166500","6.569997066789859","46.64641692628086",2016,6318,550,3,"40"
284,"2533500","1166500","6.569997066789859","46.64641692628086",2017,6318,550,3,"42"
284,"2533500","1166500","6.569997066789859","46.64641692628086",2018,6318,550,3,"40"
284,"2533500","1166500","6.569997066789859","46.64641692628086",2019,6318,550,3,"45"
284,"2533500","1166500","6.569997066789859","46.64641692628086",2020,6318,550,3,"44"
284,"2533500","1166500","6.569997066789859","46.64641692628086",2021,6318,550,3,"41"
284,"2533500","1166500","6.569997066789859","46.64641692628086",2022,6318,550,3,"41"
284,"2533500","1166500","6.569997066789859","46.64641692628086",2023,6318,550,3,"42"
284,"2533500","1166500","6.569997066789859","46.64641692628086",2024,6318,550,3,"46"
284,"2533500","1166500","6.569997066789859","46.64641692628086",2025,6318,550,3,"42"
285,"2533500","1182500","6.567672966201545","46.79033545710238",1999,4825,550,3,"35"
285,"2533500","1182500","6.567672966201545","46.79033545710238",2000,4825,550,3,"33"
285,"2533500","1182500","6.567672966201545","46.79033545710238",2001,4825,550,3,"36"
285,"2533500","1182500","6.567672966201545","46.79033545710238",2002,4825,550,3,"36"
285,"2533500","1182500","6.567672966201545","46.79033545710238",2003,4825,550,3,"37"
285,"2533500","1182500","6.567672966201545","46.79033545710238",2004,4825,550,3,"41"
285,"2533500","1182500","6.567672966201545","46.79033545710238",2005,4825,550,3,"39"
285,"2533500","1182500","6.567672966201545","46.79033545710238",2006,4825,550,3,"44"
285,"2533500","1182500","6.567672966201545","46.79033545710238",2007,4825,550,3,"38"
285,"2533500","1182500","6.567672966201545","46.79033545710238",2008,4825,550,3,"37"
285,"2533500","1182500","6.567672966201545","46.79033545710238",2009,4825,550,3,"30"
285,"2533500","1182500","6.567672966201545","46.79033545710238",2010,4825,550,3,"34"
285,"2533500","1182500","6.567672966201545","46.79033545710238",2011,4825,550,3,"33"
285,"2533500","1182500","6.567672966201545","46.79033545710238",2012,4825,550,3,"27"
285,"2533500","1182500","6.567672966201545","46.79033545710238",2013,4825,550,3,"40"
285,"2533500","1182500","6.567672966201545","46.79033545710238",2014,4825,550,3,"35"
285,"2533500","1182500","6.567672966201545","46.79033545710238",2015,4825,550,3,"35"
285,"2533500","1182500","6.567672966201545","46.79033545710238",2016,4825,550,3,"39"
285,"2533500","1182500","6.567672966201545","46.79033545710238",2017,4825,550,3,"30"
285,"2533500","1182500","6.567672966201545","46.79033545710238",2018,4825,550,3,"41"
285,"2533500","1182500","6.567672966201545","46.79033545710238",2019,4825,550,3,"43"
285,"2533500","1182500","6.567672966201545","46.79033545710238",2020,4825,550,3,"42"
285,"2533500","1182500","6.567672966201545","46.79033545710238",2021,4825,550,3,"40"
285,"2533500","1182500","6.567672966201545","46.79033545710238",2022,4825,550,3,"35"
285,"2533500","1182500","6.567672966201545","46.79033545710238",2023,4825,550,3,"42"
285,"2533500","1182500","6.567672966201545","46.79033545710238",2024,4825,550,3,"39"
285,"2533500","1182500","6.567672966201545","46.79033545710238",2025,4825,550,3,"43"
286,"2533500","1198500","6.565336421206356","46.934251303248764",1999,3870,1150,3,"41"
286,"2533500","1198500","6.565336421206356","46.934251303248764",2000,3870,1150,3,"39"
286,"2533500","1198500","6.565336421206356","46.934251303248764",2001,3870,1150,3,"42"
286,"2533500","1198500","6.565336421206356","46.934251303248764",2002,3870,1150,3,"35"
286,"2533500","1198500","6.565336421206356","46.934251303248764",2003,3870,1150,3,"38"
286,"2533500","1198500","6.565336421206356","46.934251303248764",2004,3870,1150,3,"30"
286,"2533500","1198500","6.565336421206356","46.934251303248764",2005,3870,1150,3,"44"
286,"2533500","1198500","6.565336421206356","46.934251303248764",2006,3870,1150,3,"39"
286,"2533500","1198500","6.565336421206356","46.934251303248764",2007,3870,1150,3,"44"
286,"2533500","1198500","6.565336421206356","46.934251303248764",2008,3870,1150,3,"41"
286,"2533500","1198500","6.565336421206356","46.934251303248764",2009,3870,1150,3,"41"
286,"2533500","1198500","6.565336421206356","46.934251303248764",2010,3870,1150,3,"40"
286,"2533500","1198500","6.565336421206356","46.934251303248764",2011,3870,1150,3,"45"
286,"2533500","1198500","6.565336421206356","46.934251303248764",2012,3870,1150,3,"44"
286,"2533500","1198500","6.565336421206356","46.934251303248764",2013,3870,1150,3,"45"
286,"2533500","1198500","6.565336421206356","46.934251303248764",2014,3870,1150,3,"40"
286,"2533500","1198500","6.565336421206356","46.934251303248764",2015,3870,1150,3,"40"
286,"2533500","1198500","6.565336421206356","46.934251303248764",2016,3870,1150,3,"36"
286,"2533500","1198500","6.565336421206356","46.934251303248764",2017,3870,1150,3,"38"
286,"2533500","1198500","6.565336421206356","46.934251303248764",2018,3870,1150,3,"46"
286,"2533500","1198500","6.565336421206356","46.934251303248764",2019,3870,1150,3,"45"
286,"2533500","1198500","6.565336421206356","46.934251303248764",2020,3870,1150,3,"44"
286,"2533500","1198500","6.565336421206356","46.934251303248764",2021,3870,1150,3,"47"
286,"2533500","1198500","6.565336421206356","46.934251303248764",2022,3870,1150,3,"41"
286,"2533500","1198500","6.565336421206356","46.934251303248764",2023,3870,1150,3,"42"
286,"2533500","1198500","6.565336421206356","46.934251303248764",2024,3870,1150,3,"40"
286,"2533500","1198500","6.565336421206356","46.934251303248764",2025,3870,1150,3,"42"
287,"2539500","1158500","6.649418216909281","46.575027823282724",1999,7384,750,3,"45"
287,"2539500","1158500","6.649418216909281","46.575027823282724",2000,7384,750,3,"46"
287,"2539500","1158500","6.649418216909281","46.575027823282724",2001,7384,750,3,"51"
287,"2539500","1158500","6.649418216909281","46.575027823282724",2002,7384,750,3,"48"
287,"2539500","1158500","6.649418216909281","46.575027823282724",2003,7384,750,3,"47"
287,"2539500","1158500","6.649418216909281","46.575027823282724",2004,7384,750,3,"44"
287,"2539500","1158500","6.649418216909281","46.575027823282724",2005,7384,750,3,"41"
287,"2539500","1158500","6.649418216909281","46.575027823282724",2006,7384,750,3,"46"
287,"2539500","1158500","6.649418216909281","46.575027823282724",2007,7384,750,3,"47"
287,"2539500","1158500","6.649418216909281","46.575027823282724",2008,7384,750,3,"46"
287,"2539500","1158500","6.649418216909281","46.575027823282724",2009,7384,750,3,"43"
287,"2539500","1158500","6.649418216909281","46.575027823282724",2010,7384,750,3,"40"
287,"2539500","1158500","6.649418216909281","46.575027823282724",2011,7384,750,3,"44"
287,"2539500","1158500","6.649418216909281","46.575027823282724",2012,7384,750,3,"44"
287,"2539500","1158500","6.649418216909281","46.575027823282724",2013,7384,750,3,"46"
287,"2539500","1158500","6.649418216909281","46.575027823282724",2014,7384,750,3,"42"
287,"2539500","1158500","6.649418216909281","46.575027823282724",2015,7384,750,3,"48"
287,"2539500","1158500","6.649418216909281","46.575027823282724",2016,7384,750,3,"42"
287,"2539500","1158500","6.649418216909281","46.575027823282724",2017,7384,750,3,"45"
287,"2539500","1158500","6.649418216909281","46.575027823282724",2018,7384,750,3,"39"
287,"2539500","1158500","6.649418216909281","46.575027823282724",2019,7384,750,3,"38"
287,"2539500","1158500","6.649418216909281","46.575027823282724",2020,7384,750,3,"38"
287,"2539500","1158500","6.649418216909281","46.575027823282724",2021,7384,750,3,"38"
287,"2539500","1158500","6.649418216909281","46.575027823282724",2022,7384,750,3,"37"
287,"2539500","1158500","6.649418216909281","46.575027823282724",2023,7384,750,3,"38"
287,"2539500","1158500","6.649418216909281","46.575027823282724",2024,7384,750,3,"35"
287,"2539500","1158500","6.649418216909281","46.575027823282724",2025,7384,750,3,"37"
288,"2539500","1190500","6.645188819415469","46.86286768793322",1999,3195,1250,3,"26"
288,"2539500","1190500","6.645188819415469","46.86286768793322",2000,3195,1250,3,"23"
288,"2539500","1190500","6.645188819415469","46.86286768793322",2001,3195,1250,3,"27"
288,"2539500","1190500","6.645188819415469","46.86286768793322",2002,3195,1250,3,"29"
288,"2539500","1190500","6.645188819415469","46.86286768793322",2003,3195,1250,3,"28"
288,"2539500","1190500","6.645188819415469","46.86286768793322",2004,3195,1250,3,"25"
288,"2539500","1190500","6.645188819415469","46.86286768793322",2005,3195,1250,3,"27"
288,"2539500","1190500","6.645188819415469","46.86286768793322",2006,3195,1250,3,"24"
288,"2539500","1190500","6.645188819415469","46.86286768793322",2007,3195,1250,3,"24"
288,"2539500","1190500","6.645188819415469","46.86286768793322",2008,3195,1250,3,"27"
288,"2539500","1190500","6.645188819415469","46.86286768793322",2009,3195,1250,3,"27"
288,"2539500","1190500","6.645188819415469","46.86286768793322",2010,3195,1250,3,"23"
288,"2539500","1190500","6.645188819415469","46.86286768793322",2011,3195,1250,3,"28"
288,"2539500","1190500","6.645188819415469","46.86286768793322",2012,3195,1250,3,"26"
288,"2539500","1190500","6.645188819415469","46.86286768793322",2013,3195,1250,3,"26"
288,"2539500","1190500","6.645188819415469","46.86286768793322",2014,3195,1250,3,"24"
288,"2539500","1190500","6.645188819415469","46.86286768793322",2015,3195,1250,3,"32"
288,"2539500","1190500","6.645188819415469","46.86286768793322",2016,3195,1250,3,"31"
288,"2539500","1190500","6.645188819415469","46.86286768793322",2017,3195,1250,3,"30"
288,"2539500","1190500","6.645188819415469","46.86286768793322",2018,3195,1250,3,"29"
288,"2539500","1190500","6.645188819415469","46.86286768793322",2019,3195,1250,3,"23"
288,"2539500","1190500","6.645188819415469","46.86286768793322",2020,3195,1250,3,"19"
288,"2539500","1190500","6.645188819415469","46.86286768793322",2021,3195,1250,3,"32"
288,"2539500","1190500","6.645188819415469","46.86286768793322",2022,3195,1250,3,"28"
288,"2539500","1190500","6.645188819415469","46.86286768793322",2023,3195,1250,3,"29"
288,"2539500","1190500","6.645188819415469","46.86286768793322",2024,3195,1250,3,"32"
288,"2539500","1190500","6.645188819415469","46.86286768793322",2025,3195,1250,3,"28"
289,"2545500","1150500","6.7286298336545425","46.50358308044204",1999,7315,750,3,"48"
289,"2545500","1150500","6.7286298336545425","46.50358308044204",2000,7315,750,3,"45"
289,"2545500","1150500","6.7286298336545425","46.50358308044204",2002,7315,750,3,"44"
289,"2545500","1150500","6.7286298336545425","46.50358308044204",2003,7315,750,3,"43"
289,"2545500","1150500","6.7286298336545425","46.50358308044204",2004,7315,750,3,"43"
289,"2545500","1150500","6.7286298336545425","46.50358308044204",2005,7315,750,3,"43"
289,"2545500","1150500","6.7286298336545425","46.50358308044204",2006,7315,750,3,"45"
289,"2545500","1150500","6.7286298336545425","46.50358308044204",2007,7315,750,3,"46"
289,"2545500","1150500","6.7286298336545425","46.50358308044204",2008,7315,750,3,"48"
289,"2545500","1150500","6.7286298336545425","46.50358308044204",2009,7315,750,3,"39"
289,"2545500","1150500","6.7286298336545425","46.50358308044204",2010,7315,750,3,"44"
289,"2545500","1150500","6.7286298336545425","46.50358308044204",2011,7315,750,3,"45"
289,"2545500","1150500","6.7286298336545425","46.50358308044204",2012,7315,750,3,"44"
289,"2545500","1150500","6.7286298336545425","46.50358308044204",2013,7315,750,3,"45"
289,"2545500","1150500","6.7286298336545425","46.50358308044204",2014,7315,750,3,"43"
289,"2545500","1150500","6.7286298336545425","46.50358308044204",2015,7315,750,3,"38"
289,"2545500","1150500","6.7286298336545425","46.50358308044204",2016,7315,750,3,"37"
289,"2545500","1150500","6.7286298336545425","46.50358308044204",2017,7315,750,3,"40"
289,"2545500","1150500","6.7286298336545425","46.50358308044204",2018,7315,750,3,"37"
289,"2545500","1150500","6.7286298336545425","46.50358308044204",2019,7315,750,3,"45"
289,"2545500","1150500","6.7286298336545425","46.50358308044204",2020,7315,750,3,"38"
289,"2545500","1150500","6.7286298336545425","46.50358308044204",2021,7315,750,3,"43"
289,"2545500","1150500","6.7286298336545425","46.50358308044204",2022,7315,750,3,"37"
289,"2545500","1150500","6.7286298336545425","46.50358308044204",2023,7315,750,3,"38"
289,"2545500","1150500","6.7286298336545425","46.50358308044204",2024,7315,750,3,"49"
289,"2545500","1150500","6.7286298336545425","46.50358308044204",2025,7315,750,3,"42"
290,"2545500","1182500","6.7248294308356575","46.79142767956119",1999,5491,450,3,"40"
290,"2545500","1182500","6.7248294308356575","46.79142767956119",2001,5491,450,3,"32"
290,"2545500","1182500","6.7248294308356575","46.79142767956119",2002,5491,450,3,"32"
290,"2545500","1182500","6.7248294308356575","46.79142767956119",2003,5491,450,3,"43"
290,"2545500","1182500","6.7248294308356575","46.79142767956119",2004,5491,450,3,"40"
290,"2545500","1182500","6.7248294308356575","46.79142767956119",2005,5491,450,3,"40"
290,"2545500","1182500","6.7248294308356575","46.79142767956119",2006,5491,450,3,"42"
290,"2545500","1182500","6.7248294308356575","46.79142767956119",2007,5491,450,3,"42"
290,"2545500","1182500","6.7248294308356575","46.79142767956119",2008,5491,450,3,"46"
290,"2545500","1182500","6.7248294308356575","46.79142767956119",2009,5491,450,3,"43"
290,"2545500","1182500","6.7248294308356575","46.79142767956119",2010,5491,450,3,"45"
290,"2545500","1182500","6.7248294308356575","46.79142767956119",2011,5491,450,3,"43"
290,"2545500","1182500","6.7248294308356575","46.79142767956119",2012,5491,450,3,"44"
290,"2545500","1182500","6.7248294308356575","46.79142767956119",2013,5491,450,3,"47"
290,"2545500","1182500","6.7248294308356575","46.79142767956119",2014,5491,450,3,"46"
290,"2545500","1182500","6.7248294308356575","46.79142767956119",2015,5491,450,3,"47"
290,"2545500","1182500","6.7248294308356575","46.79142767956119",2016,5491,450,3,"46"
290,"2545500","1182500","6.7248294308356575","46.79142767956119",2017,5491,450,3,"47"
290,"2545500","1182500","6.7248294308356575","46.79142767956119",2018,5491,450,3,"46"
290,"2545500","1182500","6.7248294308356575","46.79142767956119",2019,5491,450,3,"45"
290,"2545500","1182500","6.7248294308356575","46.79142767956119",2020,5491,450,3,"49"
290,"2545500","1182500","6.7248294308356575","46.79142767956119",2021,5491,450,3,"48"
290,"2545500","1182500","6.7248294308356575","46.79142767956119",2022,5491,450,3,"44"
290,"2545500","1182500","6.7248294308356575","46.79142767956119",2023,5491,450,3,"49"
290,"2545500","1182500","6.7248294308356575","46.79142767956119",2024,5491,450,3,"45"
290,"2545500","1182500","6.7248294308356575","46.79142767956119",2025,5491,450,3,"49"
291,"2545500","1214500","6.720988213370411","47.07926160195168",1999,5916,1050,3,"34"
291,"2545500","1214500","6.720988213370411","47.07926160195168",2000,5916,1050,3,"28"
291,"2545500","1214500","6.720988213370411","47.07926160195168",2001,5916,1050,3,"34"
291,"2545500","1214500","6.720988213370411","47.07926160195168",2002,5916,1050,3,"29"
291,"2545500","1214500","6.720988213370411","47.07926160195168",2003,5916,1050,3,"30"
291,"2545500","1214500","6.720988213370411","47.07926160195168",2004,5916,1050,3,"31"
291,"2545500","1214500","6.720988213370411","47.07926160195168",2005,5916,1050,3,"30"
291,"2545500","1214500","6.720988213370411","47.07926160195168",2006,5916,1050,3,"28"
291,"2545500","1214500","6.720988213370411","47.07926160195168",2007,5916,1050,3,"31"
291,"2545500","1214500","6.720988213370411","47.07926160195168",2008,5916,1050,3,"32"
291,"2545500","1214500","6.720988213370411","47.07926160195168",2009,5916,1050,3,"32"
291,"2545500","1214500","6.720988213370411","47.07926160195168",2010,5916,1050,3,"30"
291,"2545500","1214500","6.720988213370411","47.07926160195168",2011,5916,1050,3,"31"
291,"2545500","1214500","6.720988213370411","47.07926160195168",2012,5916,1050,3,"35"
291,"2545500","1214500","6.720988213370411","47.07926160195168",2013,5916,1050,3,"40"
291,"2545500","1214500","6.720988213370411","47.07926160195168",2014,5916,1050,3,"37"
291,"2545500","1214500","6.720988213370411","47.07926160195168",2015,5916,1050,3,"34"
291,"2545500","1214500","6.720988213370411","47.07926160195168",2016,5916,1050,3,"31"
291,"2545500","1214500","6.720988213370411","47.07926160195168",2017,5916,1050,3,"39"
291,"2545500","1214500","6.720988213370411","47.07926160195168",2018,5916,1050,3,"35"
291,"2545500","1214500","6.720988213370411","47.07926160195168",2019,5916,1050,3,"39"
291,"2545500","1214500","6.720988213370411","47.07926160195168",2020,5916,1050,3,"41"
291,"2545500","1214500","6.720988213370411","47.07926160195168",2021,5916,1050,3,"42"
291,"2545500","1214500","6.720988213370411","47.07926160195168",2022,5916,1050,3,"41"
291,"2545500","1214500","6.720988213370411","47.07926160195168",2023,5916,1050,3,"42"
291,"2545500","1214500","6.720988213370411","47.07926160195168",2024,5916,1050,3,"45"
291,"2545500","1214500","6.720988213370411","47.07926160195168",2025,5916,1050,3,"42"
292,"2551500","1174500","6.804258931376061","46.71993160969782",2000,6460,750,3,"35"
292,"2551500","1174500","6.804258931376061","46.71993160969782",2001,6460,750,3,"41"
292,"2551500","1174500","6.804258931376061","46.71993160969782",2002,6460,750,3,"37"
292,"2551500","1174500","6.804258931376061","46.71993160969782",2003,6460,750,3,"40"
292,"2551500","1174500","6.804258931376061","46.71993160969782",2004,6460,750,3,"36"
292,"2551500","1174500","6.804258931376061","46.71993160969782",2005,6460,750,3,"41"
292,"2551500","1174500","6.804258931376061","46.71993160969782",2006,6460,750,3,"41"
292,"2551500","1174500","6.804258931376061","46.71993160969782",2007,6460,750,3,"43"
292,"2551500","1174500","6.804258931376061","46.71993160969782",2008,6460,750,3,"43"
292,"2551500","1174500","6.804258931376061","46.71993160969782",2009,6460,750,3,"38"
292,"2551500","1174500","6.804258931376061","46.71993160969782",2010,6460,750,3,"39"
292,"2551500","1174500","6.804258931376061","46.71993160969782",2011,6460,750,3,"42"
292,"2551500","1174500","6.804258931376061","46.71993160969782",2012,6460,750,3,"45"
292,"2551500","1174500","6.804258931376061","46.71993160969782",2013,6460,750,3,"43"
292,"2551500","1174500","6.804258931376061","46.71993160969782",2014,6460,750,3,"42"
292,"2551500","1174500","6.804258931376061","46.71993160969782",2015,6460,750,3,"37"
292,"2551500","1174500","6.804258931376061","46.71993160969782",2016,6460,750,3,"41"
292,"2551500","1174500","6.804258931376061","46.71993160969782",2017,6460,750,3,"37"
292,"2551500","1174500","6.804258931376061","46.71993160969782",2018,6460,750,3,"39"
292,"2551500","1174500","6.804258931376061","46.71993160969782",2019,6460,750,3,"45"
292,"2551500","1174500","6.804258931376061","46.71993160969782",2020,6460,750,3,"42"
292,"2551500","1174500","6.804258931376061","46.71993160969782",2021,6460,750,3,"44"
292,"2551500","1174500","6.804258931376061","46.71993160969782",2022,6460,750,3,"41"
292,"2551500","1174500","6.804258931376061","46.71993160969782",2023,6460,750,3,"42"
292,"2551500","1174500","6.804258931376061","46.71993160969782",2024,6460,750,3,"42"
292,"2551500","1174500","6.804258931376061","46.71993160969782",2025,6460,750,3,"38"
293,"2551500","1206500","6.800849116911112","47.007771350977805",1999,6329,1250,3,"45"
293,"2551500","1206500","6.800849116911112","47.007771350977805",2000,6329,1250,3,"43"
293,"2551500","1206500","6.800849116911112","47.007771350977805",2001,6329,1250,3,"48"
293,"2551500","1206500","6.800849116911112","47.007771350977805",2002,6329,1250,3,"42"
293,"2551500","1206500","6.800849116911112","47.007771350977805",2003,6329,1250,3,"44"
293,"2551500","1206500","6.800849116911112","47.007771350977805",2004,6329,1250,3,"40"
293,"2551500","1206500","6.800849116911112","47.007771350977805",2005,6329,1250,3,"46"
293,"2551500","1206500","6.800849116911112","47.007771350977805",2006,6329,1250,3,"36"
293,"2551500","1206500","6.800849116911112","47.007771350977805",2007,6329,1250,3,"36"
293,"2551500","1206500","6.800849116911112","47.007771350977805",2008,6329,1250,3,"40"
293,"2551500","1206500","6.800849116911112","47.007771350977805",2009,6329,1250,3,"45"
293,"2551500","1206500","6.800849116911112","47.007771350977805",2010,6329,1250,3,"45"
293,"2551500","1206500","6.800849116911112","47.007771350977805",2011,6329,1250,3,"45"
293,"2551500","1206500","6.800849116911112","47.007771350977805",2012,6329,1250,3,"40"
293,"2551500","1206500","6.800849116911112","47.007771350977805",2013,6329,1250,3,"38"
293,"2551500","1206500","6.800849116911112","47.007771350977805",2014,6329,1250,3,"46"
293,"2551500","1206500","6.800849116911112","47.007771350977805",2015,6329,1250,3,"43"
293,"2551500","1206500","6.800849116911112","47.007771350977805",2016,6329,1250,3,"44"
293,"2551500","1206500","6.800849116911112","47.007771350977805",2017,6329,1250,3,"43"
293,"2551500","1206500","6.800849116911112","47.007771350977805",2018,6329,1250,3,"43"
293,"2551500","1206500","6.800849116911112","47.007771350977805",2019,6329,1250,3,"40"
293,"2551500","1206500","6.800849116911112","47.007771350977805",2020,6329,1250,3,"50"
293,"2551500","1206500","6.800849116911112","47.007771350977805",2021,6329,1250,3,"47"
293,"2551500","1206500","6.800849116911112","47.007771350977805",2022,6329,1250,3,"38"
293,"2551500","1206500","6.800849116911112","47.007771350977805",2023,6329,1250,3,"42"
293,"2551500","1206500","6.800849116911112","47.007771350977805",2024,6329,1250,3,"47"
293,"2551500","1206500","6.800849116911112","47.007771350977805",2025,6329,1250,3,"45"
294,"2557500","1118500","6.8878900272824435","46.2166017158209",1999,5735,1250,3,"33"
294,"2557500","1118500","6.8878900272824435","46.2166017158209",2000,5735,1250,3,"36"
294,"2557500","1118500","6.8878900272824435","46.2166017158209",2001,5735,1250,3,"35"
294,"2557500","1118500","6.8878900272824435","46.2166017158209",2002,5735,1250,3,"26"
294,"2557500","1118500","6.8878900272824435","46.2166017158209",2003,5735,1250,3,"29"
294,"2557500","1118500","6.8878900272824435","46.2166017158209",2004,5735,1250,3,"28"
294,"2557500","1118500","6.8878900272824435","46.2166017158209",2005,5735,1250,3,"28"
294,"2557500","1118500","6.8878900272824435","46.2166017158209",2006,5735,1250,3,"39"
294,"2557500","1118500","6.8878900272824435","46.2166017158209",2007,5735,1250,3,"41"
294,"2557500","1118500","6.8878900272824435","46.2166017158209",2008,5735,1250,3,"42"
294,"2557500","1118500","6.8878900272824435","46.2166017158209",2009,5735,1250,3,"39"
294,"2557500","1118500","6.8878900272824435","46.2166017158209",2010,5735,1250,3,"44"
294,"2557500","1118500","6.8878900272824435","46.2166017158209",2011,5735,1250,3,"42"
294,"2557500","1118500","6.8878900272824435","46.2166017158209",2012,5735,1250,3,"36"
294,"2557500","1118500","6.8878900272824435","46.2166017158209",2013,5735,1250,3,"43"
294,"2557500","1118500","6.8878900272824435","46.2166017158209",2014,5735,1250,3,"38"
294,"2557500","1118500","6.8878900272824435","46.2166017158209",2015,5735,1250,3,"41"
294,"2557500","1118500","6.8878900272824435","46.2166017158209",2016,5735,1250,3,"39"
294,"2557500","1118500","6.8878900272824435","46.2166017158209",2017,5735,1250,3,"40"
294,"2557500","1118500","6.8878900272824435","46.2166017158209",2018,5735,1250,3,"32"
294,"2557500","1118500","6.8878900272824435","46.2166017158209",2019,5735,1250,3,"36"
294,"2557500","1118500","6.8878900272824435","46.2166017158209",2020,5735,1250,3,"37"
294,"2557500","1118500","6.8878900272824435","46.2166017158209",2021,5735,1250,3,"34"
294,"2557500","1118500","6.8878900272824435","46.2166017158209",2022,5735,1250,3,"40"
294,"2557500","1118500","6.8878900272824435","46.2166017158209",2023,5735,1250,3,"46"
294,"2557500","1118500","6.8878900272824435","46.2166017158209",2024,5735,1250,3,"46"
294,"2557500","1118500","6.8878900272824435","46.2166017158209",2025,5735,1250,3,"42"
295,"2557500","1134500","6.886427119699658","46.360527991364805",1999,7154,350,3,"46"
295,"2557500","1134500","6.886427119699658","46.360527991364805",2000,7154,350,3,"47"
295,"2557500","1134500","6.886427119699658","46.360527991364805",2001,7154,350,3,"44"
295,"2557500","1134500","6.886427119699658","46.360527991364805",2002,7154,350,3,"42"
295,"2557500","1134500","6.886427119699658","46.360527991364805",2003,7154,350,3,"45"
295,"2557500","1134500","6.886427119699658","46.360527991364805",2004,7154,350,3,"48"
295,"2557500","1134500","6.886427119699658","46.360527991364805",2005,7154,350,3,"49"
295,"2557500","1134500","6.886427119699658","46.360527991364805",2006,7154,350,3,"45"
295,"2557500","1134500","6.886427119699658","46.360527991364805",2007,7154,350,3,"45"
295,"2557500","1134500","6.886427119699658","46.360527991364805",2008,7154,350,3,"48"
295,"2557500","1134500","6.886427119699658","46.360527991364805",2009,7154,350,3,"46"
295,"2557500","1134500","6.886427119699658","46.360527991364805",2010,7154,350,3,"47"
295,"2557500","1134500","6.886427119699658","46.360527991364805",2011,7154,350,3,"43"
295,"2557500","1134500","6.886427119699658","46.360527991364805",2012,7154,350,3,"45"
295,"2557500","1134500","6.886427119699658","46.360527991364805",2013,7154,350,3,"46"
295,"2557500","1134500","6.886427119699658","46.360527991364805",2014,7154,350,3,"44"
295,"2557500","1134500","6.886427119699658","46.360527991364805",2015,7154,350,3,"42"
295,"2557500","1134500","6.886427119699658","46.360527991364805",2016,7154,350,3,"49"
295,"2557500","1134500","6.886427119699658","46.360527991364805",2017,7154,350,3,"40"
295,"2557500","1134500","6.886427119699658","46.360527991364805",2018,7154,350,3,"48"
295,"2557500","1134500","6.886427119699658","46.360527991364805",2019,7154,350,3,"50"
295,"2557500","1134500","6.886427119699658","46.360527991364805",2020,7154,350,3,"51"
295,"2557500","1134500","6.886427119699658","46.360527991364805",2021,7154,350,3,"44"
295,"2557500","1134500","6.886427119699658","46.360527991364805",2022,7154,350,3,"51"
295,"2557500","1134500","6.886427119699658","46.360527991364805",2023,7154,350,3,"45"
295,"2557500","1134500","6.886427119699658","46.360527991364805",2024,7154,350,3,"50"
295,"2557500","1134500","6.886427119699658","46.360527991364805",2025,7154,350,3,"44"
296,"2557500","1150500","6.884956465873876","46.504454324011505",1999,4785,750,3,"41"
296,"2557500","1150500","6.884956465873876","46.504454324011505",2000,4785,750,3,"41"
296,"2557500","1150500","6.884956465873876","46.504454324011505",2001,4785,750,3,"39"
296,"2557500","1150500","6.884956465873876","46.504454324011505",2002,4785,750,3,"37"
296,"2557500","1150500","6.884956465873876","46.504454324011505",2003,4785,750,3,"37"
296,"2557500","1150500","6.884956465873876","46.504454324011505",2004,4785,750,3,"36"
296,"2557500","1150500","6.884956465873876","46.504454324011505",2005,4785,750,3,"38"
296,"2557500","1150500","6.884956465873876","46.504454324011505",2006,4785,750,3,"45"
296,"2557500","1150500","6.884956465873876","46.504454324011505",2007,4785,750,3,"45"
296,"2557500","1150500","6.884956465873876","46.504454324011505",2008,4785,750,3,"43"
296,"2557500","1150500","6.884956465873876","46.504454324011505",2009,4785,750,3,"40"
296,"2557500","1150500","6.884956465873876","46.504454324011505",2010,4785,750,3,"44"
296,"2557500","1150500","6.884956465873876","46.504454324011505",2011,4785,750,3,"35"
296,"2557500","1150500","6.884956465873876","46.504454324011505",2012,4785,750,3,"43"
296,"2557500","1150500","6.884956465873876","46.504454324011505",2013,4785,750,3,"40"
296,"2557500","1150500","6.884956465873876","46.504454324011505",2014,4785,750,3,"39"
296,"2557500","1150500","6.884956465873876","46.504454324011505",2015,4785,750,3,"35"
296,"2557500","1150500","6.884956465873876","46.504454324011505",2016,4785,750,3,"44"
296,"2557500","1150500","6.884956465873876","46.504454324011505",2017,4785,750,3,"42"
296,"2557500","1150500","6.884956465873876","46.504454324011505",2018,4785,750,3,"38"
296,"2557500","1150500","6.884956465873876","46.504454324011505",2019,4785,750,3,"44"
296,"2557500","1150500","6.884956465873876","46.504454324011505",2020,4785,750,3,"37"
296,"2557500","1150500","6.884956465873876","46.504454324011505",2021,4785,750,3,"38"
296,"2557500","1150500","6.884956465873876","46.504454324011505",2022,4785,750,3,"36"
296,"2557500","1150500","6.884956465873876","46.504454324011505",2023,4785,750,3,"38"
296,"2557500","1150500","6.884956465873876","46.504454324011505",2024,4785,750,3,"39"
296,"2557500","1150500","6.884956465873876","46.504454324011505",2025,4785,750,3,"37"
297,"2557500","1166500","6.883477994840005","46.6483798089823",1999,4684,750,3,"40"
297,"2557500","1166500","6.883477994840005","46.6483798089823",2000,4684,750,3,"37"
297,"2557500","1166500","6.883477994840005","46.6483798089823",2001,4684,750,3,"35"
297,"2557500","1166500","6.883477994840005","46.6483798089823",2002,4684,750,3,"38"
297,"2557500","1166500","6.883477994840005","46.6483798089823",2003,4684,750,3,"37"
297,"2557500","1166500","6.883477994840005","46.6483798089823",2005,4684,750,3,"38"
297,"2557500","1166500","6.883477994840005","46.6483798089823",2006,4684,750,3,"35"
297,"2557500","1166500","6.883477994840005","46.6483798089823",2007,4684,750,3,"44"
297,"2557500","1166500","6.883477994840005","46.6483798089823",2008,4684,750,3,"42"
297,"2557500","1166500","6.883477994840005","46.6483798089823",2009,4684,750,3,"35"
297,"2557500","1166500","6.883477994840005","46.6483798089823",2010,4684,750,3,"34"
297,"2557500","1166500","6.883477994840005","46.6483798089823",2011,4684,750,3,"39"
297,"2557500","1166500","6.883477994840005","46.6483798089823",2012,4684,750,3,"37"
297,"2557500","1166500","6.883477994840005","46.6483798089823",2013,4684,750,3,"36"
297,"2557500","1166500","6.883477994840005","46.6483798089823",2014,4684,750,3,"38"
297,"2557500","1166500","6.883477994840005","46.6483798089823",2015,4684,750,3,"35"
297,"2557500","1166500","6.883477994840005","46.6483798089823",2016,4684,750,3,"38"
297,"2557500","1166500","6.883477994840005","46.6483798089823",2017,4684,750,3,"30"
297,"2557500","1166500","6.883477994840005","46.6483798089823",2018,4684,750,3,"32"
297,"2557500","1166500","6.883477994840005","46.6483798089823",2019,4684,750,3,"41"
297,"2557500","1166500","6.883477994840005","46.6483798089823",2020,4684,750,3,"39"
297,"2557500","1166500","6.883477994840005","46.6483798089823",2021,4684,750,3,"33"
297,"2557500","1166500","6.883477994840005","46.6483798089823",2022,4684,750,3,"34"
297,"2557500","1166500","6.883477994840005","46.6483798089823",2023,4684,750,3,"37"
297,"2557500","1166500","6.883477994840005","46.6483798089823",2024,4684,750,3,"35"
297,"2557500","1166500","6.883477994840005","46.6483798089823",2025,4684,750,3,"36"
298,"2557500","1182500","6.881991634777731","46.79230354162167",1999,7179,550,3,"44"
298,"2557500","1182500","6.881991634777731","46.79230354162167",2000,7179,550,3,"47"
298,"2557500","1182500","6.881991634777731","46.79230354162167",2001,7179,550,3,"53"
298,"2557500","1182500","6.881991634777731","46.79230354162167",2002,7179,550,3,"47"
298,"2557500","1182500","6.881991634777731","46.79230354162167",2003,7179,550,3,"52"
298,"2557500","1182500","6.881991634777731","46.79230354162167",2004,7179,550,3,"51"
298,"2557500","1182500","6.881991634777731","46.79230354162167",2005,7179,550,3,"52"
298,"2557500","1182500","6.881991634777731","46.79230354162167",2006,7179,550,3,"50"
298,"2557500","1182500","6.881991634777731","46.79230354162167",2007,7179,550,3,"49"
298,"2557500","1182500","6.881991634777731","46.79230354162167",2008,7179,550,3,"48"
298,"2557500","1182500","6.881991634777731","46.79230354162167",2009,7179,550,3,"48"
298,"2557500","1182500","6.881991634777731","46.79230354162167",2010,7179,550,3,"48"
298,"2557500","1182500","6.881991634777731","46.79230354162167",2011,7179,550,3,"52"
298,"2557500","1182500","6.881991634777731","46.79230354162167",2012,7179,550,3,"42"
298,"2557500","1182500","6.881991634777731","46.79230354162167",2013,7179,550,3,"42"
298,"2557500","1182500","6.881991634777731","46.79230354162167",2014,7179,550,3,"46"
298,"2557500","1182500","6.881991634777731","46.79230354162167",2015,7179,550,3,"38"
298,"2557500","1182500","6.881991634777731","46.79230354162167",2016,7179,550,3,"45"
298,"2557500","1182500","6.881991634777731","46.79230354162167",2017,7179,550,3,"38"
298,"2557500","1182500","6.881991634777731","46.79230354162167",2018,7179,550,3,"41"
298,"2557500","1182500","6.881991634777731","46.79230354162167",2019,7179,550,3,"41"
298,"2557500","1182500","6.881991634777731","46.79230354162167",2020,7179,550,3,"43"
298,"2557500","1182500","6.881991634777731","46.79230354162167",2021,7179,550,3,"45"
298,"2557500","1182500","6.881991634777731","46.79230354162167",2022,7179,550,3,"42"
298,"2557500","1182500","6.881991634777731","46.79230354162167",2023,7179,550,3,"40"
298,"2557500","1182500","6.881991634777731","46.79230354162167",2024,7179,550,3,"39"
298,"2557500","1182500","6.881991634777731","46.79230354162167",2025,7179,550,3,"39"
299,"2563500","1126500","6.96501411019263","46.28891830091753",1999,5326,350,3,"34"
299,"2563500","1126500","6.96501411019263","46.28891830091753",2000,5326,350,3,"32"
299,"2563500","1126500","6.96501411019263","46.28891830091753",2001,5326,350,3,"37"
299,"2563500","1126500","6.96501411019263","46.28891830091753",2002,5326,350,3,"39"
299,"2563500","1126500","6.96501411019263","46.28891830091753",2003,5326,350,3,"39"
299,"2563500","1126500","6.96501411019263","46.28891830091753",2004,5326,350,3,"40"
299,"2563500","1126500","6.96501411019263","46.28891830091753",2005,5326,350,3,"37"
299,"2563500","1126500","6.96501411019263","46.28891830091753",2006,5326,350,3,"33"
299,"2563500","1126500","6.96501411019263","46.28891830091753",2007,5326,350,3,"33"
299,"2563500","1126500","6.96501411019263","46.28891830091753",2008,5326,350,3,"37"
299,"2563500","1126500","6.96501411019263","46.28891830091753",2009,5326,350,3,"34"
299,"2563500","1126500","6.96501411019263","46.28891830091753",2010,5326,350,3,"33"
299,"2563500","1126500","6.96501411019263","46.28891830091753",2011,5326,350,3,"33"
299,"2563500","1126500","6.96501411019263","46.28891830091753",2012,5326,350,3,"40"
299,"2563500","1126500","6.96501411019263","46.28891830091753",2013,5326,350,3,"36"
299,"2563500","1126500","6.96501411019263","46.28891830091753",2014,5326,350,3,"39"
299,"2563500","1126500","6.96501411019263","46.28891830091753",2015,5326,350,3,"38"
299,"2563500","1126500","6.96501411019263","46.28891830091753",2016,5326,350,3,"34"
299,"2563500","1126500","6.96501411019263","46.28891830091753",2017,5326,350,3,"36"
299,"2563500","1126500","6.96501411019263","46.28891830091753",2018,5326,350,3,"36"
299,"2563500","1126500","6.96501411019263","46.28891830091753",2019,5326,350,3,"44"
299,"2563500","1126500","6.96501411019263","46.28891830091753",2020,5326,350,3,"42"
299,"2563500","1126500","6.96501411019263","46.28891830091753",2021,5326,350,3,"47"
299,"2563500","1126500","6.96501411019263","46.28891830091753",2022,5326,350,3,"47"
299,"2563500","1126500","6.96501411019263","46.28891830091753",2023,5326,350,3,"44"
299,"2563500","1126500","6.96501411019263","46.28891830091753",2024,5326,350,3,"38"
299,"2563500","1126500","6.96501411019263","46.28891830091753",2025,5326,350,3,"43"
300,"2563500","1142500","6.963754044532293","46.432845649207614",1999,4670,1350,3,"29"
300,"2563500","1142500","6.963754044532293","46.432845649207614",2000,4670,1350,3,"33"
300,"2563500","1142500","6.963754044532293","46.432845649207614",2001,4670,1350,3,"30"
300,"2563500","1142500","6.963754044532293","46.432845649207614",2002,4670,1350,3,"33"
300,"2563500","1142500","6.963754044532293","46.432845649207614",2003,4670,1350,3,"39"
300,"2563500","1142500","6.963754044532293","46.432845649207614",2004,4670,1350,3,"34"
300,"2563500","1142500","6.963754044532293","46.432845649207614",2005,4670,1350,3,"33"
300,"2563500","1142500","6.963754044532293","46.432845649207614",2006,4670,1350,3,"33"
300,"2563500","1142500","6.963754044532293","46.432845649207614",2007,4670,1350,3,"32"
300,"2563500","1142500","6.963754044532293","46.432845649207614",2008,4670,1350,3,"32"
300,"2563500","1142500","6.963754044532293","46.432845649207614",2009,4670,1350,3,"32"
300,"2563500","1142500","6.963754044532293","46.432845649207614",2010,4670,1350,3,"35"
300,"2563500","1142500","6.963754044532293","46.432845649207614",2011,4670,1350,3,"36"
300,"2563500","1142500","6.963754044532293","46.432845649207614",2012,4670,1350,3,"39"
300,"2563500","1142500","6.963754044532293","46.432845649207614",2013,4670,1350,3,"31"
300,"2563500","1142500","6.963754044532293","46.432845649207614",2014,4670,1350,3,"34"
300,"2563500","1142500","6.963754044532293","46.432845649207614",2015,4670,1350,3,"32"
300,"2563500","1142500","6.963754044532293","46.432845649207614",2016,4670,1350,3,"36"
300,"2563500","1142500","6.963754044532293","46.432845649207614",2017,4670,1350,3,"38"
300,"2563500","1142500","6.963754044532293","46.432845649207614",2018,4670,1350,3,"35"
300,"2563500","1142500","6.963754044532293","46.432845649207614",2019,4670,1350,3,"36"
300,"2563500","1142500","6.963754044532293","46.432845649207614",2020,4670,1350,3,"40"
300,"2563500","1142500","6.963754044532293","46.432845649207614",2021,4670,1350,3,"40"
300,"2563500","1142500","6.963754044532293","46.432845649207614",2022,4670,1350,3,"37"
300,"2563500","1142500","6.963754044532293","46.432845649207614",2023,4670,1350,3,"35"
300,"2563500","1142500","6.963754044532293","46.432845649207614",2024,4670,1350,3,"38"
300,"2563500","1142500","6.963754044532293","46.432845649207614",2025,4670,1350,3,"37"
301,"2563500","1206500","6.958646305275792","47.008542092672286",1999,5849,550,3,"39"
301,"2563500","1206500","6.958646305275792","47.008542092672286",2000,5849,550,3,"43"
301,"2563500","1206500","6.958646305275792","47.008542092672286",2001,5849,550,3,"35"
301,"2563500","1206500","6.958646305275792","47.008542092672286",2002,5849,550,3,"38"
301,"2563500","1206500","6.958646305275792","47.008542092672286",2003,5849,550,3,"32"
301,"2563500","1206500","6.958646305275792","47.008542092672286",2004,5849,550,3,"38"
301,"2563500","1206500","6.958646305275792","47.008542092672286",2005,5849,550,3,"41"
301,"2563500","1206500","6.958646305275792","47.008542092672286",2006,5849,550,3,"37"
301,"2563500","1206500","6.958646305275792","47.008542092672286",2007,5849,550,3,"39"
301,"2563500","1206500","6.958646305275792","47.008542092672286",2008,5849,550,3,"39"
301,"2563500","1206500","6.958646305275792","47.008542092672286",2009,5849,550,3,"31"
301,"2563500","1206500","6.958646305275792","47.008542092672286",2010,5849,550,3,"45"
301,"2563500","1206500","6.958646305275792","47.008542092672286",2011,5849,550,3,"46"
301,"2563500","1206500","6.958646305275792","47.008542092672286",2012,5849,550,3,"48"
301,"2563500","1206500","6.958646305275792","47.008542092672286",2013,5849,550,3,"46"
301,"2563500","1206500","6.958646305275792","47.008542092672286",2014,5849,550,3,"46"
301,"2563500","1206500","6.958646305275792","47.008542092672286",2015,5849,550,3,"51"
301,"2563500","1206500","6.958646305275792","47.008542092672286",2016,5849,550,3,"37"
301,"2563500","1206500","6.958646305275792","47.008542092672286",2017,5849,550,3,"47"
301,"2563500","1206500","6.958646305275792","47.008542092672286",2018,5849,550,3,"50"
301,"2563500","1206500","6.958646305275792","47.008542092672286",2019,5849,550,3,"47"
301,"2563500","1206500","6.958646305275792","47.008542092672286",2020,5849,550,3,"50"
301,"2563500","1206500","6.958646305275792","47.008542092672286",2021,5849,550,3,"51"
301,"2563500","1206500","6.958646305275792","47.008542092672286",2022,5849,550,3,"47"
301,"2563500","1206500","6.958646305275792","47.008542092672286",2023,5849,550,3,"46"
301,"2563500","1206500","6.958646305275792","47.008542092672286",2024,5849,550,3,"49"
301,"2563500","1206500","6.958646305275792","47.008542092672286",2025,5849,550,3,"46"
302,"2563500","1222500","6.957352189008484","47.15245844390193",1999,4226,1150,3,"44"
302,"2563500","1222500","6.957352189008484","47.15245844390193",2000,4226,1150,3,"38"
302,"2563500","1222500","6.957352189008484","47.15245844390193",2001,4226,1150,3,"41"
302,"2563500","1222500","6.957352189008484","47.15245844390193",2002,4226,1150,3,"31"
302,"2563500","1222500","6.957352189008484","47.15245844390193",2003,4226,1150,3,"41"
302,"2563500","1222500","6.957352189008484","47.15245844390193",2004,4226,1150,3,"27"
302,"2563500","1222500","6.957352189008484","47.15245844390193",2005,4226,1150,3,"42"
302,"2563500","1222500","6.957352189008484","47.15245844390193",2006,4226,1150,3,"37"
302,"2563500","1222500","6.957352189008484","47.15245844390193",2007,4226,1150,3,"43"
302,"2563500","1222500","6.957352189008484","47.15245844390193",2008,4226,1150,3,"36"
302,"2563500","1222500","6.957352189008484","47.15245844390193",2009,4226,1150,3,"38"
302,"2563500","1222500","6.957352189008484","47.15245844390193",2010,4226,1150,3,"40"
302,"2563500","1222500","6.957352189008484","47.15245844390193",2011,4226,1150,3,"35"
302,"2563500","1222500","6.957352189008484","47.15245844390193",2012,4226,1150,3,"44"
302,"2563500","1222500","6.957352189008484","47.15245844390193",2013,4226,1150,3,"36"
302,"2563500","1222500","6.957352189008484","47.15245844390193",2014,4226,1150,3,"45"
302,"2563500","1222500","6.957352189008484","47.15245844390193",2015,4226,1150,3,"40"
302,"2563500","1222500","6.957352189008484","47.15245844390193",2016,4226,1150,3,"43"
302,"2563500","1222500","6.957352189008484","47.15245844390193",2017,4226,1150,3,"41"
302,"2563500","1222500","6.957352189008484","47.15245844390193",2018,4226,1150,3,"36"
302,"2563500","1222500","6.957352189008484","47.15245844390193",2019,4226,1150,3,"42"
302,"2563500","1222500","6.957352189008484","47.15245844390193",2020,4226,1150,3,"41"
302,"2563500","1222500","6.957352189008484","47.15245844390193",2021,4226,1150,3,"41"
302,"2563500","1222500","6.957352189008484","47.15245844390193",2022,4226,1150,3,"42"
302,"2563500","1222500","6.957352189008484","47.15245844390193",2023,4226,1150,3,"39"
302,"2563500","1222500","6.957352189008484","47.15245844390193",2024,4226,1150,3,"44"
302,"2563500","1222500","6.957352189008484","47.15245844390193",2025,4226,1150,3,"47"
303,"2569500","1118500","7.043394209690346","46.21725428221246",1999,5936,1450,3,"28"
303,"2569500","1118500","7.043394209690346","46.21725428221246",2000,5936,1450,3,"28"
303,"2569500","1118500","7.043394209690346","46.21725428221246",2001,5936,1450,3,"28"
303,"2569500","1118500","7.043394209690346","46.21725428221246",2002,5936,1450,3,"26"
303,"2569500","1118500","7.043394209690346","46.21725428221246",2003,5936,1450,3,"37"
303,"2569500","1118500","7.043394209690346","46.21725428221246",2004,5936,1450,3,"36"
303,"2569500","1118500","7.043394209690346","46.21725428221246",2005,5936,1450,3,"43"
303,"2569500","1118500","7.043394209690346","46.21725428221246",2006,5936,1450,3,"39"
303,"2569500","1118500","7.043394209690346","46.21725428221246",2007,5936,1450,3,"35"
303,"2569500","1118500","7.043394209690346","46.21725428221246",2008,5936,1450,3,"36"
303,"2569500","1118500","7.043394209690346","46.21725428221246",2009,5936,1450,3,"39"
303,"2569500","1118500","7.043394209690346","46.21725428221246",2010,5936,1450,3,"36"
303,"2569500","1118500","7.043394209690346","46.21725428221246",2011,5936,1450,3,"34"
303,"2569500","1118500","7.043394209690346","46.21725428221246",2012,5936,1450,3,"36"
303,"2569500","1118500","7.043394209690346","46.21725428221246",2013,5936,1450,3,"31"
303,"2569500","1118500","7.043394209690346","46.21725428221246",2014,5936,1450,3,"39"
303,"2569500","1118500","7.043394209690346","46.21725428221246",2015,5936,1450,3,"40"
303,"2569500","1118500","7.043394209690346","46.21725428221246",2016,5936,1450,3,"37"
303,"2569500","1118500","7.043394209690346","46.21725428221246",2017,5936,1450,3,"38"
303,"2569500","1118500","7.043394209690346","46.21725428221246",2018,5936,1450,3,"41"
303,"2569500","1118500","7.043394209690346","46.21725428221246",2019,5936,1450,3,"35"
303,"2569500","1118500","7.043394209690346","46.21725428221246",2020,5936,1450,3,"39"
303,"2569500","1118500","7.043394209690346","46.21725428221246",2021,5936,1450,3,"37"
303,"2569500","1118500","7.043394209690346","46.21725428221246",2022,5936,1450,3,"32"
303,"2569500","1118500","7.043394209690346","46.21725428221246",2023,5936,1450,3,"38"
303,"2569500","1118500","7.043394209690346","46.21725428221246",2024,5936,1450,3,"37"
303,"2569500","1118500","7.043394209690346","46.21725428221246",2025,5936,1450,3,"30"
304,"2569500","1166500","7.04022573982523","46.64903755288446",1999,4550,950,3,"35"
304,"2569500","1166500","7.04022573982523","46.64903755288446",2000,4550,950,3,"30"
304,"2569500","1166500","7.04022573982523","46.64903755288446",2001,4550,950,3,"40"
304,"2569500","1166500","7.04022573982523","46.64903755288446",2002,4550,950,3,"29"
304,"2569500","1166500","7.04022573982523","46.64903755288446",2003,4550,950,3,"32"
304,"2569500","1166500","7.04022573982523","46.64903755288446",2004,4550,950,3,"25"
304,"2569500","1166500","7.04022573982523","46.64903755288446",2005,4550,950,3,"35"
304,"2569500","1166500","7.04022573982523","46.64903755288446",2006,4550,950,3,"31"
304,"2569500","1166500","7.04022573982523","46.64903755288446",2007,4550,950,3,"37"
304,"2569500","1166500","7.04022573982523","46.64903755288446",2008,4550,950,3,"36"
304,"2569500","1166500","7.04022573982523","46.64903755288446",2009,4550,950,3,"33"
304,"2569500","1166500","7.04022573982523","46.64903755288446",2010,4550,950,3,"36"
304,"2569500","1166500","7.04022573982523","46.64903755288446",2011,4550,950,3,"36"
304,"2569500","1166500","7.04022573982523","46.64903755288446",2012,4550,950,3,"31"
304,"2569500","1166500","7.04022573982523","46.64903755288446",2013,4550,950,3,"39"
304,"2569500","1166500","7.04022573982523","46.64903755288446",2014,4550,950,3,"40"
304,"2569500","1166500","7.04022573982523","46.64903755288446",2015,4550,950,3,"36"
304,"2569500","1166500","7.04022573982523","46.64903755288446",2016,4550,950,3,"29"
304,"2569500","1166500","7.04022573982523","46.64903755288446",2017,4550,950,3,"26"
304,"2569500","1166500","7.04022573982523","46.64903755288446",2018,4550,950,3,"32"
304,"2569500","1166500","7.04022573982523","46.64903755288446",2019,4550,950,3,"32"
304,"2569500","1166500","7.04022573982523","46.64903755288446",2020,4550,950,3,"33"
304,"2569500","1166500","7.04022573982523","46.64903755288446",2021,4550,950,3,"30"
304,"2569500","1166500","7.04022573982523","46.64903755288446",2022,4550,950,3,"30"
304,"2569500","1166500","7.04022573982523","46.64903755288446",2023,4550,950,3,"29"
304,"2569500","1166500","7.04022573982523","46.64903755288446",2024,4550,950,3,"31"
304,"2569500","1166500","7.04022573982523","46.64903755288446",2025,4550,950,3,"32"
305,"2569500","1182500","7.039158317110425","46.79296302974248",1999,4826,650,3,"45"
305,"2569500","1182500","7.039158317110425","46.79296302974248",2000,4826,650,3,"43"
305,"2569500","1182500","7.039158317110425","46.79296302974248",2001,4826,650,3,"45"
305,"2569500","1182500","7.039158317110425","46.79296302974248",2002,4826,650,3,"38"
305,"2569500","1182500","7.039158317110425","46.79296302974248",2003,4826,650,3,"46"
305,"2569500","1182500","7.039158317110425","46.79296302974248",2004,4826,650,3,"50"
305,"2569500","1182500","7.039158317110425","46.79296302974248",2005,4826,650,3,"46"
305,"2569500","1182500","7.039158317110425","46.79296302974248",2006,4826,650,3,"43"
305,"2569500","1182500","7.039158317110425","46.79296302974248",2007,4826,650,3,"38"
305,"2569500","1182500","7.039158317110425","46.79296302974248",2008,4826,650,3,"39"
305,"2569500","1182500","7.039158317110425","46.79296302974248",2009,4826,650,3,"38"
305,"2569500","1182500","7.039158317110425","46.79296302974248",2010,4826,650,3,"42"
305,"2569500","1182500","7.039158317110425","46.79296302974248",2011,4826,650,3,"42"
305,"2569500","1182500","7.039158317110425","46.79296302974248",2012,4826,650,3,"44"
305,"2569500","1182500","7.039158317110425","46.79296302974248",2013,4826,650,3,"44"
305,"2569500","1182500","7.039158317110425","46.79296302974248",2015,4826,650,3,"40"
305,"2569500","1182500","7.039158317110425","46.79296302974248",2016,4826,650,3,"38"
305,"2569500","1182500","7.039158317110425","46.79296302974248",2017,4826,650,3,"35"
305,"2569500","1182500","7.039158317110425","46.79296302974248",2018,4826,650,3,"39"
305,"2569500","1182500","7.039158317110425","46.79296302974248",2019,4826,650,3,"31"
305,"2569500","1182500","7.039158317110425","46.79296302974248",2020,4826,650,3,"37"
305,"2569500","1182500","7.039158317110425","46.79296302974248",2021,4826,650,3,"41"
305,"2569500","1182500","7.039158317110425","46.79296302974248",2022,4826,650,3,"39"
305,"2569500","1182500","7.039158317110425","46.79296302974248",2023,4826,650,3,"38"
305,"2569500","1182500","7.039158317110425","46.79296302974248",2024,4826,650,3,"37"
305,"2569500","1182500","7.039158317110425","46.79296302974248",2025,4826,650,3,"39"
306,"2569500","1198500","7.038085174837058","46.93688585909843",1999,4920,550,3,"42"
306,"2569500","1198500","7.038085174837058","46.93688585909843",2000,4920,550,3,"40"
306,"2569500","1198500","7.038085174837058","46.93688585909843",2001,4920,550,3,"38"
306,"2569500","1198500","7.038085174837058","46.93688585909843",2002,4920,550,3,"31"
306,"2569500","1198500","7.038085174837058","46.93688585909843",2003,4920,550,3,"38"
306,"2569500","1198500","7.038085174837058","46.93688585909843",2004,4920,550,3,"37"
306,"2569500","1198500","7.038085174837058","46.93688585909843",2005,4920,550,3,"34"
306,"2569500","1198500","7.038085174837058","46.93688585909843",2006,4920,550,3,"40"
306,"2569500","1198500","7.038085174837058","46.93688585909843",2007,4920,550,3,"48"
306,"2569500","1198500","7.038085174837058","46.93688585909843",2008,4920,550,3,"46"
306,"2569500","1198500","7.038085174837058","46.93688585909843",2009,4920,550,3,"41"
306,"2569500","1198500","7.038085174837058","46.93688585909843",2010,4920,550,3,"48"
306,"2569500","1198500","7.038085174837058","46.93688585909843",2011,4920,550,3,"48"
306,"2569500","1198500","7.038085174837058","46.93688585909843",2012,4920,550,3,"45"
306,"2569500","1198500","7.038085174837058","46.93688585909843",2013,4920,550,3,"51"
306,"2569500","1198500","7.038085174837058","46.93688585909843",2014,4920,550,3,"44"
306,"2569500","1198500","7.038085174837058","46.93688585909843",2015,4920,550,3,"48"
306,"2569500","1198500","7.038085174837058","46.93688585909843",2016,4920,550,3,"44"
306,"2569500","1198500","7.038085174837058","46.93688585909843",2017,4920,550,3,"49"
306,"2569500","1198500","7.038085174837058","46.93688585909843",2018,4920,550,3,"50"
306,"2569500","1198500","7.038085174837058","46.93688585909843",2019,4920,550,3,"50"
306,"2569500","1198500","7.038085174837058","46.93688585909843",2020,4920,550,3,"47"
306,"2569500","1198500","7.038085174837058","46.93688585909843",2021,4920,550,3,"49"
306,"2569500","1198500","7.038085174837058","46.93688585909843",2022,4920,550,3,"48"
306,"2569500","1198500","7.038085174837058","46.93688585909843",2023,4920,550,3,"47"
306,"2569500","1198500","7.038085174837058","46.93688585909843",2024,4920,550,3,"48"
306,"2569500","1198500","7.038085174837058","46.93688585909843",2025,4920,550,3,"44"
307,"2569500","1246500","7.034830898932902","47.368629420859705",1999,6067,850,3,"41"
307,"2569500","1246500","7.034830898932902","47.368629420859705",2000,6067,850,3,"48"
307,"2569500","1246500","7.034830898932902","47.368629420859705",2001,6067,850,3,"47"
307,"2569500","1246500","7.034830898932902","47.368629420859705",2002,6067,850,3,"47"
307,"2569500","1246500","7.034830898932902","47.368629420859705",2003,6067,850,3,"44"
307,"2569500","1246500","7.034830898932902","47.368629420859705",2004,6067,850,3,"48"
307,"2569500","1246500","7.034830898932902","47.368629420859705",2005,6067,850,3,"44"
307,"2569500","1246500","7.034830898932902","47.368629420859705",2006,6067,850,3,"29"
307,"2569500","1246500","7.034830898932902","47.368629420859705",2007,6067,850,3,"40"
307,"2569500","1246500","7.034830898932902","47.368629420859705",2008,6067,850,3,"42"
307,"2569500","1246500","7.034830898932902","47.368629420859705",2009,6067,850,3,"41"
307,"2569500","1246500","7.034830898932902","47.368629420859705",2010,6067,850,3,"35"
307,"2569500","1246500","7.034830898932902","47.368629420859705",2011,6067,850,3,"38"
307,"2569500","1246500","7.034830898932902","47.368629420859705",2012,6067,850,3,"46"
307,"2569500","1246500","7.034830898932902","47.368629420859705",2013,6067,850,3,"47"
307,"2569500","1246500","7.034830898932902","47.368629420859705",2014,6067,850,3,"48"
307,"2569500","1246500","7.034830898932902","47.368629420859705",2015,6067,850,3,"45"
307,"2569500","1246500","7.034830898932902","47.368629420859705",2016,6067,850,3,"38"
307,"2569500","1246500","7.034830898932902","47.368629420859705",2017,6067,850,3,"47"
307,"2569500","1246500","7.034830898932902","47.368629420859705",2018,6067,850,3,"39"
307,"2569500","1246500","7.034830898932902","47.368629420859705",2019,6067,850,3,"44"
307,"2569500","1246500","7.034830898932902","47.368629420859705",2020,6067,850,3,"40"
307,"2569500","1246500","7.034830898932902","47.368629420859705",2021,6067,850,3,"41"
307,"2569500","1246500","7.034830898932902","47.368629420859705",2022,6067,850,3,"43"
307,"2569500","1246500","7.034830898932902","47.368629420859705",2023,6067,850,3,"44"
307,"2569500","1246500","7.034830898932902","47.368629420859705",2024,6067,850,3,"45"
307,"2569500","1246500","7.034830898932902","47.368629420859705",2025,6067,850,3,"44"
308,"2575500","1094500","7.122405835758299","46.001609421932116",1999,6277,1250,3,"33"
308,"2575500","1094500","7.122405835758299","46.001609421932116",2000,6277,1250,3,"41"
308,"2575500","1094500","7.122405835758299","46.001609421932116",2001,6277,1250,3,"35"
308,"2575500","1094500","7.122405835758299","46.001609421932116",2002,6277,1250,3,"43"
308,"2575500","1094500","7.122405835758299","46.001609421932116",2003,6277,1250,3,"39"
308,"2575500","1094500","7.122405835758299","46.001609421932116",2004,6277,1250,3,"42"
308,"2575500","1094500","7.122405835758299","46.001609421932116",2005,6277,1250,3,"41"
308,"2575500","1094500","7.122405835758299","46.001609421932116",2006,6277,1250,3,"40"
308,"2575500","1094500","7.122405835758299","46.001609421932116",2007,6277,1250,3,"38"
308,"2575500","1094500","7.122405835758299","46.001609421932116",2008,6277,1250,3,"41"
308,"2575500","1094500","7.122405835758299","46.001609421932116",2009,6277,1250,3,"41"
308,"2575500","1094500","7.122405835758299","46.001609421932116",2010,6277,1250,3,"42"
308,"2575500","1094500","7.122405835758299","46.001609421932116",2011,6277,1250,3,"38"
308,"2575500","1094500","7.122405835758299","46.001609421932116",2012,6277,1250,3,"40"
308,"2575500","1094500","7.122405835758299","46.001609421932116",2013,6277,1250,3,"41"
308,"2575500","1094500","7.122405835758299","46.001609421932116",2014,6277,1250,3,"34"
308,"2575500","1094500","7.122405835758299","46.001609421932116",2015,6277,1250,3,"41"
308,"2575500","1094500","7.122405835758299","46.001609421932116",2016,6277,1250,3,"43"
308,"2575500","1094500","7.122405835758299","46.001609421932116",2017,6277,1250,3,"43"
308,"2575500","1094500","7.122405835758299","46.001609421932116",2018,6277,1250,3,"35"
308,"2575500","1094500","7.122405835758299","46.001609421932116",2019,6277,1250,3,"38"
308,"2575500","1094500","7.122405835758299","46.001609421932116",2020,6277,1250,3,"42"
308,"2575500","1094500","7.122405835758299","46.001609421932116",2021,6277,1250,3,"47"
308,"2575500","1094500","7.122405835758299","46.001609421932116",2022,6277,1250,3,"49"
308,"2575500","1094500","7.122405835758299","46.001609421932116",2023,6277,1250,3,"44"
308,"2575500","1094500","7.122405835758299","46.001609421932116",2024,6277,1250,3,"40"
308,"2575500","1094500","7.122405835758299","46.001609421932116",2025,6277,1250,3,"44"
309,"2575500","1110500","7.121568073627783","46.1455362608817",1999,7332,450,3,"31"
309,"2575500","1110500","7.121568073627783","46.1455362608817",2000,7332,450,3,"31"
309,"2575500","1110500","7.121568073627783","46.1455362608817",2003,7332,450,3,"32"
309,"2575500","1110500","7.121568073627783","46.1455362608817",2004,7332,450,3,"29"
309,"2575500","1110500","7.121568073627783","46.1455362608817",2005,7332,450,3,"38"
309,"2575500","1110500","7.121568073627783","46.1455362608817",2006,7332,450,3,"38"
309,"2575500","1110500","7.121568073627783","46.1455362608817",2007,7332,450,3,"29"
309,"2575500","1110500","7.121568073627783","46.1455362608817",2008,7332,450,3,"40"
309,"2575500","1110500","7.121568073627783","46.1455362608817",2009,7332,450,3,"34"
309,"2575500","1110500","7.121568073627783","46.1455362608817",2010,7332,450,3,"39"
309,"2575500","1110500","7.121568073627783","46.1455362608817",2011,7332,450,3,"39"
309,"2575500","1110500","7.121568073627783","46.1455362608817",2012,7332,450,3,"29"
309,"2575500","1110500","7.121568073627783","46.1455362608817",2013,7332,450,3,"37"
309,"2575500","1110500","7.121568073627783","46.1455362608817",2014,7332,450,3,"41"
309,"2575500","1110500","7.121568073627783","46.1455362608817",2015,7332,450,3,"33"
309,"2575500","1110500","7.121568073627783","46.1455362608817",2016,7332,450,3,"35"
309,"2575500","1110500","7.121568073627783","46.1455362608817",2017,7332,450,3,"36"
309,"2575500","1110500","7.121568073627783","46.1455362608817",2018,7332,450,3,"33"
309,"2575500","1110500","7.121568073627783","46.1455362608817",2019,7332,450,3,"42"
309,"2575500","1110500","7.121568073627783","46.1455362608817",2020,7332,450,3,"33"
309,"2575500","1110500","7.121568073627783","46.1455362608817",2021,7332,450,3,"32"
309,"2575500","1110500","7.121568073627783","46.1455362608817",2022,7332,450,3,"34"
309,"2575500","1110500","7.121568073627783","46.1455362608817",2023,7332,450,3,"31"
309,"2575500","1110500","7.121568073627783","46.1455362608817",2024,7332,450,3,"34"
309,"2575500","1110500","7.121568073627783","46.1455362608817",2025,7332,450,3,"34"
310,"2575500","1142500","7.119879269138724","46.43339331429654",1999,4771,1250,3,"35"
310,"2575500","1142500","7.119879269138724","46.43339331429654",2000,4771,1250,3,"36"
310,"2575500","1142500","7.119879269138724","46.43339331429654",2001,4771,1250,3,"38"
310,"2575500","1142500","7.119879269138724","46.43339331429654",2002,4771,1250,3,"31"
310,"2575500","1142500","7.119879269138724","46.43339331429654",2003,4771,1250,3,"38"
310,"2575500","1142500","7.119879269138724","46.43339331429654",2004,4771,1250,3,"38"
310,"2575500","1142500","7.119879269138724","46.43339331429654",2005,4771,1250,3,"43"
310,"2575500","1142500","7.119879269138724","46.43339331429654",2006,4771,1250,3,"38"
310,"2575500","1142500","7.119879269138724","46.43339331429654",2007,4771,1250,3,"39"
310,"2575500","1142500","7.119879269138724","46.43339331429654",2008,4771,1250,3,"36"
310,"2575500","1142500","7.119879269138724","46.43339331429654",2009,4771,1250,3,"40"
310,"2575500","1142500","7.119879269138724","46.43339331429654",2010,4771,1250,3,"41"
310,"2575500","1142500","7.119879269138724","46.43339331429654",2011,4771,1250,3,"43"
310,"2575500","1142500","7.119879269138724","46.43339331429654",2012,4771,1250,3,"47"
310,"2575500","1142500","7.119879269138724","46.43339331429654",2013,4771,1250,3,"27"
310,"2575500","1142500","7.119879269138724","46.43339331429654",2014,4771,1250,3,"35"
310,"2575500","1142500","7.119879269138724","46.43339331429654",2015,4771,1250,3,"38"
310,"2575500","1142500","7.119879269138724","46.43339331429654",2016,4771,1250,3,"42"
310,"2575500","1142500","7.119879269138724","46.43339331429654",2017,4771,1250,3,"41"
310,"2575500","1142500","7.119879269138724","46.43339331429654",2018,4771,1250,3,"39"
310,"2575500","1142500","7.119879269138724","46.43339331429654",2019,4771,1250,3,"40"
310,"2575500","1142500","7.119879269138724","46.43339331429654",2020,4771,1250,3,"46"
310,"2575500","1142500","7.119879269138724","46.43339331429654",2021,4771,1250,3,"47"
310,"2575500","1142500","7.119879269138724","46.43339331429654",2022,4771,1250,3,"43"
310,"2575500","1142500","7.119879269138724","46.43339331429654",2023,4771,1250,3,"43"
310,"2575500","1142500","7.119879269138724","46.43339331429654",2024,4771,1250,3,"42"
310,"2575500","1142500","7.119879269138724","46.43339331429654",2025,4771,1250,3,"44"
311,"2677500","1126500","8.444253919321476","46.28545100070984",1999,5100,1950,3,"27"
311,"2677500","1126500","8.444253919321476","46.28545100070984",2000,5100,1950,3,"28"
311,"2677500","1126500","8.444253919321476","46.28545100070984",2001,5100,1950,3,"28"
311,"2677500","1126500","8.444253919321476","46.28545100070984",2002,5100,1950,3,"30"
311,"2677500","1126500","8.444253919321476","46.28545100070984",2003,5100,1950,3,"26"
311,"2677500","1126500","8.444253919321476","46.28545100070984",2004,5100,1950,3,"25"
311,"2677500","1126500","8.444253919321476","46.28545100070984",2005,5100,1950,3,"29"
311,"2677500","1126500","8.444253919321476","46.28545100070984",2006,5100,1950,3,"31"
311,"2677500","1126500","8.444253919321476","46.28545100070984",2007,5100,1950,3,"28"
311,"2677500","1126500","8.444253919321476","46.28545100070984",2008,5100,1950,3,"28"
311,"2677500","1126500","8.444253919321476","46.28545100070984",2009,5100,1950,3,"29"
311,"2677500","1126500","8.444253919321476","46.28545100070984",2010,5100,1950,3,"30"
311,"2677500","1126500","8.444253919321476","46.28545100070984",2011,5100,1950,3,"29"
311,"2677500","1126500","8.444253919321476","46.28545100070984",2012,5100,1950,3,"29"
311,"2677500","1126500","8.444253919321476","46.28545100070984",2013,5100,1950,3,"21"
311,"2677500","1126500","8.444253919321476","46.28545100070984",2014,5100,1950,3,"27"
311,"2677500","1126500","8.444253919321476","46.28545100070984",2015,5100,1950,3,"36"
311,"2677500","1126500","8.444253919321476","46.28545100070984",2016,5100,1950,3,"28"
311,"2677500","1126500","8.444253919321476","46.28545100070984",2017,5100,1950,3,"28"
311,"2677500","1126500","8.444253919321476","46.28545100070984",2018,5100,1950,3,"25"
311,"2677500","1126500","8.444253919321476","46.28545100070984",2019,5100,1950,3,"26"
311,"2677500","1126500","8.444253919321476","46.28545100070984",2020,5100,1950,3,"27"
311,"2677500","1126500","8.444253919321476","46.28545100070984",2021,5100,1950,3,"29"
311,"2677500","1126500","8.444253919321476","46.28545100070984",2022,5100,1950,3,"32"
311,"2677500","1126500","8.444253919321476","46.28545100070984",2023,5100,1950,3,"31"
311,"2677500","1126500","8.444253919321476","46.28545100070984",2024,5100,1950,3,"28"
311,"2677500","1126500","8.444253919321476","46.28545100070984",2025,5100,1950,3,"29"
312,"2677500","1182500","8.45365185852339","46.78916101546228",1999,3814,1550,2,"18"
312,"2677500","1182500","8.45365185852339","46.78916101546228",2000,3814,1550,2,"22"
312,"2677500","1182500","8.45365185852339","46.78916101546228",2001,3814,1550,2,"17"
312,"2677500","1182500","8.45365185852339","46.78916101546228",2002,3814,1550,2,"20"
312,"2677500","1182500","8.45365185852339","46.78916101546228",2003,3814,1550,2,"23"
312,"2677500","1182500","8.45365185852339","46.78916101546228",2004,3814,1550,2,"21"
312,"2677500","1182500","8.45365185852339","46.78916101546228",2005,3814,1550,2,"22"
312,"2677500","1182500","8.45365185852339","46.78916101546228",2006,3814,1550,2,"21"
312,"2677500","1182500","8.45365185852339","46.78916101546228",2007,3814,1550,2,"20"
312,"2677500","1182500","8.45365185852339","46.78916101546228",2008,3814,1550,2,"23"
312,"2677500","1182500","8.45365185852339","46.78916101546228",2009,3814,1550,2,"22"
312,"2677500","1182500","8.45365185852339","46.78916101546228",2010,3814,1550,2,"24"
312,"2677500","1182500","8.45365185852339","46.78916101546228",2011,3814,1550,2,"25"
312,"2677500","1182500","8.45365185852339","46.78916101546228",2012,3814,1550,2,"21"
312,"2677500","1182500","8.45365185852339","46.78916101546228",2013,3814,1550,2,"17"
312,"2677500","1182500","8.45365185852339","46.78916101546228",2014,3814,1550,2,"25"
312,"2677500","1182500","8.45365185852339","46.78916101546228",2015,3814,1550,2,"23"
312,"2677500","1182500","8.45365185852339","46.78916101546228",2016,3814,1550,2,"20"
312,"2677500","1182500","8.45365185852339","46.78916101546228",2017,3814,1550,2,"26"
312,"2677500","1182500","8.45365185852339","46.78916101546228",2018,3814,1550,2,"26"
312,"2677500","1182500","8.45365185852339","46.78916101546228",2019,3814,1550,2,"18"
312,"2677500","1182500","8.45365185852339","46.78916101546228",2020,3814,1550,2,"24"
312,"2677500","1182500","8.45365185852339","46.78916101546228",2021,3814,1550,2,"26"
312,"2677500","1182500","8.45365185852339","46.78916101546228",2022,3814,1550,2,"24"
312,"2677500","1182500","8.45365185852339","46.78916101546228",2023,3814,1550,2,"29"
312,"2677500","1182500","8.45365185852339","46.78916101546228",2024,3814,1550,2,"19"
312,"2677500","1182500","8.45365185852339","46.78916101546228",2025,3814,1550,2,"25"
313,"2677500","1214500","8.459101275527624","47.076982942008605",1999,6919,650,3,"43"
313,"2677500","1214500","8.459101275527624","47.076982942008605",2000,6919,650,3,"45"
313,"2677500","1214500","8.459101275527624","47.076982942008605",2001,6919,650,3,"44"
313,"2677500","1214500","8.459101275527624","47.076982942008605",2002,6919,650,3,"45"
313,"2677500","1214500","8.459101275527624","47.076982942008605",2003,6919,650,3,"48"
313,"2677500","1214500","8.459101275527624","47.076982942008605",2004,6919,650,3,"49"
313,"2677500","1214500","8.459101275527624","47.076982942008605",2005,6919,650,3,"48"
313,"2677500","1214500","8.459101275527624","47.076982942008605",2006,6919,650,3,"49"
313,"2677500","1214500","8.459101275527624","47.076982942008605",2007,6919,650,3,"46"
313,"2677500","1214500","8.459101275527624","47.076982942008605",2008,6919,650,3,"45"
313,"2677500","1214500","8.459101275527624","47.076982942008605",2009,6919,650,3,"46"
313,"2677500","1214500","8.459101275527624","47.076982942008605",2010,6919,650,3,"42"
313,"2677500","1214500","8.459101275527624","47.076982942008605",2011,6919,650,3,"43"
313,"2677500","1214500","8.459101275527624","47.076982942008605",2012,6919,650,3,"43"
313,"2677500","1214500","8.459101275527624","47.076982942008605",2013,6919,650,3,"50"
313,"2677500","1214500","8.459101275527624","47.076982942008605",2014,6919,650,3,"41"
313,"2677500","1214500","8.459101275527624","47.076982942008605",2015,6919,650,3,"44"
313,"2677500","1214500","8.459101275527624","47.076982942008605",2016,6919,650,3,"44"
313,"2677500","1214500","8.459101275527624","47.076982942008605",2017,6919,650,3,"43"
313,"2677500","1214500","8.459101275527624","47.076982942008605",2018,6919,650,3,"42"
313,"2677500","1214500","8.459101275527624","47.076982942008605",2019,6919,650,3,"44"
313,"2677500","1214500","8.459101275527624","47.076982942008605",2020,6919,650,3,"43"
313,"2677500","1214500","8.459101275527624","47.076982942008605",2021,6919,650,3,"44"
313,"2677500","1214500","8.459101275527624","47.076982942008605",2022,6919,650,3,"42"
313,"2677500","1214500","8.459101275527624","47.076982942008605",2023,6919,650,3,"46"
313,"2677500","1214500","8.459101275527624","47.076982942008605",2024,6919,650,3,"49"
313,"2677500","1214500","8.459101275527624","47.076982942008605",2025,6919,650,3,"44"
314,"2677500","1230500","8.461848008359798","47.220887591871936",1999,6461,450,3,"45"
314,"2677500","1230500","8.461848008359798","47.220887591871936",2000,6461,450,3,"43"
314,"2677500","1230500","8.461848008359798","47.220887591871936",2001,6461,450,3,"49"
314,"2677500","1230500","8.461848008359798","47.220887591871936",2002,6461,450,3,"48"
314,"2677500","1230500","8.461848008359798","47.220887591871936",2003,6461,450,3,"46"
314,"2677500","1230500","8.461848008359798","47.220887591871936",2004,6461,450,3,"45"
314,"2677500","1230500","8.461848008359798","47.220887591871936",2005,6461,450,3,"42"
314,"2677500","1230500","8.461848008359798","47.220887591871936",2006,6461,450,3,"43"
314,"2677500","1230500","8.461848008359798","47.220887591871936",2007,6461,450,3,"40"
314,"2677500","1230500","8.461848008359798","47.220887591871936",2008,6461,450,3,"43"
314,"2677500","1230500","8.461848008359798","47.220887591871936",2009,6461,450,3,"43"
314,"2677500","1230500","8.461848008359798","47.220887591871936",2010,6461,450,3,"43"
314,"2677500","1230500","8.461848008359798","47.220887591871936",2011,6461,450,3,"45"
314,"2677500","1230500","8.461848008359798","47.220887591871936",2012,6461,450,3,"40"
314,"2677500","1230500","8.461848008359798","47.220887591871936",2013,6461,450,3,"42"
314,"2677500","1230500","8.461848008359798","47.220887591871936",2014,6461,450,3,"43"
314,"2677500","1230500","8.461848008359798","47.220887591871936",2015,6461,450,3,"41"
314,"2677500","1230500","8.461848008359798","47.220887591871936",2016,6461,450,3,"43"
314,"2677500","1230500","8.461848008359798","47.220887591871936",2017,6461,450,3,"37"
314,"2677500","1230500","8.461848008359798","47.220887591871936",2018,6461,450,3,"37"
314,"2677500","1230500","8.461848008359798","47.220887591871936",2019,6461,450,3,"34"
314,"2677500","1230500","8.461848008359798","47.220887591871936",2020,6461,450,3,"44"
314,"2677500","1230500","8.461848008359798","47.220887591871936",2021,6461,450,3,"33"
314,"2677500","1230500","8.461848008359798","47.220887591871936",2022,6461,450,3,"44"
314,"2677500","1230500","8.461848008359798","47.220887591871936",2023,6461,450,3,"46"
314,"2677500","1230500","8.461848008359798","47.220887591871936",2024,6461,450,3,"51"
314,"2677500","1230500","8.461848008359798","47.220887591871936",2025,6461,450,3,"45"
315,"2677500","1262500","8.467386207085365","47.50867974329329",1999,6440,450,3,"26"
315,"2677500","1262500","8.467386207085365","47.50867974329329",2000,6440,450,3,"28"
315,"2677500","1262500","8.467386207085365","47.50867974329329",2001,6440,450,3,"32"
315,"2677500","1262500","8.467386207085365","47.50867974329329",2002,6440,450,3,"27"
315,"2677500","1262500","8.467386207085365","47.50867974329329",2003,6440,450,3,"29"
315,"2677500","1262500","8.467386207085365","47.50867974329329",2004,6440,450,3,"27"
315,"2677500","1262500","8.467386207085365","47.50867974329329",2005,6440,450,3,"28"
315,"2677500","1262500","8.467386207085365","47.50867974329329",2006,6440,450,3,"27"
315,"2677500","1262500","8.467386207085365","47.50867974329329",2007,6440,450,3,"27"
315,"2677500","1262500","8.467386207085365","47.50867974329329",2008,6440,450,3,"26"
315,"2677500","1262500","8.467386207085365","47.50867974329329",2009,6440,450,3,"27"
315,"2677500","1262500","8.467386207085365","47.50867974329329",2010,6440,450,3,"34"
315,"2677500","1262500","8.467386207085365","47.50867974329329",2011,6440,450,3,"29"
315,"2677500","1262500","8.467386207085365","47.50867974329329",2012,6440,450,3,"25"
315,"2677500","1262500","8.467386207085365","47.50867974329329",2013,6440,450,3,"29"
315,"2677500","1262500","8.467386207085365","47.50867974329329",2014,6440,450,3,"25"
315,"2677500","1262500","8.467386207085365","47.50867974329329",2015,6440,450,3,"29"
315,"2677500","1262500","8.467386207085365","47.50867974329329",2016,6440,450,3,"27"
315,"2677500","1262500","8.467386207085365","47.50867974329329",2017,6440,450,3,"25"
315,"2677500","1262500","8.467386207085365","47.50867974329329",2018,6440,450,3,"29"
315,"2677500","1262500","8.467386207085365","47.50867974329329",2019,6440,450,3,"25"
315,"2677500","1262500","8.467386207085365","47.50867974329329",2020,6440,450,3,"25"
315,"2677500","1262500","8.467386207085365","47.50867974329329",2021,6440,450,3,"28"
315,"2677500","1262500","8.467386207085365","47.50867974329329",2022,6440,450,3,"26"
315,"2677500","1262500","8.467386207085365","47.50867974329329",2023,6440,450,3,"32"
315,"2677500","1262500","8.467386207085365","47.50867974329329",2024,6440,450,3,"34"
315,"2677500","1262500","8.467386207085365","47.50867974329329",2025,6440,450,3,"32"
316,"2677500","1278500","8.470177951774632","47.65256543705382",1999,6289,450,3,"29"
316,"2677500","1278500","8.470177951774632","47.65256543705382",2000,6289,450,3,"29"
316,"2677500","1278500","8.470177951774632","47.65256543705382",2001,6289,450,3,"34"
316,"2677500","1278500","8.470177951774632","47.65256543705382",2002,6289,450,3,"41"
316,"2677500","1278500","8.470177951774632","47.65256543705382",2003,6289,450,3,"40"
316,"2677500","1278500","8.470177951774632","47.65256543705382",2004,6289,450,3,"40"
316,"2677500","1278500","8.470177951774632","47.65256543705382",2005,6289,450,3,"38"
316,"2677500","1278500","8.470177951774632","47.65256543705382",2006,6289,450,3,"38"
316,"2677500","1278500","8.470177951774632","47.65256543705382",2007,6289,450,3,"34"
316,"2677500","1278500","8.470177951774632","47.65256543705382",2008,6289,450,3,"29"
316,"2677500","1278500","8.470177951774632","47.65256543705382",2009,6289,450,3,"34"
316,"2677500","1278500","8.470177951774632","47.65256543705382",2010,6289,450,3,"40"
316,"2677500","1278500","8.470177951774632","47.65256543705382",2011,6289,450,3,"35"
316,"2677500","1278500","8.470177951774632","47.65256543705382",2012,6289,450,3,"37"
316,"2677500","1278500","8.470177951774632","47.65256543705382",2013,6289,450,3,"38"
316,"2677500","1278500","8.470177951774632","47.65256543705382",2014,6289,450,3,"32"
316,"2677500","1278500","8.470177951774632","47.65256543705382",2015,6289,450,3,"35"
316,"2677500","1278500","8.470177951774632","47.65256543705382",2016,6289,450,3,"42"
316,"2677500","1278500","8.470177951774632","47.65256543705382",2017,6289,450,3,"35"
316,"2677500","1278500","8.470177951774632","47.65256543705382",2018,6289,450,3,"37"
316,"2677500","1278500","8.470177951774632","47.65256543705382",2019,6289,450,3,"39"
316,"2677500","1278500","8.470177951774632","47.65256543705382",2020,6289,450,3,"39"
316,"2677500","1278500","8.470177951774632","47.65256543705382",2021,6289,450,3,"38"
316,"2677500","1278500","8.470177951774632","47.65256543705382",2022,6289,450,3,"35"
316,"2677500","1278500","8.470177951774632","47.65256543705382",2023,6289,450,3,"36"
316,"2677500","1278500","8.470177951774632","47.65256543705382",2024,6289,450,3,"37"
316,"2677500","1278500","8.470177951774632","47.65256543705382",2025,6289,450,3,"32"
317,"2678500","1196500","8.469154988139875","46.91496750004664",1999,3969,1850,2,"12"
317,"2678500","1196500","8.469154988139875","46.91496750004664",2000,3969,1850,2,"18"
317,"2678500","1196500","8.469154988139875","46.91496750004664",2001,3969,1850,2,"13"
317,"2678500","1196500","8.469154988139875","46.91496750004664",2002,3969,1850,2,"18"
317,"2678500","1196500","8.469154988139875","46.91496750004664",2003,3969,1850,2,"12"
317,"2678500","1196500","8.469154988139875","46.91496750004664",2004,3969,1850,2,"15"
317,"2678500","1196500","8.469154988139875","46.91496750004664",2005,3969,1850,2,"14"
317,"2678500","1196500","8.469154988139875","46.91496750004664",2006,3969,1850,2,"18"
317,"2678500","1196500","8.469154988139875","46.91496750004664",2007,3969,1850,2,"14"
317,"2678500","1196500","8.469154988139875","46.91496750004664",2008,3969,1850,2,"16"
317,"2678500","1196500","8.469154988139875","46.91496750004664",2009,3969,1850,2,"13"
317,"2678500","1196500","8.469154988139875","46.91496750004664",2010,3969,1850,2,"16"
317,"2678500","1196500","8.469154988139875","46.91496750004664",2011,3969,1850,2,"16"
317,"2678500","1196500","8.469154988139875","46.91496750004664",2012,3969,1850,2,"18"
317,"2678500","1196500","8.469154988139875","46.91496750004664",2013,3969,1850,2,"16"
317,"2678500","1196500","8.469154988139875","46.91496750004664",2014,3969,1850,2,"15"
317,"2678500","1196500","8.469154988139875","46.91496750004664",2015,3969,1850,2,"18"
317,"2678500","1196500","8.469154988139875","46.91496750004664",2016,3969,1850,2,"12"
317,"2678500","1196500","8.469154988139875","46.91496750004664",2017,3969,1850,2,"16"
317,"2678500","1196500","8.469154988139875","46.91496750004664",2018,3969,1850,2,"16"
317,"2678500","1196500","8.469154988139875","46.91496750004664",2019,3969,1850,2,"15"
317,"2678500","1196500","8.469154988139875","46.91496750004664",2020,3969,1850,2,"18"
317,"2678500","1196500","8.469154988139875","46.91496750004664",2021,3969,1850,2,"16"
317,"2678500","1196500","8.469154988139875","46.91496750004664",2022,3969,1850,2,"15"
317,"2678500","1196500","8.469154988139875","46.91496750004664",2023,3969,1850,2,"17"
317,"2678500","1196500","8.469154988139875","46.91496750004664",2024,3969,1850,2,"23"
317,"2678500","1196500","8.469154988139875","46.91496750004664",2025,3969,1850,2,"25"
318,"2680500","1126500","8.483176271098412","46.28509847781268",1999,7336,1450,3,"37"
318,"2680500","1126500","8.483176271098412","46.28509847781268",2000,7336,1450,3,"42"
318,"2680500","1126500","8.483176271098412","46.28509847781268",2001,7336,1450,3,"37"
318,"2680500","1126500","8.483176271098412","46.28509847781268",2002,7336,1450,3,"45"
318,"2680500","1126500","8.483176271098412","46.28509847781268",2003,7336,1450,3,"36"
318,"2680500","1126500","8.483176271098412","46.28509847781268",2004,7336,1450,3,"40"
318,"2680500","1126500","8.483176271098412","46.28509847781268",2005,7336,1450,3,"43"
318,"2680500","1126500","8.483176271098412","46.28509847781268",2006,7336,1450,3,"44"
318,"2680500","1126500","8.483176271098412","46.28509847781268",2007,7336,1450,3,"40"
318,"2680500","1126500","8.483176271098412","46.28509847781268",2008,7336,1450,3,"47"
318,"2680500","1126500","8.483176271098412","46.28509847781268",2009,7336,1450,3,"38"
318,"2680500","1126500","8.483176271098412","46.28509847781268",2010,7336,1450,3,"42"
318,"2680500","1126500","8.483176271098412","46.28509847781268",2011,7336,1450,3,"39"
318,"2680500","1126500","8.483176271098412","46.28509847781268",2012,7336,1450,3,"40"
318,"2680500","1126500","8.483176271098412","46.28509847781268",2013,7336,1450,3,"41"
318,"2680500","1126500","8.483176271098412","46.28509847781268",2014,7336,1450,3,"41"
318,"2680500","1126500","8.483176271098412","46.28509847781268",2015,7336,1450,3,"46"
318,"2680500","1126500","8.483176271098412","46.28509847781268",2016,7336,1450,3,"43"
318,"2680500","1126500","8.483176271098412","46.28509847781268",2017,7336,1450,3,"43"
318,"2680500","1126500","8.483176271098412","46.28509847781268",2018,7336,1450,3,"39"
318,"2680500","1126500","8.483176271098412","46.28509847781268",2019,7336,1450,3,"45"
318,"2680500","1126500","8.483176271098412","46.28509847781268",2020,7336,1450,3,"45"
318,"2680500","1126500","8.483176271098412","46.28509847781268",2021,7336,1450,3,"43"
318,"2680500","1126500","8.483176271098412","46.28509847781268",2022,7336,1450,3,"45"
318,"2680500","1126500","8.483176271098412","46.28509847781268",2023,7336,1450,3,"46"
318,"2680500","1126500","8.483176271098412","46.28509847781268",2024,7336,1450,3,"42"
318,"2680500","1126500","8.483176271098412","46.28509847781268",2025,7336,1450,3,"44"
319,"2680500","1138500","8.485252915537032","46.39303648531247",2000,5847,2250,2,"8"
319,"2680500","1138500","8.485252915537032","46.39303648531247",2001,5847,2250,2,"7"
319,"2680500","1138500","8.485252915537032","46.39303648531247",2002,5847,2250,2,"9"
319,"2680500","1138500","8.485252915537032","46.39303648531247",2003,5847,2250,2,"8"
319,"2680500","1138500","8.485252915537032","46.39303648531247",2004,5847,2250,2,"9"
319,"2680500","1138500","8.485252915537032","46.39303648531247",2005,5847,2250,2,"10"
319,"2680500","1138500","8.485252915537032","46.39303648531247",2006,5847,2250,2,"11"
319,"2680500","1138500","8.485252915537032","46.39303648531247",2007,5847,2250,2,"10"
319,"2680500","1138500","8.485252915537032","46.39303648531247",2008,5847,2250,2,"9"
319,"2680500","1138500","8.485252915537032","46.39303648531247",2009,5847,2250,2,"9"
319,"2680500","1138500","8.485252915537032","46.39303648531247",2010,5847,2250,2,"9"
319,"2680500","1138500","8.485252915537032","46.39303648531247",2011,5847,2250,2,"11"
319,"2680500","1138500","8.485252915537032","46.39303648531247",2012,5847,2250,2,"10"
319,"2680500","1138500","8.485252915537032","46.39303648531247",2013,5847,2250,2,"9"
319,"2680500","1138500","8.485252915537032","46.39303648531247",2014,5847,2250,2,"10"
319,"2680500","1138500","8.485252915537032","46.39303648531247",2015,5847,2250,2,"9"
319,"2680500","1138500","8.485252915537032","46.39303648531247",2016,5847,2250,2,"11"
319,"2680500","1138500","8.485252915537032","46.39303648531247",2017,5847,2250,2,"10"
319,"2680500","1138500","8.485252915537032","46.39303648531247",2018,5847,2250,2,"12"
319,"2680500","1138500","8.485252915537032","46.39303648531247",2019,5847,2250,2,"13"
319,"2680500","1138500","8.485252915537032","46.39303648531247",2020,5847,2250,2,"11"
319,"2680500","1138500","8.485252915537032","46.39303648531247",2021,5847,2250,2,"9"
319,"2680500","1138500","8.485252915537032","46.39303648531247",2022,5847,2250,2,"13"
319,"2680500","1138500","8.485252915537032","46.39303648531247",2023,5847,2250,2,"10"
319,"2680500","1138500","8.485252915537032","46.39303648531247",2024,5847,2250,2,"10"
319,"2680500","1138500","8.485252915537032","46.39303648531247",2025,5847,2250,2,"14"
320,"2683500","1150500","8.526414798500925","46.50060700798833",1999,5676,1850,3,"27"
320,"2683500","1150500","8.526414798500925","46.50060700798833",2000,5676,1850,3,"25"
320,"2683500","1150500","8.526414798500925","46.50060700798833",2001,5676,1850,3,"28"
320,"2683500","1150500","8.526414798500925","46.50060700798833",2002,5676,1850,3,"27"
320,"2683500","1150500","8.526414798500925","46.50060700798833",2003,5676,1850,3,"26"
320,"2683500","1150500","8.526414798500925","46.50060700798833",2004,5676,1850,3,"27"
320,"2683500","1150500","8.526414798500925","46.50060700798833",2005,5676,1850,3,"24"
320,"2683500","1150500","8.526414798500925","46.50060700798833",2006,5676,1850,3,"23"
320,"2683500","1150500","8.526414798500925","46.50060700798833",2007,5676,1850,3,"28"
320,"2683500","1150500","8.526414798500925","46.50060700798833",2008,5676,1850,3,"26"
320,"2683500","1150500","8.526414798500925","46.50060700798833",2009,5676,1850,3,"26"
320,"2683500","1150500","8.526414798500925","46.50060700798833",2010,5676,1850,3,"24"
320,"2683500","1150500","8.526414798500925","46.50060700798833",2011,5676,1850,3,"26"
320,"2683500","1150500","8.526414798500925","46.50060700798833",2012,5676,1850,3,"27"
320,"2683500","1150500","8.526414798500925","46.50060700798833",2013,5676,1850,3,"23"
320,"2683500","1150500","8.526414798500925","46.50060700798833",2014,5676,1850,3,"26"
320,"2683500","1150500","8.526414798500925","46.50060700798833",2015,5676,1850,3,"26"
320,"2683500","1150500","8.526414798500925","46.50060700798833",2016,5676,1850,3,"29"
320,"2683500","1150500","8.526414798500925","46.50060700798833",2017,5676,1850,3,"28"
320,"2683500","1150500","8.526414798500925","46.50060700798833",2018,5676,1850,3,"24"
320,"2683500","1150500","8.526414798500925","46.50060700798833",2019,5676,1850,3,"29"
320,"2683500","1150500","8.526414798500925","46.50060700798833",2020,5676,1850,3,"23"
320,"2683500","1150500","8.526414798500925","46.50060700798833",2021,5676,1850,3,"29"
320,"2683500","1150500","8.526414798500925","46.50060700798833",2022,5676,1850,3,"24"
320,"2683500","1150500","8.526414798500925","46.50060700798833",2023,5676,1850,3,"35"
320,"2683500","1150500","8.526414798500925","46.50060700798833",2024,5676,1850,3,"31"
320,"2683500","1150500","8.526414798500925","46.50060700798833",2025,5676,1850,3,"36"
321,"2683500","1238500","8.542540751861447","47.29210607690335",1999,4508,450,3,"40"
321,"2683500","1238500","8.542540751861447","47.29210607690335",2000,4508,450,3,"42"
321,"2683500","1238500","8.542540751861447","47.29210607690335",2001,4508,450,3,"42"
321,"2683500","1238500","8.542540751861447","47.29210607690335",2002,4508,450,3,"44"
321,"2683500","1238500","8.542540751861447","47.29210607690335",2003,4508,450,3,"39"
321,"2683500","1238500","8.542540751861447","47.29210607690335",2004,4508,450,3,"42"
321,"2683500","1238500","8.542540751861447","47.29210607690335",2005,4508,450,3,"41"
321,"2683500","1238500","8.542540751861447","47.29210607690335",2006,4508,450,3,"39"
321,"2683500","1238500","8.542540751861447","47.29210607690335",2007,4508,450,3,"35"
321,"2683500","1238500","8.542540751861447","47.29210607690335",2008,4508,450,3,"39"
321,"2683500","1238500","8.542540751861447","47.29210607690335",2009,4508,450,3,"39"
321,"2683500","1238500","8.542540751861447","47.29210607690335",2010,4508,450,3,"36"
321,"2683500","1238500","8.542540751861447","47.29210607690335",2011,4508,450,3,"37"
321,"2683500","1238500","8.542540751861447","47.29210607690335",2013,4508,450,3,"45"
321,"2683500","1238500","8.542540751861447","47.29210607690335",2014,4508,450,3,"45"
321,"2683500","1238500","8.542540751861447","47.29210607690335",2015,4508,450,3,"42"
321,"2683500","1238500","8.542540751861447","47.29210607690335",2016,4508,450,3,"42"
321,"2683500","1238500","8.542540751861447","47.29210607690335",2017,4508,450,3,"47"
321,"2683500","1238500","8.542540751861447","47.29210607690335",2018,4508,450,3,"43"
321,"2683500","1238500","8.542540751861447","47.29210607690335",2019,4508,450,3,"46"
321,"2683500","1238500","8.542540751861447","47.29210607690335",2020,4508,450,3,"43"
321,"2683500","1238500","8.542540751861447","47.29210607690335",2021,4508,450,3,"47"
321,"2683500","1238500","8.542540751861447","47.29210607690335",2022,4508,450,3,"40"
321,"2683500","1238500","8.542540751861447","47.29210607690335",2023,4508,450,3,"33"
321,"2683500","1238500","8.542540751861447","47.29210607690335",2024,4508,450,3,"38"
321,"2683500","1238500","8.542540751861447","47.29210607690335",2025,4508,450,3,"39"
322,"2683500","1270500","8.548524132304845","47.57988775434488",1999,5639,450,3,"38"
322,"2683500","1270500","8.548524132304845","47.57988775434488",2000,5639,450,3,"38"
322,"2683500","1270500","8.548524132304845","47.57988775434488",2001,5639,450,3,"41"
322,"2683500","1270500","8.548524132304845","47.57988775434488",2002,5639,450,3,"36"
322,"2683500","1270500","8.548524132304845","47.57988775434488",2003,5639,450,3,"40"
322,"2683500","1270500","8.548524132304845","47.57988775434488",2004,5639,450,3,"37"
322,"2683500","1270500","8.548524132304845","47.57988775434488",2005,5639,450,3,"40"
322,"2683500","1270500","8.548524132304845","47.57988775434488",2006,5639,450,3,"46"
322,"2683500","1270500","8.548524132304845","47.57988775434488",2007,5639,450,3,"42"
322,"2683500","1270500","8.548524132304845","47.57988775434488",2008,5639,450,3,"41"
322,"2683500","1270500","8.548524132304845","47.57988775434488",2009,5639,450,3,"36"
322,"2683500","1270500","8.548524132304845","47.57988775434488",2010,5639,450,3,"35"
322,"2683500","1270500","8.548524132304845","47.57988775434488",2011,5639,450,3,"34"
322,"2683500","1270500","8.548524132304845","47.57988775434488",2012,5639,450,3,"34"
322,"2683500","1270500","8.548524132304845","47.57988775434488",2013,5639,450,3,"35"
322,"2683500","1270500","8.548524132304845","47.57988775434488",2014,5639,450,3,"35"
322,"2683500","1270500","8.548524132304845","47.57988775434488",2015,5639,450,3,"34"
322,"2683500","1270500","8.548524132304845","47.57988775434488",2016,5639,450,3,"35"
322,"2683500","1270500","8.548524132304845","47.57988775434488",2017,5639,450,3,"34"
322,"2683500","1270500","8.548524132304845","47.57988775434488",2018,5639,450,3,"31"
322,"2683500","1270500","8.548524132304845","47.57988775434488",2019,5639,450,3,"36"
322,"2683500","1270500","8.548524132304845","47.57988775434488",2020,5639,450,3,"33"
322,"2683500","1270500","8.548524132304845","47.57988775434488",2021,5639,450,3,"33"
322,"2683500","1270500","8.548524132304845","47.57988775434488",2022,5639,450,3,"40"
322,"2683500","1270500","8.548524132304845","47.57988775434488",2023,5639,450,3,"39"
322,"2683500","1270500","8.548524132304845","47.57988775434488",2024,5639,450,3,"44"
322,"2683500","1270500","8.548524132304845","47.57988775434488",2025,5639,450,3,"44"
323,"2683500","1286500","8.551540335557357","47.72376751727313",1999,6101,750,3,"33"
323,"2683500","1286500","8.551540335557357","47.72376751727313",2000,6101,750,3,"31"
323,"2683500","1286500","8.551540335557357","47.72376751727313",2001,6101,750,3,"31"
323,"2683500","1286500","8.551540335557357","47.72376751727313",2002,6101,750,3,"25"
323,"2683500","1286500","8.551540335557357","47.72376751727313",2003,6101,750,3,"29"
323,"2683500","1286500","8.551540335557357","47.72376751727313",2004,6101,750,3,"30"
323,"2683500","1286500","8.551540335557357","47.72376751727313",2005,6101,750,3,"29"
323,"2683500","1286500","8.551540335557357","47.72376751727313",2006,6101,750,3,"30"
323,"2683500","1286500","8.551540335557357","47.72376751727313",2007,6101,750,3,"33"
323,"2683500","1286500","8.551540335557357","47.72376751727313",2008,6101,750,3,"32"
323,"2683500","1286500","8.551540335557357","47.72376751727313",2009,6101,750,3,"31"
323,"2683500","1286500","8.551540335557357","47.72376751727313",2010,6101,750,3,"28"
323,"2683500","1286500","8.551540335557357","47.72376751727313",2011,6101,750,3,"29"
323,"2683500","1286500","8.551540335557357","47.72376751727313",2012,6101,750,3,"29"
323,"2683500","1286500","8.551540335557357","47.72376751727313",2013,6101,750,3,"29"
323,"2683500","1286500","8.551540335557357","47.72376751727313",2014,6101,750,3,"27"
323,"2683500","1286500","8.551540335557357","47.72376751727313",2015,6101,750,3,"31"
323,"2683500","1286500","8.551540335557357","47.72376751727313",2016,6101,750,3,"27"
323,"2683500","1286500","8.551540335557357","47.72376751727313",2017,6101,750,3,"22"
323,"2683500","1286500","8.551540335557357","47.72376751727313",2018,6101,750,3,"28"
323,"2683500","1286500","8.551540335557357","47.72376751727313",2019,6101,750,3,"29"
323,"2683500","1286500","8.551540335557357","47.72376751727313",2020,6101,750,3,"22"
323,"2683500","1286500","8.551540335557357","47.72376751727313",2021,6101,750,3,"27"
323,"2683500","1286500","8.551540335557357","47.72376751727313",2022,6101,750,3,"32"
323,"2683500","1286500","8.551540335557357","47.72376751727313",2023,6101,750,3,"30"
323,"2683500","1286500","8.551540335557357","47.72376751727313",2024,6101,750,3,"25"
323,"2683500","1286500","8.551540335557357","47.72376751727313",2025,6101,750,3,"24"
324,"2685500","1157500","8.553761653783038","46.56331747225007",1999,5555,2050,2,"8"
324,"2685500","1157500","8.553761653783038","46.56331747225007",2000,5555,2050,2,"9"
324,"2685500","1157500","8.553761653783038","46.56331747225007",2001,5555,2050,2,"10"
324,"2685500","1157500","8.553761653783038","46.56331747225007",2002,5555,2050,2,"9"
324,"2685500","1157500","8.553761653783038","46.56331747225007",2003,5555,2050,2,"12"
324,"2685500","1157500","8.553761653783038","46.56331747225007",2004,5555,2050,2,"9"
324,"2685500","1157500","8.553761653783038","46.56331747225007",2005,5555,2050,2,"9"
324,"2685500","1157500","8.553761653783038","46.56331747225007",2006,5555,2050,2,"12"
324,"2685500","1157500","8.553761653783038","46.56331747225007",2007,5555,2050,2,"10"
324,"2685500","1157500","8.553761653783038","46.56331747225007",2008,5555,2050,2,"9"
324,"2685500","1157500","8.553761653783038","46.56331747225007",2009,5555,2050,2,"8"
324,"2685500","1157500","8.553761653783038","46.56331747225007",2010,5555,2050,2,"11"
324,"2685500","1157500","8.553761653783038","46.56331747225007",2011,5555,2050,2,"9"
324,"2685500","1157500","8.553761653783038","46.56331747225007",2012,5555,2050,2,"9"
324,"2685500","1157500","8.553761653783038","46.56331747225007",2013,5555,2050,2,"11"
324,"2685500","1157500","8.553761653783038","46.56331747225007",2014,5555,2050,2,"9"
324,"2685500","1157500","8.553761653783038","46.56331747225007",2015,5555,2050,2,"11"
324,"2685500","1157500","8.553761653783038","46.56331747225007",2016,5555,2050,2,"13"
324,"2685500","1157500","8.553761653783038","46.56331747225007",2017,5555,2050,2,"11"
324,"2685500","1157500","8.553761653783038","46.56331747225007",2018,5555,2050,2,"12"
324,"2685500","1157500","8.553761653783038","46.56331747225007",2019,5555,2050,2,"11"
324,"2685500","1157500","8.553761653783038","46.56331747225007",2020,5555,2050,2,"13"
324,"2685500","1157500","8.553761653783038","46.56331747225007",2021,5555,2050,2,"12"
324,"2685500","1157500","8.553761653783038","46.56331747225007",2022,5555,2050,2,"14"
324,"2685500","1157500","8.553761653783038","46.56331747225007",2023,5555,2050,2,"16"
324,"2685500","1157500","8.553761653783038","46.56331747225007",2024,5555,2050,2,"13"
324,"2685500","1157500","8.553761653783038","46.56331747225007",2025,5555,2050,2,"18"
325,"2686500","1117500","8.559351574498322","46.203400984926986",1999,6367,1350,3,"34"
325,"2686500","1117500","8.559351574498322","46.203400984926986",2000,6367,1350,3,"34"
325,"2686500","1117500","8.559351574498322","46.203400984926986",2001,6367,1350,3,"37"
325,"2686500","1117500","8.559351574498322","46.203400984926986",2002,6367,1350,3,"33"
325,"2686500","1117500","8.559351574498322","46.203400984926986",2003,6367,1350,3,"34"
325,"2686500","1117500","8.559351574498322","46.203400984926986",2004,6367,1350,3,"32"
325,"2686500","1117500","8.559351574498322","46.203400984926986",2005,6367,1350,3,"40"
325,"2686500","1117500","8.559351574498322","46.203400984926986",2006,6367,1350,3,"38"
325,"2686500","1117500","8.559351574498322","46.203400984926986",2007,6367,1350,3,"37"
325,"2686500","1117500","8.559351574498322","46.203400984926986",2008,6367,1350,3,"37"
325,"2686500","1117500","8.559351574498322","46.203400984926986",2009,6367,1350,3,"29"
325,"2686500","1117500","8.559351574498322","46.203400984926986",2010,6367,1350,3,"30"
325,"2686500","1117500","8.559351574498322","46.203400984926986",2011,6367,1350,3,"35"
325,"2686500","1117500","8.559351574498322","46.203400984926986",2012,6367,1350,3,"35"
325,"2686500","1117500","8.559351574498322","46.203400984926986",2013,6367,1350,3,"32"
325,"2686500","1117500","8.559351574498322","46.203400984926986",2014,6367,1350,3,"34"
325,"2686500","1117500","8.559351574498322","46.203400984926986",2015,6367,1350,3,"37"
325,"2686500","1117500","8.559351574498322","46.203400984926986",2016,6367,1350,3,"37"
325,"2686500","1117500","8.559351574498322","46.203400984926986",2017,6367,1350,3,"39"
325,"2686500","1117500","8.559351574498322","46.203400984926986",2018,6367,1350,3,"37"
325,"2686500","1117500","8.559351574498322","46.203400984926986",2019,6367,1350,3,"37"
325,"2686500","1117500","8.559351574498322","46.203400984926986",2020,6367,1350,3,"38"
325,"2686500","1117500","8.559351574498322","46.203400984926986",2021,6367,1350,3,"42"
325,"2686500","1117500","8.559351574498322","46.203400984926986",2022,6367,1350,3,"43"
325,"2686500","1117500","8.559351574498322","46.203400984926986",2023,6367,1350,3,"41"
325,"2686500","1117500","8.559351574498322","46.203400984926986",2024,6367,1350,3,"40"
325,"2686500","1117500","8.559351574498322","46.203400984926986",2025,6367,1350,3,"35"
326,"2689500","1166500","8.607672286027125","46.64374525474749",1999,4899,1850,2,"26"
326,"2689500","1166500","8.607672286027125","46.64374525474749",2000,4899,1850,2,"28"
326,"2689500","1166500","8.607672286027125","46.64374525474749",2001,4899,1850,2,"29"
326,"2689500","1166500","8.607672286027125","46.64374525474749",2002,4899,1850,2,"26"
326,"2689500","1166500","8.607672286027125","46.64374525474749",2003,4899,1850,2,"26"
326,"2689500","1166500","8.607672286027125","46.64374525474749",2004,4899,1850,2,"30"
326,"2689500","1166500","8.607672286027125","46.64374525474749",2005,4899,1850,2,"32"
326,"2689500","1166500","8.607672286027125","46.64374525474749",2006,4899,1850,2,"31"
326,"2689500","1166500","8.607672286027125","46.64374525474749",2007,4899,1850,2,"29"
326,"2689500","1166500","8.607672286027125","46.64374525474749",2008,4899,1850,2,"28"
326,"2689500","1166500","8.607672286027125","46.64374525474749",2009,4899,1850,2,"27"
326,"2689500","1166500","8.607672286027125","46.64374525474749",2010,4899,1850,2,"28"
326,"2689500","1166500","8.607672286027125","46.64374525474749",2011,4899,1850,2,"31"
326,"2689500","1166500","8.607672286027125","46.64374525474749",2012,4899,1850,2,"28"
326,"2689500","1166500","8.607672286027125","46.64374525474749",2013,4899,1850,2,"31"
326,"2689500","1166500","8.607672286027125","46.64374525474749",2014,4899,1850,2,"33"
326,"2689500","1166500","8.607672286027125","46.64374525474749",2015,4899,1850,2,"34"
326,"2689500","1166500","8.607672286027125","46.64374525474749",2016,4899,1850,2,"33"
326,"2689500","1166500","8.607672286027125","46.64374525474749",2017,4899,1850,2,"34"
326,"2689500","1166500","8.607672286027125","46.64374525474749",2018,4899,1850,2,"34"
326,"2689500","1166500","8.607672286027125","46.64374525474749",2019,4899,1850,2,"31"
326,"2689500","1166500","8.607672286027125","46.64374525474749",2020,4899,1850,2,"36"
326,"2689500","1166500","8.607672286027125","46.64374525474749",2021,4899,1850,2,"35"
326,"2689500","1166500","8.607672286027125","46.64374525474749",2022,4899,1850,2,"33"
326,"2689500","1166500","8.607672286027125","46.64374525474749",2023,4899,1850,2,"35"
326,"2689500","1166500","8.607672286027125","46.64374525474749",2024,4899,1850,2,"35"
326,"2689500","1166500","8.607672286027125","46.64374525474749",2025,4899,1850,2,"31"
327,"2689500","1206500","8.615507808541425","47.00351861712932",1999,5220,450,3,"22"
327,"2689500","1206500","8.615507808541425","47.00351861712932",2000,5220,450,3,"31"
327,"2689500","1206500","8.615507808541425","47.00351861712932",2001,5220,450,3,"33"
327,"2689500","1206500","8.615507808541425","47.00351861712932",2002,5220,450,3,"32"
327,"2689500","1206500","8.615507808541425","47.00351861712932",2003,5220,450,3,"29"
327,"2689500","1206500","8.615507808541425","47.00351861712932",2004,5220,450,3,"29"
327,"2689500","1206500","8.615507808541425","47.00351861712932",2005,5220,450,3,"30"
327,"2689500","1206500","8.615507808541425","47.00351861712932",2006,5220,450,3,"31"
327,"2689500","1206500","8.615507808541425","47.00351861712932",2007,5220,450,3,"30"
327,"2689500","1206500","8.615507808541425","47.00351861712932",2008,5220,450,3,"36"
327,"2689500","1206500","8.615507808541425","47.00351861712932",2009,5220,450,3,"30"
327,"2689500","1206500","8.615507808541425","47.00351861712932",2010,5220,450,3,"31"
327,"2689500","1206500","8.615507808541425","47.00351861712932",2011,5220,450,3,"29"
327,"2689500","1206500","8.615507808541425","47.00351861712932",2012,5220,450,3,"29"
327,"2689500","1206500","8.615507808541425","47.00351861712932",2014,5220,450,3,"28"
327,"2689500","1206500","8.615507808541425","47.00351861712932",2015,5220,450,3,"21"
327,"2689500","1206500","8.615507808541425","47.00351861712932",2016,5220,450,3,"32"
327,"2689500","1206500","8.615507808541425","47.00351861712932",2017,5220,450,3,"24"
327,"2689500","1206500","8.615507808541425","47.00351861712932",2018,5220,450,3,"25"
327,"2689500","1206500","8.615507808541425","47.00351861712932",2019,5220,450,3,"33"
327,"2689500","1206500","8.615507808541425","47.00351861712932",2020,5220,450,3,"30"
327,"2689500","1206500","8.615507808541425","47.00351861712932",2021,5220,450,3,"31"
327,"2689500","1206500","8.615507808541425","47.00351861712932",2022,5220,450,3,"31"
327,"2689500","1206500","8.615507808541425","47.00351861712932",2023,5220,450,3,"34"
327,"2689500","1206500","8.615507808541425","47.00351861712932",2024,5220,450,3,"35"
327,"2689500","1206500","8.615507808541425","47.00351861712932",2025,5220,450,3,"37"
328,"2689500","1214500","8.617087533483941","47.07547068220815",1999,6719,850,3,"47"
328,"2689500","1214500","8.617087533483941","47.07547068220815",2000,6719,850,3,"52"
328,"2689500","1214500","8.617087533483941","47.07547068220815",2001,6719,850,3,"49"
328,"2689500","1214500","8.617087533483941","47.07547068220815",2002,6719,850,3,"50"
328,"2689500","1214500","8.617087533483941","47.07547068220815",2003,6719,850,3,"47"
328,"2689500","1214500","8.617087533483941","47.07547068220815",2004,6719,850,3,"45"
328,"2689500","1214500","8.617087533483941","47.07547068220815",2005,6719,850,3,"42"
328,"2689500","1214500","8.617087533483941","47.07547068220815",2006,6719,850,3,"46"
328,"2689500","1214500","8.617087533483941","47.07547068220815",2007,6719,850,3,"41"
328,"2689500","1214500","8.617087533483941","47.07547068220815",2008,6719,850,3,"41"
328,"2689500","1214500","8.617087533483941","47.07547068220815",2009,6719,850,3,"45"
328,"2689500","1214500","8.617087533483941","47.07547068220815",2010,6719,850,3,"40"
328,"2689500","1214500","8.617087533483941","47.07547068220815",2011,6719,850,3,"46"
328,"2689500","1214500","8.617087533483941","47.07547068220815",2012,6719,850,3,"46"
328,"2689500","1214500","8.617087533483941","47.07547068220815",2013,6719,850,3,"47"
328,"2689500","1214500","8.617087533483941","47.07547068220815",2014,6719,850,3,"44"
328,"2689500","1214500","8.617087533483941","47.07547068220815",2015,6719,850,3,"43"
328,"2689500","1214500","8.617087533483941","47.07547068220815",2016,6719,850,3,"44"
328,"2689500","1214500","8.617087533483941","47.07547068220815",2017,6719,850,3,"42"
328,"2689500","1214500","8.617087533483941","47.07547068220815",2018,6719,850,3,"44"
328,"2689500","1214500","8.617087533483941","47.07547068220815",2019,6719,850,3,"45"
328,"2689500","1214500","8.617087533483941","47.07547068220815",2020,6719,850,3,"46"
328,"2689500","1214500","8.617087533483941","47.07547068220815",2021,6719,850,3,"47"
328,"2689500","1214500","8.617087533483941","47.07547068220815",2022,6719,850,3,"46"
328,"2689500","1214500","8.617087533483941","47.07547068220815",2023,6719,850,3,"48"
328,"2689500","1214500","8.617087533483941","47.07547068220815",2024,6719,850,3,"43"
328,"2689500","1214500","8.617087533483941","47.07547068220815",2025,6719,850,3,"43"
329,"2689500","1230500","8.620259759730633","47.21937130020924",2009,6458,650,3,"37"
329,"2689500","1230500","8.620259759730633","47.21937130020924",2010,6458,650,3,"32"
329,"2689500","1230500","8.620259759730633","47.21937130020924",2011,6458,650,3,"45"
329,"2689500","1230500","8.620259759730633","47.21937130020924",2012,6458,650,3,"48"
329,"2689500","1230500","8.620259759730633","47.21937130020924",2013,6458,650,3,"46"
329,"2689500","1230500","8.620259759730633","47.21937130020924",2014,6458,650,3,"48"
329,"2689500","1230500","8.620259759730633","47.21937130020924",2015,6458,650,3,"50"
329,"2689500","1230500","8.620259759730633","47.21937130020924",2016,6458,650,3,"51"
329,"2689500","1230500","8.620259759730633","47.21937130020924",2017,6458,650,3,"48"
329,"2689500","1230500","8.620259759730633","47.21937130020924",2018,6458,650,3,"42"
329,"2689500","1230500","8.620259759730633","47.21937130020924",2019,6458,650,3,"46"
329,"2689500","1230500","8.620259759730633","47.21937130020924",2020,6458,650,3,"46"
329,"2689500","1230500","8.620259759730633","47.21937130020924",2021,6458,650,3,"45"
329,"2689500","1230500","8.620259759730633","47.21937130020924",2022,6458,650,3,"45"
329,"2689500","1230500","8.620259759730633","47.21937130020924",2023,6458,650,3,"47"
329,"2689500","1230500","8.620259759730633","47.21937130020924",2024,6458,650,3,"47"
329,"2689500","1230500","8.620259759730633","47.21937130020924",2025,6458,650,3,"43"
330,"2689500","1246500","8.62344915304082","47.36326648160492",2000,4624,650,3,"48"
330,"2689500","1246500","8.62344915304082","47.36326648160492",2001,4624,650,3,"45"
330,"2689500","1246500","8.62344915304082","47.36326648160492",2002,4624,650,3,"44"
330,"2689500","1246500","8.62344915304082","47.36326648160492",2003,4624,650,3,"50"
330,"2689500","1246500","8.62344915304082","47.36326648160492",2004,4624,650,3,"42"
330,"2689500","1246500","8.62344915304082","47.36326648160492",2005,4624,650,3,"44"
330,"2689500","1246500","8.62344915304082","47.36326648160492",2006,4624,650,3,"51"
330,"2689500","1246500","8.62344915304082","47.36326648160492",2007,4624,650,3,"47"
330,"2689500","1246500","8.62344915304082","47.36326648160492",2008,4624,650,3,"44"
330,"2689500","1246500","8.62344915304082","47.36326648160492",2009,4624,650,3,"42"
330,"2689500","1246500","8.62344915304082","47.36326648160492",2010,4624,650,3,"51"
330,"2689500","1246500","8.62344915304082","47.36326648160492",2011,4624,650,3,"44"
330,"2689500","1246500","8.62344915304082","47.36326648160492",2012,4624,650,3,"47"
330,"2689500","1246500","8.62344915304082","47.36326648160492",2013,4624,650,3,"41"
330,"2689500","1246500","8.62344915304082","47.36326648160492",2014,4624,650,3,"39"
330,"2689500","1246500","8.62344915304082","47.36326648160492",2015,4624,650,3,"41"
330,"2689500","1246500","8.62344915304082","47.36326648160492",2016,4624,650,3,"46"
330,"2689500","1246500","8.62344915304082","47.36326648160492",2017,4624,650,3,"42"
330,"2689500","1246500","8.62344915304082","47.36326648160492",2018,4624,650,3,"44"
330,"2689500","1246500","8.62344915304082","47.36326648160492",2019,4624,650,3,"45"
330,"2689500","1246500","8.62344915304082","47.36326648160492",2020,4624,650,3,"42"
330,"2689500","1246500","8.62344915304082","47.36326648160492",2021,4624,650,3,"44"
330,"2689500","1246500","8.62344915304082","47.36326648160492",2022,4624,650,3,"44"
330,"2689500","1246500","8.62344915304082","47.36326648160492",2023,4624,650,3,"43"
330,"2689500","1246500","8.62344915304082","47.36326648160492",2024,4624,650,3,"40"
330,"2689500","1246500","8.62344915304082","47.36326648160492",2025,4624,650,3,"42"
331,"2691500","1138500","8.628247563699576","46.391626523234976",1999,4191,1750,3,"23"
331,"2691500","1138500","8.628247563699576","46.391626523234976",2000,4191,1750,3,"22"
331,"2691500","1138500","8.628247563699576","46.391626523234976",2001,4191,1750,3,"20"
331,"2691500","1138500","8.628247563699576","46.391626523234976",2002,4191,1750,3,"24"
331,"2691500","1138500","8.628247563699576","46.391626523234976",2003,4191,1750,3,"20"
331,"2691500","1138500","8.628247563699576","46.391626523234976",2004,4191,1750,3,"23"
331,"2691500","1138500","8.628247563699576","46.391626523234976",2005,4191,1750,3,"22"
331,"2691500","1138500","8.628247563699576","46.391626523234976",2006,4191,1750,3,"24"
331,"2691500","1138500","8.628247563699576","46.391626523234976",2007,4191,1750,3,"22"
331,"2691500","1138500","8.628247563699576","46.391626523234976",2008,4191,1750,3,"22"
331,"2691500","1138500","8.628247563699576","46.391626523234976",2009,4191,1750,3,"21"
331,"2691500","1138500","8.628247563699576","46.391626523234976",2010,4191,1750,3,"21"
331,"2691500","1138500","8.628247563699576","46.391626523234976",2011,4191,1750,3,"27"
331,"2691500","1138500","8.628247563699576","46.391626523234976",2012,4191,1750,3,"27"
331,"2691500","1138500","8.628247563699576","46.391626523234976",2013,4191,1750,3,"23"
331,"2691500","1138500","8.628247563699576","46.391626523234976",2014,4191,1750,3,"26"
331,"2691500","1138500","8.628247563699576","46.391626523234976",2015,4191,1750,3,"25"
331,"2691500","1138500","8.628247563699576","46.391626523234976",2016,4191,1750,3,"23"
331,"2691500","1138500","8.628247563699576","46.391626523234976",2017,4191,1750,3,"31"
331,"2691500","1138500","8.628247563699576","46.391626523234976",2018,4191,1750,3,"25"
331,"2691500","1138500","8.628247563699576","46.391626523234976",2019,4191,1750,3,"28"
331,"2691500","1138500","8.628247563699576","46.391626523234976",2020,4191,1750,3,"31"
331,"2691500","1138500","8.628247563699576","46.391626523234976",2021,4191,1750,3,"28"
331,"2691500","1138500","8.628247563699576","46.391626523234976",2022,4191,1750,3,"30"
331,"2691500","1138500","8.628247563699576","46.391626523234976",2023,4191,1750,3,"30"
331,"2691500","1138500","8.628247563699576","46.391626523234976",2024,4191,1750,3,"38"
331,"2691500","1138500","8.628247563699576","46.391626523234976",2025,4191,1750,3,"31"
332,"2693500","1153500","8.657274401522757","46.526268913779504",1999,8624,1550,3,"31"
332,"2693500","1153500","8.657274401522757","46.526268913779504",2000,8624,1550,3,"37"
332,"2693500","1153500","8.657274401522757","46.526268913779504",2001,8624,1550,3,"34"
332,"2693500","1153500","8.657274401522757","46.526268913779504",2002,8624,1550,3,"37"
332,"2693500","1153500","8.657274401522757","46.526268913779504",2003,8624,1550,3,"34"
332,"2693500","1153500","8.657274401522757","46.526268913779504",2004,8624,1550,3,"35"
332,"2693500","1153500","8.657274401522757","46.526268913779504",2005,8624,1550,3,"34"
332,"2693500","1153500","8.657274401522757","46.526268913779504",2006,8624,1550,3,"34"
332,"2693500","1153500","8.657274401522757","46.526268913779504",2007,8624,1550,3,"32"
332,"2693500","1153500","8.657274401522757","46.526268913779504",2008,8624,1550,3,"33"
332,"2693500","1153500","8.657274401522757","46.526268913779504",2009,8624,1550,3,"31"
332,"2693500","1153500","8.657274401522757","46.526268913779504",2010,8624,1550,3,"33"
332,"2693500","1153500","8.657274401522757","46.526268913779504",2011,8624,1550,3,"31"
332,"2693500","1153500","8.657274401522757","46.526268913779504",2012,8624,1550,3,"32"
332,"2693500","1153500","8.657274401522757","46.526268913779504",2013,8624,1550,3,"39"
332,"2693500","1153500","8.657274401522757","46.526268913779504",2014,8624,1550,3,"35"
332,"2693500","1153500","8.657274401522757","46.526268913779504",2015,8624,1550,3,"41"
332,"2693500","1153500","8.657274401522757","46.526268913779504",2016,8624,1550,3,"35"
332,"2693500","1153500","8.657274401522757","46.526268913779504",2017,8624,1550,3,"38"
332,"2693500","1153500","8.657274401522757","46.526268913779504",2018,8624,1550,3,"34"
332,"2693500","1153500","8.657274401522757","46.526268913779504",2019,8624,1550,3,"32"
332,"2693500","1153500","8.657274401522757","46.526268913779504",2020,8624,1550,3,"33"
332,"2693500","1153500","8.657274401522757","46.526268913779504",2021,8624,1550,3,"36"
332,"2693500","1153500","8.657274401522757","46.526268913779504",2022,8624,1550,3,"37"
332,"2693500","1153500","8.657274401522757","46.526268913779504",2023,8624,1550,3,"45"
332,"2693500","1153500","8.657274401522757","46.526268913779504",2024,8624,1550,3,"42"
332,"2693500","1153500","8.657274401522757","46.526268913779504",2025,8624,1550,3,"48"
333,"2695500","1118500","8.676142882411364","46.21117894827943",1999,4994,850,3,"21"
333,"2695500","1118500","8.676142882411364","46.21117894827943",2000,4994,850,3,"21"
333,"2695500","1118500","8.676142882411364","46.21117894827943",2001,4994,850,3,"23"
333,"2695500","1118500","8.676142882411364","46.21117894827943",2002,4994,850,3,"21"
333,"2695500","1118500","8.676142882411364","46.21117894827943",2003,4994,850,3,"24"
333,"2695500","1118500","8.676142882411364","46.21117894827943",2004,4994,850,3,"28"
333,"2695500","1118500","8.676142882411364","46.21117894827943",2005,4994,850,3,"31"
333,"2695500","1118500","8.676142882411364","46.21117894827943",2006,4994,850,3,"29"
333,"2695500","1118500","8.676142882411364","46.21117894827943",2007,4994,850,3,"30"
333,"2695500","1118500","8.676142882411364","46.21117894827943",2008,4994,850,3,"25"
333,"2695500","1118500","8.676142882411364","46.21117894827943",2009,4994,850,3,"25"
333,"2695500","1118500","8.676142882411364","46.21117894827943",2010,4994,850,3,"27"
333,"2695500","1118500","8.676142882411364","46.21117894827943",2011,4994,850,3,"26"
333,"2695500","1118500","8.676142882411364","46.21117894827943",2012,4994,850,3,"30"
333,"2695500","1118500","8.676142882411364","46.21117894827943",2013,4994,850,3,"28"
333,"2695500","1118500","8.676142882411364","46.21117894827943",2014,4994,850,3,"32"
333,"2695500","1118500","8.676142882411364","46.21117894827943",2015,4994,850,3,"28"
333,"2695500","1118500","8.676142882411364","46.21117894827943",2016,4994,850,3,"32"
333,"2695500","1118500","8.676142882411364","46.21117894827943",2017,4994,850,3,"31"
333,"2695500","1118500","8.676142882411364","46.21117894827943",2018,4994,850,3,"29"
333,"2695500","1118500","8.676142882411364","46.21117894827943",2019,4994,850,3,"30"
333,"2695500","1118500","8.676142882411364","46.21117894827943",2020,4994,850,3,"31"
333,"2695500","1118500","8.676142882411364","46.21117894827943",2021,4994,850,3,"35"
333,"2695500","1118500","8.676142882411364","46.21117894827943",2022,4994,850,3,"28"
333,"2695500","1118500","8.676142882411364","46.21117894827943",2023,4994,850,3,"32"
333,"2695500","1118500","8.676142882411364","46.21117894827943",2024,4994,850,3,"38"
333,"2695500","1118500","8.676142882411364","46.21117894827943",2025,4994,850,3,"31"
334,"2695500","1150500","8.682717228579408","46.49900307596185",1999,4897,1750,3,"27"
334,"2695500","1150500","8.682717228579408","46.49900307596185",2000,4897,1750,3,"29"
334,"2695500","1150500","8.682717228579408","46.49900307596185",2001,4897,1750,3,"24"
334,"2695500","1150500","8.682717228579408","46.49900307596185",2002,4897,1750,3,"29"
334,"2695500","1150500","8.682717228579408","46.49900307596185",2003,4897,1750,3,"25"
334,"2695500","1150500","8.682717228579408","46.49900307596185",2004,4897,1750,3,"30"
334,"2695500","1150500","8.682717228579408","46.49900307596185",2005,4897,1750,3,"33"
334,"2695500","1150500","8.682717228579408","46.49900307596185",2006,4897,1750,3,"30"
334,"2695500","1150500","8.682717228579408","46.49900307596185",2007,4897,1750,3,"33"
334,"2695500","1150500","8.682717228579408","46.49900307596185",2008,4897,1750,3,"29"
334,"2695500","1150500","8.682717228579408","46.49900307596185",2009,4897,1750,3,"29"
334,"2695500","1150500","8.682717228579408","46.49900307596185",2010,4897,1750,3,"29"
334,"2695500","1150500","8.682717228579408","46.49900307596185",2011,4897,1750,3,"34"
334,"2695500","1150500","8.682717228579408","46.49900307596185",2012,4897,1750,3,"27"
334,"2695500","1150500","8.682717228579408","46.49900307596185",2013,4897,1750,3,"31"
334,"2695500","1150500","8.682717228579408","46.49900307596185",2014,4897,1750,3,"35"
334,"2695500","1150500","8.682717228579408","46.49900307596185",2015,4897,1750,3,"27"
334,"2695500","1150500","8.682717228579408","46.49900307596185",2016,4897,1750,3,"24"
334,"2695500","1150500","8.682717228579408","46.49900307596185",2017,4897,1750,3,"28"
334,"2695500","1150500","8.682717228579408","46.49900307596185",2018,4897,1750,3,"26"
334,"2695500","1150500","8.682717228579408","46.49900307596185",2019,4897,1750,3,"25"
334,"2695500","1150500","8.682717228579408","46.49900307596185",2020,4897,1750,3,"32"
334,"2695500","1150500","8.682717228579408","46.49900307596185",2021,4897,1750,3,"31"
334,"2695500","1150500","8.682717228579408","46.49900307596185",2022,4897,1750,3,"29"
334,"2695500","1150500","8.682717228579408","46.49900307596185",2023,4897,1750,3,"29"
334,"2695500","1150500","8.682717228579408","46.49900307596185",2024,4897,1750,3,"30"
334,"2695500","1150500","8.682717228579408","46.49900307596185",2025,4897,1750,3,"29"
335,"2695500","1190500","8.69103372178398","46.85877719160304",2000,5871,1250,3,"32"
335,"2695500","1190500","8.69103372178398","46.85877719160304",2001,5871,1250,3,"35"
335,"2695500","1190500","8.69103372178398","46.85877719160304",2002,5871,1250,3,"36"
335,"2695500","1190500","8.69103372178398","46.85877719160304",2003,5871,1250,3,"34"
335,"2695500","1190500","8.69103372178398","46.85877719160304",2004,5871,1250,3,"35"
335,"2695500","1190500","8.69103372178398","46.85877719160304",2005,5871,1250,3,"35"
335,"2695500","1190500","8.69103372178398","46.85877719160304",2006,5871,1250,3,"32"
335,"2695500","1190500","8.69103372178398","46.85877719160304",2007,5871,1250,3,"30"
335,"2695500","1190500","8.69103372178398","46.85877719160304",2008,5871,1250,3,"32"
335,"2695500","1190500","8.69103372178398","46.85877719160304",2009,5871,1250,3,"39"
335,"2695500","1190500","8.69103372178398","46.85877719160304",2010,5871,1250,3,"38"
335,"2695500","1190500","8.69103372178398","46.85877719160304",2011,5871,1250,3,"33"
335,"2695500","1190500","8.69103372178398","46.85877719160304",2012,5871,1250,3,"39"
335,"2695500","1190500","8.69103372178398","46.85877719160304",2013,5871,1250,3,"38"
335,"2695500","1190500","8.69103372178398","46.85877719160304",2014,5871,1250,3,"39"
335,"2695500","1190500","8.69103372178398","46.85877719160304",2015,5871,1250,3,"41"
335,"2695500","1190500","8.69103372178398","46.85877719160304",2016,5871,1250,3,"40"
335,"2695500","1190500","8.69103372178398","46.85877719160304",2018,5871,1250,3,"45"
335,"2695500","1190500","8.69103372178398","46.85877719160304",2019,5871,1250,3,"45"
335,"2695500","1190500","8.69103372178398","46.85877719160304",2020,5871,1250,3,"45"
335,"2695500","1190500","8.69103372178398","46.85877719160304",2021,5871,1250,3,"51"
335,"2695500","1190500","8.69103372178398","46.85877719160304",2022,5871,1250,3,"50"
335,"2695500","1190500","8.69103372178398","46.85877719160304",2023,5871,1250,3,"42"
335,"2695500","1190500","8.69103372178398","46.85877719160304",2024,5871,1250,3,"41"
336,"2695500","1198500","8.692710363616538","46.930730077242465",1999,4352,1850,2,"14"
336,"2695500","1198500","8.692710363616538","46.930730077242465",2000,4352,1850,2,"19"
336,"2695500","1198500","8.692710363616538","46.930730077242465",2001,4352,1850,2,"13"
336,"2695500","1198500","8.692710363616538","46.930730077242465",2002,4352,1850,2,"13"
336,"2695500","1198500","8.692710363616538","46.930730077242465",2003,4352,1850,2,"12"
336,"2695500","1198500","8.692710363616538","46.930730077242465",2004,4352,1850,2,"13"
336,"2695500","1198500","8.692710363616538","46.930730077242465",2005,4352,1850,2,"12"
336,"2695500","1198500","8.692710363616538","46.930730077242465",2006,4352,1850,2,"11"
336,"2695500","1198500","8.692710363616538","46.930730077242465",2007,4352,1850,2,"15"
336,"2695500","1198500","8.692710363616538","46.930730077242465",2008,4352,1850,2,"12"
336,"2695500","1198500","8.692710363616538","46.930730077242465",2009,4352,1850,2,"16"
336,"2695500","1198500","8.692710363616538","46.930730077242465",2010,4352,1850,2,"15"
336,"2695500","1198500","8.692710363616538","46.930730077242465",2011,4352,1850,2,"13"
336,"2695500","1198500","8.692710363616538","46.930730077242465",2012,4352,1850,2,"13"
336,"2695500","1198500","8.692710363616538","46.930730077242465",2013,4352,1850,2,"11"
336,"2695500","1198500","8.692710363616538","46.930730077242465",2014,4352,1850,2,"15"
336,"2695500","1198500","8.692710363616538","46.930730077242465",2015,4352,1850,2,"18"
336,"2695500","1198500","8.692710363616538","46.930730077242465",2016,4352,1850,2,"17"
336,"2695500","1198500","8.692710363616538","46.930730077242465",2017,4352,1850,2,"18"
336,"2695500","1198500","8.692710363616538","46.930730077242465",2018,4352,1850,2,"19"
336,"2695500","1198500","8.692710363616538","46.930730077242465",2019,4352,1850,2,"16"
336,"2695500","1198500","8.692710363616538","46.930730077242465",2020,4352,1850,2,"19"
336,"2695500","1198500","8.692710363616538","46.930730077242465",2021,4352,1850,2,"20"
336,"2695500","1198500","8.692710363616538","46.930730077242465",2022,4352,1850,2,"17"
336,"2695500","1198500","8.692710363616538","46.930730077242465",2023,4352,1850,2,"22"
336,"2695500","1198500","8.692710363616538","46.930730077242465",2024,4352,1850,2,"19"
336,"2695500","1198500","8.692710363616538","46.930730077242465",2025,4352,1850,2,"20"
337,"2695500","1222500","8.697767345886716","47.14658282283937",1999,5099,950,3,"41"
337,"2695500","1222500","8.697767345886716","47.14658282283937",2000,5099,950,3,"41"
337,"2695500","1222500","8.697767345886716","47.14658282283937",2001,5099,950,3,"41"
337,"2695500","1222500","8.697767345886716","47.14658282283937",2002,5099,950,3,"40"
337,"2695500","1222500","8.697767345886716","47.14658282283937",2003,5099,950,3,"34"
337,"2695500","1222500","8.697767345886716","47.14658282283937",2004,5099,950,3,"47"
337,"2695500","1222500","8.697767345886716","47.14658282283937",2005,5099,950,3,"48"
337,"2695500","1222500","8.697767345886716","47.14658282283937",2006,5099,950,3,"43"
337,"2695500","1222500","8.697767345886716","47.14658282283937",2007,5099,950,3,"46"
337,"2695500","1222500","8.697767345886716","47.14658282283937",2008,5099,950,3,"44"
337,"2695500","1222500","8.697767345886716","47.14658282283937",2009,5099,950,3,"44"
337,"2695500","1222500","8.697767345886716","47.14658282283937",2010,5099,950,3,"44"
337,"2695500","1222500","8.697767345886716","47.14658282283937",2011,5099,950,3,"45"
337,"2695500","1222500","8.697767345886716","47.14658282283937",2012,5099,950,3,"48"
337,"2695500","1222500","8.697767345886716","47.14658282283937",2013,5099,950,3,"45"
337,"2695500","1222500","8.697767345886716","47.14658282283937",2014,5099,950,3,"43"
337,"2695500","1222500","8.697767345886716","47.14658282283937",2015,5099,950,3,"49"
337,"2695500","1222500","8.697767345886716","47.14658282283937",2016,5099,950,3,"44"
337,"2695500","1222500","8.697767345886716","47.14658282283937",2017,5099,950,3,"42"
337,"2695500","1222500","8.697767345886716","47.14658282283937",2018,5099,950,3,"46"
337,"2695500","1222500","8.697767345886716","47.14658282283937",2019,5099,950,3,"48"
337,"2695500","1222500","8.697767345886716","47.14658282283937",2020,5099,950,3,"44"
337,"2695500","1222500","8.697767345886716","47.14658282283937",2021,5099,950,3,"45"
337,"2695500","1222500","8.697767345886716","47.14658282283937",2022,5099,950,3,"48"
337,"2695500","1222500","8.697767345886716","47.14658282283937",2023,5099,950,3,"48"
337,"2695500","1222500","8.697767345886716","47.14658282283937",2024,5099,950,3,"45"
337,"2695500","1222500","8.697767345886716","47.14658282283937",2025,5099,950,3,"47"
338,"2695500","1238500","8.701161423925734","47.29047859618201",1999,6666,550,3,"32"
338,"2695500","1238500","8.701161423925734","47.29047859618201",2000,6666,550,3,"34"
338,"2695500","1238500","8.701161423925734","47.29047859618201",2001,6666,550,3,"40"
338,"2695500","1238500","8.701161423925734","47.29047859618201",2002,6666,550,3,"38"
338,"2695500","1238500","8.701161423925734","47.29047859618201",2003,6666,550,3,"37"
338,"2695500","1238500","8.701161423925734","47.29047859618201",2004,6666,550,3,"35"
338,"2695500","1238500","8.701161423925734","47.29047859618201",2005,6666,550,3,"35"
338,"2695500","1238500","8.701161423925734","47.29047859618201",2006,6666,550,3,"36"
338,"2695500","1238500","8.701161423925734","47.29047859618201",2007,6666,550,3,"37"
338,"2695500","1238500","8.701161423925734","47.29047859618201",2008,6666,550,3,"40"
338,"2695500","1238500","8.701161423925734","47.29047859618201",2009,6666,550,3,"41"
338,"2695500","1238500","8.701161423925734","47.29047859618201",2010,6666,550,3,"40"
338,"2695500","1238500","8.701161423925734","47.29047859618201",2011,6666,550,3,"39"
338,"2695500","1238500","8.701161423925734","47.29047859618201",2012,6666,550,3,"39"
338,"2695500","1238500","8.701161423925734","47.29047859618201",2013,6666,550,3,"39"
338,"2695500","1238500","8.701161423925734","47.29047859618201",2014,6666,550,3,"40"
338,"2695500","1238500","8.701161423925734","47.29047859618201",2015,6666,550,3,"38"
338,"2695500","1238500","8.701161423925734","47.29047859618201",2016,6666,550,3,"37"
338,"2695500","1238500","8.701161423925734","47.29047859618201",2017,6666,550,3,"49"
338,"2695500","1238500","8.701161423925734","47.29047859618201",2018,6666,550,3,"41"
338,"2695500","1238500","8.701161423925734","47.29047859618201",2019,6666,550,3,"45"
338,"2695500","1238500","8.701161423925734","47.29047859618201",2020,6666,550,3,"42"
338,"2695500","1238500","8.701161423925734","47.29047859618201",2021,6666,550,3,"44"
338,"2695500","1238500","8.701161423925734","47.29047859618201",2022,6666,550,3,"44"
338,"2695500","1238500","8.701161423925734","47.29047859618201",2023,6666,550,3,"39"
338,"2695500","1238500","8.701161423925734","47.29047859618201",2024,6666,550,3,"46"
338,"2695500","1238500","8.701161423925734","47.29047859618201",2025,6666,550,3,"41"
339,"2695500","1270500","8.708004960365349","47.57825153587652",1999,5265,450,3,"28"
339,"2695500","1270500","8.708004960365349","47.57825153587652",2000,5265,450,3,"31"
339,"2695500","1270500","8.708004960365349","47.57825153587652",2001,5265,450,3,"28"
339,"2695500","1270500","8.708004960365349","47.57825153587652",2002,5265,450,3,"41"
339,"2695500","1270500","8.708004960365349","47.57825153587652",2003,5265,450,3,"38"
339,"2695500","1270500","8.708004960365349","47.57825153587652",2004,5265,450,3,"39"
339,"2695500","1270500","8.708004960365349","47.57825153587652",2005,5265,450,3,"42"
339,"2695500","1270500","8.708004960365349","47.57825153587652",2006,5265,450,3,"39"
339,"2695500","1270500","8.708004960365349","47.57825153587652",2007,5265,450,3,"42"
339,"2695500","1270500","8.708004960365349","47.57825153587652",2008,5265,450,3,"41"
339,"2695500","1270500","8.708004960365349","47.57825153587652",2009,5265,450,3,"41"
339,"2695500","1270500","8.708004960365349","47.57825153587652",2010,5265,450,3,"37"
339,"2695500","1270500","8.708004960365349","47.57825153587652",2011,5265,450,3,"36"
339,"2695500","1270500","8.708004960365349","47.57825153587652",2012,5265,450,3,"39"
339,"2695500","1270500","8.708004960365349","47.57825153587652",2013,5265,450,3,"33"
339,"2695500","1270500","8.708004960365349","47.57825153587652",2014,5265,450,3,"37"
339,"2695500","1270500","8.708004960365349","47.57825153587652",2015,5265,450,3,"35"
339,"2695500","1270500","8.708004960365349","47.57825153587652",2016,5265,450,3,"36"
339,"2695500","1270500","8.708004960365349","47.57825153587652",2017,5265,450,3,"35"
339,"2695500","1270500","8.708004960365349","47.57825153587652",2018,5265,450,3,"33"
339,"2695500","1270500","8.708004960365349","47.57825153587652",2019,5265,450,3,"39"
339,"2695500","1270500","8.708004960365349","47.57825153587652",2020,5265,450,3,"33"
339,"2695500","1270500","8.708004960365349","47.57825153587652",2021,5265,450,3,"36"
339,"2695500","1270500","8.708004960365349","47.57825153587652",2022,5265,450,3,"38"
339,"2695500","1270500","8.708004960365349","47.57825153587652",2023,5265,450,3,"32"
339,"2695500","1270500","8.708004960365349","47.57825153587652",2024,5265,450,3,"38"
339,"2695500","1270500","8.708004960365349","47.57825153587652",2025,5265,450,3,"34"
340,"2695500","1286500","8.711454764370414","47.72212689407993",1999,5224,450,3,"36"
340,"2695500","1286500","8.711454764370414","47.72212689407993",2000,5224,450,3,"33"
340,"2695500","1286500","8.711454764370414","47.72212689407993",2001,5224,450,3,"48"
340,"2695500","1286500","8.711454764370414","47.72212689407993",2002,5224,450,3,"42"
340,"2695500","1286500","8.711454764370414","47.72212689407993",2003,5224,450,3,"35"
340,"2695500","1286500","8.711454764370414","47.72212689407993",2004,5224,450,3,"39"
340,"2695500","1286500","8.711454764370414","47.72212689407993",2005,5224,450,3,"35"
340,"2695500","1286500","8.711454764370414","47.72212689407993",2006,5224,450,3,"37"
340,"2695500","1286500","8.711454764370414","47.72212689407993",2007,5224,450,3,"35"
340,"2695500","1286500","8.711454764370414","47.72212689407993",2008,5224,450,3,"42"
340,"2695500","1286500","8.711454764370414","47.72212689407993",2009,5224,450,3,"44"
340,"2695500","1286500","8.711454764370414","47.72212689407993",2010,5224,450,3,"35"
340,"2695500","1286500","8.711454764370414","47.72212689407993",2011,5224,450,3,"39"
340,"2695500","1286500","8.711454764370414","47.72212689407993",2012,5224,450,3,"36"
340,"2695500","1286500","8.711454764370414","47.72212689407993",2013,5224,450,3,"34"
340,"2695500","1286500","8.711454764370414","47.72212689407993",2014,5224,450,3,"31"
340,"2695500","1286500","8.711454764370414","47.72212689407993",2015,5224,450,3,"34"
340,"2695500","1286500","8.711454764370414","47.72212689407993",2016,5224,450,3,"37"
340,"2695500","1286500","8.711454764370414","47.72212689407993",2017,5224,450,3,"41"
340,"2695500","1286500","8.711454764370414","47.72212689407993",2018,5224,450,3,"37"
340,"2695500","1286500","8.711454764370414","47.72212689407993",2019,5224,450,3,"41"
340,"2695500","1286500","8.711454764370414","47.72212689407993",2020,5224,450,3,"40"
340,"2695500","1286500","8.711454764370414","47.72212689407993",2021,5224,450,3,"42"
340,"2695500","1286500","8.711454764370414","47.72212689407993",2022,5224,450,3,"41"
340,"2695500","1286500","8.711454764370414","47.72212689407993",2023,5224,450,3,"41"
340,"2695500","1286500","8.711454764370414","47.72212689407993",2024,5224,450,3,"39"
340,"2695500","1286500","8.711454764370414","47.72212689407993",2025,5224,450,3,"41"
341,"2696500","1124500","8.69033907728673","46.26500315741878",1999,7405,450,3,"34"
341,"2696500","1124500","8.69033907728673","46.26500315741878",2000,7405,450,3,"34"
341,"2696500","1124500","8.69033907728673","46.26500315741878",2001,7405,450,3,"36"
341,"2696500","1124500","8.69033907728673","46.26500315741878",2002,7405,450,3,"33"
341,"2696500","1124500","8.69033907728673","46.26500315741878",2003,7405,450,3,"33"
341,"2696500","1124500","8.69033907728673","46.26500315741878",2004,7405,450,3,"36"
341,"2696500","1124500","8.69033907728673","46.26500315741878",2005,7405,450,3,"29"
341,"2696500","1124500","8.69033907728673","46.26500315741878",2006,7405,450,3,"31"
341,"2696500","1124500","8.69033907728673","46.26500315741878",2007,7405,450,3,"31"
341,"2696500","1124500","8.69033907728673","46.26500315741878",2008,7405,450,3,"36"
341,"2696500","1124500","8.69033907728673","46.26500315741878",2009,7405,450,3,"34"
341,"2696500","1124500","8.69033907728673","46.26500315741878",2010,7405,450,3,"35"
341,"2696500","1124500","8.69033907728673","46.26500315741878",2011,7405,450,3,"33"
341,"2696500","1124500","8.69033907728673","46.26500315741878",2012,7405,450,3,"36"
341,"2696500","1124500","8.69033907728673","46.26500315741878",2013,7405,450,3,"34"
341,"2696500","1124500","8.69033907728673","46.26500315741878",2014,7405,450,3,"33"
341,"2696500","1124500","8.69033907728673","46.26500315741878",2015,7405,450,3,"39"
341,"2696500","1124500","8.69033907728673","46.26500315741878",2016,7405,450,3,"36"
341,"2696500","1124500","8.69033907728673","46.26500315741878",2017,7405,450,3,"37"
341,"2696500","1124500","8.69033907728673","46.26500315741878",2018,7405,450,3,"37"
341,"2696500","1124500","8.69033907728673","46.26500315741878",2019,7405,450,3,"37"
341,"2696500","1124500","8.69033907728673","46.26500315741878",2020,7405,450,3,"35"
341,"2696500","1124500","8.69033907728673","46.26500315741878",2021,7405,450,3,"41"
341,"2696500","1124500","8.69033907728673","46.26500315741878",2022,7405,450,3,"36"
341,"2696500","1124500","8.69033907728673","46.26500315741878",2023,7405,450,3,"34"
341,"2696500","1124500","8.69033907728673","46.26500315741878",2024,7405,450,3,"36"
341,"2696500","1124500","8.69033907728673","46.26500315741878",2025,7405,450,3,"36"
342,"2697500","1157500","8.710244449847865","46.56167579054192",1999,3417,2350,2,"6"
342,"2697500","1157500","8.710244449847865","46.56167579054192",2000,3417,2350,2,"12"
342,"2697500","1157500","8.710244449847865","46.56167579054192",2001,3417,2350,2,"11"
342,"2697500","1157500","8.710244449847865","46.56167579054192",2002,3417,2350,2,"15"
342,"2697500","1157500","8.710244449847865","46.56167579054192",2003,3417,2350,2,"16"
342,"2697500","1157500","8.710244449847865","46.56167579054192",2004,3417,2350,2,"10"
342,"2697500","1157500","8.710244449847865","46.56167579054192",2005,3417,2350,2,"15"
342,"2697500","1157500","8.710244449847865","46.56167579054192",2006,3417,2350,2,"12"
342,"2697500","1157500","8.710244449847865","46.56167579054192",2007,3417,2350,2,"10"
342,"2697500","1157500","8.710244449847865","46.56167579054192",2008,3417,2350,2,"9"
342,"2697500","1157500","8.710244449847865","46.56167579054192",2009,3417,2350,2,"12"
342,"2697500","1157500","8.710244449847865","46.56167579054192",2010,3417,2350,2,"7"
342,"2697500","1157500","8.710244449847865","46.56167579054192",2012,3417,2350,2,"7"
342,"2697500","1157500","8.710244449847865","46.56167579054192",2013,3417,2350,2,"6"
342,"2697500","1157500","8.710244449847865","46.56167579054192",2014,3417,2350,2,"7"
342,"2697500","1157500","8.710244449847865","46.56167579054192",2015,3417,2350,2,"8"
342,"2697500","1157500","8.710244449847865","46.56167579054192",2016,3417,2350,2,"9"
342,"2697500","1157500","8.710244449847865","46.56167579054192",2017,3417,2350,2,"8"
342,"2697500","1157500","8.710244449847865","46.56167579054192",2018,3417,2350,2,"6"
342,"2697500","1157500","8.710244449847865","46.56167579054192",2019,3417,2350,2,"8"
342,"2697500","1157500","8.710244449847865","46.56167579054192",2020,3417,2350,2,"10"
342,"2697500","1157500","8.710244449847865","46.56167579054192",2021,3417,2350,2,"9"
342,"2697500","1157500","8.710244449847865","46.56167579054192",2022,3417,2350,2,"6"
342,"2697500","1157500","8.710244449847865","46.56167579054192",2023,3417,2350,2,"9"
342,"2697500","1157500","8.710244449847865","46.56167579054192",2024,3417,2350,2,"10"
342,"2697500","1157500","8.710244449847865","46.56167579054192",2025,3417,2350,2,"8"
343,"2701500","1166500","8.764386359450947","46.64202922965913",1999,6716,1850,2,"22"
343,"2701500","1166500","8.764386359450947","46.64202922965913",2000,6716,1850,2,"31"
343,"2701500","1166500","8.764386359450947","46.64202922965913",2001,6716,1850,2,"27"
343,"2701500","1166500","8.764386359450947","46.64202922965913",2002,6716,1850,2,"25"
343,"2701500","1166500","8.764386359450947","46.64202922965913",2003,6716,1850,2,"15"
343,"2701500","1166500","8.764386359450947","46.64202922965913",2004,6716,1850,2,"28"
343,"2701500","1166500","8.764386359450947","46.64202922965913",2005,6716,1850,2,"27"
343,"2701500","1166500","8.764386359450947","46.64202922965913",2006,6716,1850,2,"26"
343,"2701500","1166500","8.764386359450947","46.64202922965913",2007,6716,1850,2,"36"
343,"2701500","1166500","8.764386359450947","46.64202922965913",2008,6716,1850,2,"33"
343,"2701500","1166500","8.764386359450947","46.64202922965913",2009,6716,1850,2,"29"
343,"2701500","1166500","8.764386359450947","46.64202922965913",2010,6716,1850,2,"34"
343,"2701500","1166500","8.764386359450947","46.64202922965913",2011,6716,1850,2,"34"
343,"2701500","1166500","8.764386359450947","46.64202922965913",2012,6716,1850,2,"27"
343,"2701500","1166500","8.764386359450947","46.64202922965913",2013,6716,1850,2,"32"
343,"2701500","1166500","8.764386359450947","46.64202922965913",2014,6716,1850,2,"34"
343,"2701500","1166500","8.764386359450947","46.64202922965913",2015,6716,1850,2,"39"
343,"2701500","1166500","8.764386359450947","46.64202922965913",2016,6716,1850,2,"40"
343,"2701500","1166500","8.764386359450947","46.64202922965913",2017,6716,1850,2,"29"
343,"2701500","1166500","8.764386359450947","46.64202922965913",2018,6716,1850,2,"27"
343,"2701500","1166500","8.764386359450947","46.64202922965913",2020,6716,1850,2,"29"
343,"2701500","1166500","8.764386359450947","46.64202922965913",2021,6716,1850,2,"35"
343,"2701500","1166500","8.764386359450947","46.64202922965913",2022,6716,1850,2,"36"
343,"2701500","1166500","8.764386359450947","46.64202922965913",2023,6716,1850,2,"39"
343,"2701500","1166500","8.764386359450947","46.64202922965913",2024,6716,1850,2,"37"
343,"2701500","1166500","8.764386359450947","46.64202922965913",2025,6716,1850,2,"41"
344,"2701500","1198500","8.771485882222276","46.92984040658246",1999,4969,1350,3,"29"
344,"2701500","1198500","8.771485882222276","46.92984040658246",2000,4969,1350,3,"27"
344,"2701500","1198500","8.771485882222276","46.92984040658246",2001,4969,1350,3,"34"
344,"2701500","1198500","8.771485882222276","46.92984040658246",2002,4969,1350,3,"31"
344,"2701500","1198500","8.771485882222276","46.92984040658246",2003,4969,1350,3,"36"
344,"2701500","1198500","8.771485882222276","46.92984040658246",2004,4969,1350,3,"38"
344,"2701500","1198500","8.771485882222276","46.92984040658246",2005,4969,1350,3,"30"
344,"2701500","1198500","8.771485882222276","46.92984040658246",2006,4969,1350,3,"31"
344,"2701500","1198500","8.771485882222276","46.92984040658246",2007,4969,1350,3,"31"
344,"2701500","1198500","8.771485882222276","46.92984040658246",2008,4969,1350,3,"27"
344,"2701500","1198500","8.771485882222276","46.92984040658246",2009,4969,1350,3,"29"
344,"2701500","1198500","8.771485882222276","46.92984040658246",2010,4969,1350,3,"32"
344,"2701500","1198500","8.771485882222276","46.92984040658246",2011,4969,1350,3,"32"
344,"2701500","1198500","8.771485882222276","46.92984040658246",2012,4969,1350,3,"35"
344,"2701500","1198500","8.771485882222276","46.92984040658246",2013,4969,1350,3,"36"
344,"2701500","1198500","8.771485882222276","46.92984040658246",2014,4969,1350,3,"34"
344,"2701500","1198500","8.771485882222276","46.92984040658246",2015,4969,1350,3,"37"
344,"2701500","1198500","8.771485882222276","46.92984040658246",2016,4969,1350,3,"37"
344,"2701500","1198500","8.771485882222276","46.92984040658246",2017,4969,1350,3,"35"
344,"2701500","1198500","8.771485882222276","46.92984040658246",2018,4969,1350,3,"32"
344,"2701500","1198500","8.771485882222276","46.92984040658246",2019,4969,1350,3,"40"
344,"2701500","1198500","8.771485882222276","46.92984040658246",2020,4969,1350,3,"37"
344,"2701500","1198500","8.771485882222276","46.92984040658246",2021,4969,1350,3,"39"
344,"2701500","1198500","8.771485882222276","46.92984040658246",2022,4969,1350,3,"37"
344,"2701500","1198500","8.771485882222276","46.92984040658246",2023,4969,1350,3,"37"
344,"2701500","1198500","8.771485882222276","46.92984040658246",2024,4969,1350,3,"37"
344,"2701500","1198500","8.771485882222276","46.92984040658246",2025,4969,1350,3,"36"
345,"2701500","1262500","8.785915702291108","47.50541169956753",2000,5459,450,3,"31"
345,"2701500","1262500","8.785915702291108","47.50541169956753",2001,5459,450,3,"34"
345,"2701500","1262500","8.785915702291108","47.50541169956753",2002,5459,450,3,"37"
345,"2701500","1262500","8.785915702291108","47.50541169956753",2003,5459,450,3,"30"
345,"2701500","1262500","8.785915702291108","47.50541169956753",2004,5459,450,3,"34"
345,"2701500","1262500","8.785915702291108","47.50541169956753",2005,5459,450,3,"30"
345,"2701500","1262500","8.785915702291108","47.50541169956753",2006,5459,450,3,"26"
345,"2701500","1262500","8.785915702291108","47.50541169956753",2007,5459,450,3,"30"
345,"2701500","1262500","8.785915702291108","47.50541169956753",2008,5459,450,3,"29"
345,"2701500","1262500","8.785915702291108","47.50541169956753",2009,5459,450,3,"27"
345,"2701500","1262500","8.785915702291108","47.50541169956753",2010,5459,450,3,"32"
345,"2701500","1262500","8.785915702291108","47.50541169956753",2011,5459,450,3,"28"
345,"2701500","1262500","8.785915702291108","47.50541169956753",2012,5459,450,3,"29"
345,"2701500","1262500","8.785915702291108","47.50541169956753",2013,5459,450,3,"28"
345,"2701500","1262500","8.785915702291108","47.50541169956753",2014,5459,450,3,"29"
345,"2701500","1262500","8.785915702291108","47.50541169956753",2015,5459,450,3,"28"
345,"2701500","1262500","8.785915702291108","47.50541169956753",2016,5459,450,3,"32"
345,"2701500","1262500","8.785915702291108","47.50541169956753",2017,5459,450,3,"28"
345,"2701500","1262500","8.785915702291108","47.50541169956753",2018,5459,450,3,"29"
345,"2701500","1262500","8.785915702291108","47.50541169956753",2019,5459,450,3,"36"
345,"2701500","1262500","8.785915702291108","47.50541169956753",2020,5459,450,3,"30"
345,"2701500","1262500","8.785915702291108","47.50541169956753",2021,5459,450,3,"31"
345,"2701500","1262500","8.785915702291108","47.50541169956753",2022,5459,450,3,"31"
345,"2701500","1262500","8.785915702291108","47.50541169956753",2023,5459,450,3,"30"
345,"2701500","1262500","8.785915702291108","47.50541169956753",2024,5459,450,3,"29"
345,"2701500","1262500","8.785915702291108","47.50541169956753",2025,5459,450,3,"29"
346,"2704500","1116500","8.792296569051524","46.1918533105473",1999,5755,1150,3,"28"
346,"2704500","1116500","8.792296569051524","46.1918533105473",2000,5755,1150,3,"27"
346,"2704500","1116500","8.792296569051524","46.1918533105473",2001,5755,1150,3,"32"
346,"2704500","1116500","8.792296569051524","46.1918533105473",2002,5755,1150,3,"30"
346,"2704500","1116500","8.792296569051524","46.1918533105473",2003,5755,1150,3,"30"
346,"2704500","1116500","8.792296569051524","46.1918533105473",2004,5755,1150,3,"31"
346,"2704500","1116500","8.792296569051524","46.1918533105473",2005,5755,1150,3,"27"
346,"2704500","1116500","8.792296569051524","46.1918533105473",2006,5755,1150,3,"30"
346,"2704500","1116500","8.792296569051524","46.1918533105473",2007,5755,1150,3,"30"
346,"2704500","1116500","8.792296569051524","46.1918533105473",2008,5755,1150,3,"33"
346,"2704500","1116500","8.792296569051524","46.1918533105473",2009,5755,1150,3,"29"
346,"2704500","1116500","8.792296569051524","46.1918533105473",2010,5755,1150,3,"29"
346,"2704500","1116500","8.792296569051524","46.1918533105473",2011,5755,1150,3,"27"
346,"2704500","1116500","8.792296569051524","46.1918533105473",2012,5755,1150,3,"34"
346,"2704500","1116500","8.792296569051524","46.1918533105473",2013,5755,1150,3,"32"
346,"2704500","1116500","8.792296569051524","46.1918533105473",2014,5755,1150,3,"30"
346,"2704500","1116500","8.792296569051524","46.1918533105473",2015,5755,1150,3,"34"
346,"2704500","1116500","8.792296569051524","46.1918533105473",2016,5755,1150,3,"33"
346,"2704500","1116500","8.792296569051524","46.1918533105473",2017,5755,1150,3,"33"
346,"2704500","1116500","8.792296569051524","46.1918533105473",2018,5755,1150,3,"37"
346,"2704500","1116500","8.792296569051524","46.1918533105473",2019,5755,1150,3,"36"
346,"2704500","1116500","8.792296569051524","46.1918533105473",2020,5755,1150,3,"30"
346,"2704500","1116500","8.792296569051524","46.1918533105473",2021,5755,1150,3,"32"
346,"2704500","1116500","8.792296569051524","46.1918533105473",2022,5755,1150,3,"40"
346,"2704500","1116500","8.792296569051524","46.1918533105473",2023,5755,1150,3,"33"
346,"2704500","1116500","8.792296569051524","46.1918533105473",2024,5755,1150,3,"32"
346,"2704500","1116500","8.792296569051524","46.1918533105473",2025,5755,1150,3,"35"
347,"2635500","1126500","7.899297978741043","46.28897957768867",1999,4961,1050,3,"28"
347,"2635500","1126500","7.899297978741043","46.28897957768867",2000,4961,1050,3,"32"
347,"2635500","1126500","7.899297978741043","46.28897957768867",2001,4961,1050,3,"30"
347,"2635500","1126500","7.899297978741043","46.28897957768867",2002,4961,1050,3,"29"
347,"2635500","1126500","7.899297978741043","46.28897957768867",2003,4961,1050,3,"33"
347,"2635500","1126500","7.899297978741043","46.28897957768867",2004,4961,1050,3,"30"
347,"2635500","1126500","7.899297978741043","46.28897957768867",2005,4961,1050,3,"34"
347,"2635500","1126500","7.899297978741043","46.28897957768867",2006,4961,1050,3,"30"
347,"2635500","1126500","7.899297978741043","46.28897957768867",2007,4961,1050,3,"29"
347,"2635500","1126500","7.899297978741043","46.28897957768867",2008,4961,1050,3,"28"
347,"2635500","1126500","7.899297978741043","46.28897957768867",2009,4961,1050,3,"30"
347,"2635500","1126500","7.899297978741043","46.28897957768867",2010,4961,1050,3,"33"
347,"2635500","1126500","7.899297978741043","46.28897957768867",2012,4961,1050,3,"32"
347,"2635500","1126500","7.899297978741043","46.28897957768867",2013,4961,1050,3,"31"
347,"2635500","1126500","7.899297978741043","46.28897957768867",2014,4961,1050,3,"28"
347,"2635500","1126500","7.899297978741043","46.28897957768867",2015,4961,1050,3,"35"
347,"2635500","1126500","7.899297978741043","46.28897957768867",2016,4961,1050,3,"33"
347,"2635500","1126500","7.899297978741043","46.28897957768867",2017,4961,1050,3,"33"
347,"2635500","1126500","7.899297978741043","46.28897957768867",2018,4961,1050,3,"36"
347,"2635500","1126500","7.899297978741043","46.28897957768867",2019,4961,1050,3,"30"
347,"2635500","1126500","7.899297978741043","46.28897957768867",2020,4961,1050,3,"37"
347,"2635500","1126500","7.899297978741043","46.28897957768867",2021,4961,1050,3,"39"
347,"2635500","1126500","7.899297978741043","46.28897957768867",2022,4961,1050,3,"37"
347,"2635500","1126500","7.899297978741043","46.28897957768867",2023,4961,1050,3,"39"
347,"2635500","1126500","7.899297978741043","46.28897957768867",2024,4961,1050,3,"40"
347,"2635500","1126500","7.899297978741043","46.28897957768867",2025,4961,1050,3,"41"
348,"2635500","1158500","7.901745792531087","46.57683424398206",1999,5041,1450,3,"32"
348,"2635500","1158500","7.901745792531087","46.57683424398206",2000,5041,1450,3,"47"
348,"2635500","1158500","7.901745792531087","46.57683424398206",2001,5041,1450,3,"42"
348,"2635500","1158500","7.901745792531087","46.57683424398206",2002,5041,1450,3,"44"
348,"2635500","1158500","7.901745792531087","46.57683424398206",2003,5041,1450,3,"41"
348,"2635500","1158500","7.901745792531087","46.57683424398206",2004,5041,1450,3,"38"
348,"2635500","1158500","7.901745792531087","46.57683424398206",2005,5041,1450,3,"45"
348,"2635500","1158500","7.901745792531087","46.57683424398206",2006,5041,1450,3,"39"
348,"2635500","1158500","7.901745792531087","46.57683424398206",2007,5041,1450,3,"40"
348,"2635500","1158500","7.901745792531087","46.57683424398206",2008,5041,1450,3,"41"
348,"2635500","1158500","7.901745792531087","46.57683424398206",2009,5041,1450,3,"38"
348,"2635500","1158500","7.901745792531087","46.57683424398206",2010,5041,1450,3,"44"
348,"2635500","1158500","7.901745792531087","46.57683424398206",2011,5041,1450,3,"36"
348,"2635500","1158500","7.901745792531087","46.57683424398206",2012,5041,1450,3,"42"
348,"2635500","1158500","7.901745792531087","46.57683424398206",2013,5041,1450,3,"47"
348,"2635500","1158500","7.901745792531087","46.57683424398206",2014,5041,1450,3,"45"
348,"2635500","1158500","7.901745792531087","46.57683424398206",2015,5041,1450,3,"49"
348,"2635500","1158500","7.901745792531087","46.57683424398206",2016,5041,1450,3,"47"
348,"2635500","1158500","7.901745792531087","46.57683424398206",2017,5041,1450,3,"47"
348,"2635500","1158500","7.901745792531087","46.57683424398206",2018,5041,1450,3,"54"
348,"2635500","1158500","7.901745792531087","46.57683424398206",2019,5041,1450,3,"52"
348,"2635500","1158500","7.901745792531087","46.57683424398206",2020,5041,1450,3,"52"
348,"2635500","1158500","7.901745792531087","46.57683424398206",2021,5041,1450,3,"47"
348,"2635500","1158500","7.901745792531087","46.57683424398206",2022,5041,1450,3,"54"
348,"2635500","1158500","7.901745792531087","46.57683424398206",2023,5041,1450,3,"52"
348,"2635500","1158500","7.901745792531087","46.57683424398206",2024,5041,1450,3,"48"
348,"2635500","1158500","7.901745792531087","46.57683424398206",2025,5041,1450,3,"40"
349,"2635500","1190500","7.904219705406805","46.86468373389232",1999,6710,850,3,"40"
349,"2635500","1190500","7.904219705406805","46.86468373389232",2000,6710,850,3,"31"
349,"2635500","1190500","7.904219705406805","46.86468373389232",2001,6710,850,3,"31"
349,"2635500","1190500","7.904219705406805","46.86468373389232",2002,6710,850,3,"31"
349,"2635500","1190500","7.904219705406805","46.86468373389232",2003,6710,850,3,"40"
349,"2635500","1190500","7.904219705406805","46.86468373389232",2004,6710,850,3,"44"
349,"2635500","1190500","7.904219705406805","46.86468373389232",2005,6710,850,3,"39"
349,"2635500","1190500","7.904219705406805","46.86468373389232",2006,6710,850,3,"39"
349,"2635500","1190500","7.904219705406805","46.86468373389232",2007,6710,850,3,"41"
349,"2635500","1190500","7.904219705406805","46.86468373389232",2008,6710,850,3,"45"
349,"2635500","1190500","7.904219705406805","46.86468373389232",2009,6710,850,3,"45"
349,"2635500","1190500","7.904219705406805","46.86468373389232",2010,6710,850,3,"50"
349,"2635500","1190500","7.904219705406805","46.86468373389232",2011,6710,850,3,"47"
349,"2635500","1190500","7.904219705406805","46.86468373389232",2012,6710,850,3,"44"
349,"2635500","1190500","7.904219705406805","46.86468373389232",2013,6710,850,3,"43"
349,"2635500","1190500","7.904219705406805","46.86468373389232",2014,6710,850,3,"44"
349,"2635500","1190500","7.904219705406805","46.86468373389232",2015,6710,850,3,"50"
349,"2635500","1190500","7.904219705406805","46.86468373389232",2016,6710,850,3,"44"
349,"2635500","1190500","7.904219705406805","46.86468373389232",2017,6710,850,3,"47"
349,"2635500","1190500","7.904219705406805","46.86468373389232",2018,6710,850,3,"42"
349,"2635500","1190500","7.904219705406805","46.86468373389232",2019,6710,850,3,"42"
349,"2635500","1190500","7.904219705406805","46.86468373389232",2020,6710,850,3,"46"
349,"2635500","1190500","7.904219705406805","46.86468373389232",2021,6710,850,3,"45"
349,"2635500","1190500","7.904219705406805","46.86468373389232",2022,6710,850,3,"44"
349,"2635500","1190500","7.904219705406805","46.86468373389232",2023,6710,850,3,"43"
349,"2635500","1190500","7.904219705406805","46.86468373389232",2024,6710,850,3,"47"
349,"2635500","1190500","7.904219705406805","46.86468373389232",2025,6710,850,3,"47"
350,"2635500","1206500","7.905466599572641","47.00860427649629",1999,6864,1250,3,"38"
350,"2635500","1206500","7.905466599572641","47.00860427649629",2000,6864,1250,3,"40"
350,"2635500","1206500","7.905466599572641","47.00860427649629",2001,6864,1250,3,"38"
350,"2635500","1206500","7.905466599572641","47.00860427649629",2002,6864,1250,3,"39"
350,"2635500","1206500","7.905466599572641","47.00860427649629",2003,6864,1250,3,"40"
350,"2635500","1206500","7.905466599572641","47.00860427649629",2004,6864,1250,3,"28"
350,"2635500","1206500","7.905466599572641","47.00860427649629",2005,6864,1250,3,"35"
350,"2635500","1206500","7.905466599572641","47.00860427649629",2006,6864,1250,3,"37"
350,"2635500","1206500","7.905466599572641","47.00860427649629",2007,6864,1250,3,"35"
350,"2635500","1206500","7.905466599572641","47.00860427649629",2008,6864,1250,3,"37"
350,"2635500","1206500","7.905466599572641","47.00860427649629",2009,6864,1250,3,"40"
350,"2635500","1206500","7.905466599572641","47.00860427649629",2010,6864,1250,3,"39"
350,"2635500","1206500","7.905466599572641","47.00860427649629",2011,6864,1250,3,"41"
350,"2635500","1206500","7.905466599572641","47.00860427649629",2012,6864,1250,3,"32"
350,"2635500","1206500","7.905466599572641","47.00860427649629",2013,6864,1250,3,"30"
350,"2635500","1206500","7.905466599572641","47.00860427649629",2014,6864,1250,3,"33"
350,"2635500","1206500","7.905466599572641","47.00860427649629",2015,6864,1250,3,"33"
350,"2635500","1206500","7.905466599572641","47.00860427649629",2016,6864,1250,3,"36"
350,"2635500","1206500","7.905466599572641","47.00860427649629",2017,6864,1250,3,"38"
350,"2635500","1206500","7.905466599572641","47.00860427649629",2018,6864,1250,3,"42"
350,"2635500","1206500","7.905466599572641","47.00860427649629",2019,6864,1250,3,"44"
350,"2635500","1206500","7.905466599572641","47.00860427649629",2020,6864,1250,3,"48"
350,"2635500","1206500","7.905466599572641","47.00860427649629",2021,6864,1250,3,"49"
350,"2635500","1206500","7.905466599572641","47.00860427649629",2022,6864,1250,3,"45"
350,"2635500","1206500","7.905466599572641","47.00860427649629",2023,6864,1250,3,"38"
350,"2635500","1206500","7.905466599572641","47.00860427649629",2024,6864,1250,3,"48"
350,"2635500","1206500","7.905466599572641","47.00860427649629",2025,6864,1250,3,"43"
351,"2635500","1254500","7.909247773377776","47.44033824564739",1999,6273,550,3,"31"
351,"2635500","1254500","7.909247773377776","47.44033824564739",2000,6273,550,3,"37"
351,"2635500","1254500","7.909247773377776","47.44033824564739",2001,6273,550,3,"37"
351,"2635500","1254500","7.909247773377776","47.44033824564739",2002,6273,550,3,"37"
351,"2635500","1254500","7.909247773377776","47.44033824564739",2003,6273,550,3,"40"
351,"2635500","1254500","7.909247773377776","47.44033824564739",2004,6273,550,3,"36"
351,"2635500","1254500","7.909247773377776","47.44033824564739",2005,6273,550,3,"37"
351,"2635500","1254500","7.909247773377776","47.44033824564739",2006,6273,550,3,"36"
351,"2635500","1254500","7.909247773377776","47.44033824564739",2007,6273,550,3,"35"
351,"2635500","1254500","7.909247773377776","47.44033824564739",2008,6273,550,3,"37"
351,"2635500","1254500","7.909247773377776","47.44033824564739",2009,6273,550,3,"47"
351,"2635500","1254500","7.909247773377776","47.44033824564739",2010,6273,550,3,"34"
351,"2635500","1254500","7.909247773377776","47.44033824564739",2011,6273,550,3,"34"
351,"2635500","1254500","7.909247773377776","47.44033824564739",2012,6273,550,3,"37"
351,"2635500","1254500","7.909247773377776","47.44033824564739",2013,6273,550,3,"35"
351,"2635500","1254500","7.909247773377776","47.44033824564739",2014,6273,550,3,"33"
351,"2635500","1254500","7.909247773377776","47.44033824564739",2015,6273,550,3,"35"
351,"2635500","1254500","7.909247773377776","47.44033824564739",2016,6273,550,3,"40"
351,"2635500","1254500","7.909247773377776","47.44033824564739",2017,6273,550,3,"40"
351,"2635500","1254500","7.909247773377776","47.44033824564739",2018,6273,550,3,"42"
351,"2635500","1254500","7.909247773377776","47.44033824564739",2019,6273,550,3,"41"
351,"2635500","1254500","7.909247773377776","47.44033824564739",2020,6273,550,3,"37"
351,"2635500","1254500","7.909247773377776","47.44033824564739",2021,6273,550,3,"42"
351,"2635500","1254500","7.909247773377776","47.44033824564739",2022,6273,550,3,"40"
351,"2635500","1254500","7.909247773377776","47.44033824564739",2023,6273,550,3,"41"
351,"2635500","1254500","7.909247773377776","47.44033824564739",2024,6273,550,3,"46"
351,"2635500","1254500","7.909247773377776","47.44033824564739",2025,6273,550,3,"41"
352,"2641500","1110500","7.975732861556036","46.14471016269086",1999,5823,2750,2,"9"
352,"2641500","1110500","7.975732861556036","46.14471016269086",2000,5823,2750,2,"6"
352,"2641500","1110500","7.975732861556036","46.14471016269086",2001,5823,2750,2,"8"
352,"2641500","1110500","7.975732861556036","46.14471016269086",2002,5823,2750,2,"7"
352,"2641500","1110500","7.975732861556036","46.14471016269086",2003,5823,2750,2,"7"
352,"2641500","1110500","7.975732861556036","46.14471016269086",2004,5823,2750,2,"7"
352,"2641500","1110500","7.975732861556036","46.14471016269086",2005,5823,2750,2,"6"
352,"2641500","1110500","7.975732861556036","46.14471016269086",2006,5823,2750,2,"7"
352,"2641500","1110500","7.975732861556036","46.14471016269086",2007,5823,2750,2,"7"
352,"2641500","1110500","7.975732861556036","46.14471016269086",2008,5823,2750,2,"7"
352,"2641500","1110500","7.975732861556036","46.14471016269086",2009,5823,2750,2,"7"
352,"2641500","1110500","7.975732861556036","46.14471016269086",2010,5823,2750,2,"6"
352,"2641500","1110500","7.975732861556036","46.14471016269086",2011,5823,2750,2,"7"
352,"2641500","1110500","7.975732861556036","46.14471016269086",2012,5823,2750,2,"8"
352,"2641500","1110500","7.975732861556036","46.14471016269086",2013,5823,2750,2,"5"
352,"2641500","1110500","7.975732861556036","46.14471016269086",2014,5823,2750,2,"6"
352,"2641500","1110500","7.975732861556036","46.14471016269086",2015,5823,2750,2,"7"
352,"2641500","1110500","7.975732861556036","46.14471016269086",2016,5823,2750,2,"7"
352,"2641500","1110500","7.975732861556036","46.14471016269086",2017,5823,2750,2,"6"
352,"2641500","1110500","7.975732861556036","46.14471016269086",2018,5823,2750,2,"7"
352,"2641500","1110500","7.975732861556036","46.14471016269086",2019,5823,2750,2,"5"
352,"2641500","1110500","7.975732861556036","46.14471016269086",2020,5823,2750,2,"5"
352,"2641500","1110500","7.975732861556036","46.14471016269086",2021,5823,2750,2,"5"
352,"2641500","1110500","7.975732861556036","46.14471016269086",2022,5823,2750,2,"6"
352,"2641500","1110500","7.975732861556036","46.14471016269086",2023,5823,2750,2,"5"
352,"2641500","1110500","7.975732861556036","46.14471016269086",2024,5823,2750,2,"5"
352,"2641500","1110500","7.975732861556036","46.14471016269086",2025,5823,2750,2,"8"
353,"2641500","1118500","7.976441874213169","46.2166731003844",1999,4934,2450,2,"10"
353,"2641500","1118500","7.976441874213169","46.2166731003844",2000,4934,2450,2,"7"
353,"2641500","1118500","7.976441874213169","46.2166731003844",2001,4934,2450,2,"6"
353,"2641500","1118500","7.976441874213169","46.2166731003844",2002,4934,2450,2,"9"
353,"2641500","1118500","7.976441874213169","46.2166731003844",2003,4934,2450,2,"9"
353,"2641500","1118500","7.976441874213169","46.2166731003844",2004,4934,2450,2,"12"
353,"2641500","1118500","7.976441874213169","46.2166731003844",2005,4934,2450,2,"5"
353,"2641500","1118500","7.976441874213169","46.2166731003844",2006,4934,2450,2,"8"
353,"2641500","1118500","7.976441874213169","46.2166731003844",2007,4934,2450,2,"6"
353,"2641500","1118500","7.976441874213169","46.2166731003844",2008,4934,2450,2,"10"
353,"2641500","1118500","7.976441874213169","46.2166731003844",2009,4934,2450,2,"7"
353,"2641500","1118500","7.976441874213169","46.2166731003844",2010,4934,2450,2,"9"
353,"2641500","1118500","7.976441874213169","46.2166731003844",2011,4934,2450,2,"6"
353,"2641500","1118500","7.976441874213169","46.2166731003844",2012,4934,2450,2,"7"
353,"2641500","1118500","7.976441874213169","46.2166731003844",2013,4934,2450,2,"4"
353,"2641500","1118500","7.976441874213169","46.2166731003844",2014,4934,2450,2,"6"
353,"2641500","1118500","7.976441874213169","46.2166731003844",2015,4934,2450,2,"6"
353,"2641500","1118500","7.976441874213169","46.2166731003844",2016,4934,2450,2,"8"
353,"2641500","1118500","7.976441874213169","46.2166731003844",2017,4934,2450,2,"7"
353,"2641500","1118500","7.976441874213169","46.2166731003844",2018,4934,2450,2,"7"
353,"2641500","1118500","7.976441874213169","46.2166731003844",2019,4934,2450,2,"8"
353,"2641500","1118500","7.976441874213169","46.2166731003844",2020,4934,2450,2,"7"
353,"2641500","1118500","7.976441874213169","46.2166731003844",2021,4934,2450,2,"8"
353,"2641500","1118500","7.976441874213169","46.2166731003844",2022,4934,2450,2,"8"
353,"2641500","1118500","7.976441874213169","46.2166731003844",2023,4934,2450,2,"9"
353,"2641500","1118500","7.976441874213169","46.2166731003844",2024,4934,2450,2,"9"
353,"2641500","1118500","7.976441874213169","46.2166731003844",2025,4934,2450,2,"9"
354,"2641500","1134500","7.977865501801792","46.360599584919356",1999,6164,1450,3,"48"
354,"2641500","1134500","7.977865501801792","46.360599584919356",2000,6164,1450,3,"47"
354,"2641500","1134500","7.977865501801792","46.360599584919356",2001,6164,1450,3,"50"
354,"2641500","1134500","7.977865501801792","46.360599584919356",2002,6164,1450,3,"47"
354,"2641500","1134500","7.977865501801792","46.360599584919356",2003,6164,1450,3,"53"
354,"2641500","1134500","7.977865501801792","46.360599584919356",2004,6164,1450,3,"55"
354,"2641500","1134500","7.977865501801792","46.360599584919356",2005,6164,1450,3,"42"
354,"2641500","1134500","7.977865501801792","46.360599584919356",2006,6164,1450,3,"46"
354,"2641500","1134500","7.977865501801792","46.360599584919356",2007,6164,1450,3,"43"
354,"2641500","1134500","7.977865501801792","46.360599584919356",2008,6164,1450,3,"41"
354,"2641500","1134500","7.977865501801792","46.360599584919356",2009,6164,1450,3,"44"
354,"2641500","1134500","7.977865501801792","46.360599584919356",2010,6164,1450,3,"49"
354,"2641500","1134500","7.977865501801792","46.360599584919356",2011,6164,1450,3,"43"
354,"2641500","1134500","7.977865501801792","46.360599584919356",2012,6164,1450,3,"45"
354,"2641500","1134500","7.977865501801792","46.360599584919356",2013,6164,1450,3,"49"
354,"2641500","1134500","7.977865501801792","46.360599584919356",2014,6164,1450,3,"47"
354,"2641500","1134500","7.977865501801792","46.360599584919356",2015,6164,1450,3,"47"
354,"2641500","1134500","7.977865501801792","46.360599584919356",2016,6164,1450,3,"40"
354,"2641500","1134500","7.977865501801792","46.360599584919356",2017,6164,1450,3,"47"
354,"2641500","1134500","7.977865501801792","46.360599584919356",2018,6164,1450,3,"45"
354,"2641500","1134500","7.977865501801792","46.360599584919356",2019,6164,1450,3,"47"
354,"2641500","1134500","7.977865501801792","46.360599584919356",2020,6164,1450,3,"42"
354,"2641500","1134500","7.977865501801792","46.360599584919356",2021,6164,1450,3,"43"
354,"2641500","1134500","7.977865501801792","46.360599584919356",2022,6164,1450,3,"42"
354,"2641500","1134500","7.977865501801792","46.360599584919356",2023,6164,1450,3,"42"
354,"2641500","1134500","7.977865501801792","46.360599584919356",2024,6164,1450,3,"39"
354,"2641500","1134500","7.977865501801792","46.360599584919356",2025,6164,1450,3,"50"
355,"2641500","1182500","7.982181820707667","46.79237576847978",2000,6114,1450,3,"26"
355,"2641500","1182500","7.982181820707667","46.79237576847978",2001,6114,1450,3,"28"
355,"2641500","1182500","7.982181820707667","46.79237576847978",2002,6114,1450,3,"29"
355,"2641500","1182500","7.982181820707667","46.79237576847978",2003,6114,1450,3,"33"
355,"2641500","1182500","7.982181820707667","46.79237576847978",2004,6114,1450,3,"32"
355,"2641500","1182500","7.982181820707667","46.79237576847978",2005,6114,1450,3,"35"
355,"2641500","1182500","7.982181820707667","46.79237576847978",2006,6114,1450,3,"28"
355,"2641500","1182500","7.982181820707667","46.79237576847978",2007,6114,1450,3,"33"
355,"2641500","1182500","7.982181820707667","46.79237576847978",2008,6114,1450,3,"37"
355,"2641500","1182500","7.982181820707667","46.79237576847978",2009,6114,1450,3,"32"
355,"2641500","1182500","7.982181820707667","46.79237576847978",2010,6114,1450,3,"41"
355,"2641500","1182500","7.982181820707667","46.79237576847978",2011,6114,1450,3,"40"
355,"2641500","1182500","7.982181820707667","46.79237576847978",2012,6114,1450,3,"35"
355,"2641500","1182500","7.982181820707667","46.79237576847978",2013,6114,1450,3,"34"
355,"2641500","1182500","7.982181820707667","46.79237576847978",2014,6114,1450,3,"36"
355,"2641500","1182500","7.982181820707667","46.79237576847978",2015,6114,1450,3,"39"
355,"2641500","1182500","7.982181820707667","46.79237576847978",2016,6114,1450,3,"38"
355,"2641500","1182500","7.982181820707667","46.79237576847978",2017,6114,1450,3,"36"
355,"2641500","1182500","7.982181820707667","46.79237576847978",2018,6114,1450,3,"33"
355,"2641500","1182500","7.982181820707667","46.79237576847978",2019,6114,1450,3,"36"
355,"2641500","1182500","7.982181820707667","46.79237576847978",2020,6114,1450,3,"37"
355,"2641500","1182500","7.982181820707667","46.79237576847978",2021,6114,1450,3,"35"
355,"2641500","1182500","7.982181820707667","46.79237576847978",2022,6114,1450,3,"36"
355,"2641500","1182500","7.982181820707667","46.79237576847978",2023,6114,1450,3,"38"
355,"2641500","1182500","7.982181820707667","46.79237576847978",2024,6114,1450,3,"34"
355,"2641500","1182500","7.982181820707667","46.79237576847978",2025,6114,1450,3,"37"
356,"2641500","1198500","7.983635971729107","46.936297057526694",1999,5169,750,3,"43"
356,"2641500","1198500","7.983635971729107","46.936297057526694",2000,5169,750,3,"43"
356,"2641500","1198500","7.983635971729107","46.936297057526694",2001,5169,750,3,"37"
356,"2641500","1198500","7.983635971729107","46.936297057526694",2002,5169,750,3,"40"
356,"2641500","1198500","7.983635971729107","46.936297057526694",2003,5169,750,3,"36"
356,"2641500","1198500","7.983635971729107","46.936297057526694",2004,5169,750,3,"35"
356,"2641500","1198500","7.983635971729107","46.936297057526694",2005,5169,750,3,"36"
356,"2641500","1198500","7.983635971729107","46.936297057526694",2006,5169,750,3,"38"
356,"2641500","1198500","7.983635971729107","46.936297057526694",2007,5169,750,3,"35"
356,"2641500","1198500","7.983635971729107","46.936297057526694",2008,5169,750,3,"38"
356,"2641500","1198500","7.983635971729107","46.936297057526694",2009,5169,750,3,"36"
356,"2641500","1198500","7.983635971729107","46.936297057526694",2010,5169,750,3,"39"
356,"2641500","1198500","7.983635971729107","46.936297057526694",2011,5169,750,3,"42"
356,"2641500","1198500","7.983635971729107","46.936297057526694",2012,5169,750,3,"42"
356,"2641500","1198500","7.983635971729107","46.936297057526694",2013,5169,750,3,"43"
356,"2641500","1198500","7.983635971729107","46.936297057526694",2014,5169,750,3,"45"
356,"2641500","1198500","7.983635971729107","46.936297057526694",2015,5169,750,3,"44"
356,"2641500","1198500","7.983635971729107","46.936297057526694",2016,5169,750,3,"48"
356,"2641500","1198500","7.983635971729107","46.936297057526694",2017,5169,750,3,"44"
356,"2641500","1198500","7.983635971729107","46.936297057526694",2018,5169,750,3,"42"
356,"2641500","1198500","7.983635971729107","46.936297057526694",2019,5169,750,3,"49"
356,"2641500","1198500","7.983635971729107","46.936297057526694",2020,5169,750,3,"47"
356,"2641500","1198500","7.983635971729107","46.936297057526694",2021,5169,750,3,"47"
356,"2641500","1198500","7.983635971729107","46.936297057526694",2022,5169,750,3,"50"
356,"2641500","1198500","7.983635971729107","46.936297057526694",2023,5169,750,3,"47"
356,"2641500","1198500","7.983635971729107","46.936297057526694",2024,5169,750,3,"47"
356,"2641500","1198500","7.983635971729107","46.936297057526694",2025,5169,750,3,"48"
357,"2641500","1230500","7.9865677685744005","47.224128051297825",2000,4534,450,3,"29"
357,"2641500","1230500","7.9865677685744005","47.224128051297825",2001,4534,450,3,"33"
357,"2641500","1230500","7.9865677685744005","47.224128051297825",2002,4534,450,3,"31"
357,"2641500","1230500","7.9865677685744005","47.224128051297825",2003,4534,450,3,"29"
357,"2641500","1230500","7.9865677685744005","47.224128051297825",2004,4534,450,3,"27"
357,"2641500","1230500","7.9865677685744005","47.224128051297825",2005,4534,450,3,"27"
357,"2641500","1230500","7.9865677685744005","47.224128051297825",2006,4534,450,3,"24"
357,"2641500","1230500","7.9865677685744005","47.224128051297825",2007,4534,450,3,"29"
357,"2641500","1230500","7.9865677685744005","47.224128051297825",2008,4534,450,3,"26"
357,"2641500","1230500","7.9865677685744005","47.224128051297825",2009,4534,450,3,"22"
357,"2641500","1230500","7.9865677685744005","47.224128051297825",2010,4534,450,3,"22"
357,"2641500","1230500","7.9865677685744005","47.224128051297825",2011,4534,450,3,"30"
357,"2641500","1230500","7.9865677685744005","47.224128051297825",2012,4534,450,3,"34"
357,"2641500","1230500","7.9865677685744005","47.224128051297825",2013,4534,450,3,"28"
357,"2641500","1230500","7.9865677685744005","47.224128051297825",2014,4534,450,3,"25"
357,"2641500","1230500","7.9865677685744005","47.224128051297825",2015,4534,450,3,"26"
357,"2641500","1230500","7.9865677685744005","47.224128051297825",2016,4534,450,3,"25"
357,"2641500","1230500","7.9865677685744005","47.224128051297825",2017,4534,450,3,"26"
357,"2641500","1230500","7.9865677685744005","47.224128051297825",2018,4534,450,3,"25"
357,"2641500","1230500","7.9865677685744005","47.224128051297825",2019,4534,450,3,"26"
357,"2641500","1230500","7.9865677685744005","47.224128051297825",2020,4534,450,3,"31"
357,"2641500","1230500","7.9865677685744005","47.224128051297825",2021,4534,450,3,"26"
357,"2641500","1230500","7.9865677685744005","47.224128051297825",2022,4534,450,3,"27"
357,"2641500","1230500","7.9865677685744005","47.224128051297825",2023,4534,450,3,"31"
357,"2641500","1230500","7.9865677685744005","47.224128051297825",2024,4534,450,3,"24"
357,"2641500","1230500","7.9865677685744005","47.224128051297825",2025,4534,450,3,"30"
358,"2643500","1167500","8.00695423580524","46.65731993385125",1999,4760,2050,2,"14"
358,"2643500","1167500","8.00695423580524","46.65731993385125",2000,4760,2050,2,"18"
358,"2643500","1167500","8.00695423580524","46.65731993385125",2001,4760,2050,2,"18"
358,"2643500","1167500","8.00695423580524","46.65731993385125",2002,4760,2050,2,"17"
358,"2643500","1167500","8.00695423580524","46.65731993385125",2003,4760,2050,2,"19"
358,"2643500","1167500","8.00695423580524","46.65731993385125",2004,4760,2050,2,"19"
358,"2643500","1167500","8.00695423580524","46.65731993385125",2005,4760,2050,2,"19"
358,"2643500","1167500","8.00695423580524","46.65731993385125",2006,4760,2050,2,"11"
358,"2643500","1167500","8.00695423580524","46.65731993385125",2007,4760,2050,2,"20"
358,"2643500","1167500","8.00695423580524","46.65731993385125",2008,4760,2050,2,"17"
358,"2643500","1167500","8.00695423580524","46.65731993385125",2009,4760,2050,2,"16"
358,"2643500","1167500","8.00695423580524","46.65731993385125",2010,4760,2050,2,"16"
358,"2643500","1167500","8.00695423580524","46.65731993385125",2011,4760,2050,2,"22"
358,"2643500","1167500","8.00695423580524","46.65731993385125",2012,4760,2050,2,"17"
358,"2643500","1167500","8.00695423580524","46.65731993385125",2014,4760,2050,2,"17"
358,"2643500","1167500","8.00695423580524","46.65731993385125",2015,4760,2050,2,"13"
358,"2643500","1167500","8.00695423580524","46.65731993385125",2016,4760,2050,2,"23"
358,"2643500","1167500","8.00695423580524","46.65731993385125",2017,4760,2050,2,"24"
358,"2643500","1167500","8.00695423580524","46.65731993385125",2018,4760,2050,2,"20"
358,"2643500","1167500","8.00695423580524","46.65731993385125",2019,4760,2050,2,"23"
358,"2643500","1167500","8.00695423580524","46.65731993385125",2020,4760,2050,2,"19"
358,"2643500","1167500","8.00695423580524","46.65731993385125",2021,4760,2050,2,"19"
358,"2643500","1167500","8.00695423580524","46.65731993385125",2022,4760,2050,2,"23"
358,"2643500","1167500","8.00695423580524","46.65731993385125",2023,4760,2050,2,"24"
358,"2643500","1167500","8.00695423580524","46.65731993385125",2024,4760,2050,2,"25"
359,"2647500","1118500","8.054192651856743","46.216276723148596",1999,5318,2050,3,"25"
359,"2647500","1118500","8.054192651856743","46.216276723148596",2000,5318,2050,3,"23"
359,"2647500","1118500","8.054192651856743","46.216276723148596",2001,5318,2050,3,"30"
359,"2647500","1118500","8.054192651856743","46.216276723148596",2002,5318,2050,3,"35"
359,"2647500","1118500","8.054192651856743","46.216276723148596",2003,5318,2050,3,"32"
359,"2647500","1118500","8.054192651856743","46.216276723148596",2004,5318,2050,3,"30"
359,"2647500","1118500","8.054192651856743","46.216276723148596",2005,5318,2050,3,"33"
359,"2647500","1118500","8.054192651856743","46.216276723148596",2006,5318,2050,3,"28"
359,"2647500","1118500","8.054192651856743","46.216276723148596",2007,5318,2050,3,"33"
359,"2647500","1118500","8.054192651856743","46.216276723148596",2008,5318,2050,3,"29"
359,"2647500","1118500","8.054192651856743","46.216276723148596",2009,5318,2050,3,"24"
359,"2647500","1118500","8.054192651856743","46.216276723148596",2010,5318,2050,3,"31"
359,"2647500","1118500","8.054192651856743","46.216276723148596",2011,5318,2050,3,"32"
359,"2647500","1118500","8.054192651856743","46.216276723148596",2012,5318,2050,3,"31"
359,"2647500","1118500","8.054192651856743","46.216276723148596",2013,5318,2050,3,"28"
359,"2647500","1118500","8.054192651856743","46.216276723148596",2014,5318,2050,3,"30"
359,"2647500","1118500","8.054192651856743","46.216276723148596",2015,5318,2050,3,"26"
359,"2647500","1118500","8.054192651856743","46.216276723148596",2016,5318,2050,3,"29"
359,"2647500","1118500","8.054192651856743","46.216276723148596",2017,5318,2050,3,"27"
359,"2647500","1118500","8.054192651856743","46.216276723148596",2018,5318,2050,3,"26"
359,"2647500","1118500","8.054192651856743","46.216276723148596",2019,5318,2050,3,"32"
359,"2647500","1118500","8.054192651856743","46.216276723148596",2020,5318,2050,3,"24"
359,"2647500","1118500","8.054192651856743","46.216276723148596",2021,5318,2050,3,"25"
359,"2647500","1118500","8.054192651856743","46.216276723148596",2022,5318,2050,3,"28"
359,"2647500","1118500","8.054192651856743","46.216276723148596",2023,5318,2050,3,"32"
359,"2647500","1118500","8.054192651856743","46.216276723148596",2024,5318,2050,3,"32"
359,"2647500","1118500","8.054192651856743","46.216276723148596",2025,5318,2050,3,"35"
360,"2647500","1126500","8.05500647057638","46.288239382613924",1999,7114,1750,3,"24"
360,"2647500","1126500","8.05500647057638","46.288239382613924",2000,7114,1750,3,"25"
360,"2647500","1126500","8.05500647057638","46.288239382613924",2001,7114,1750,3,"27"
360,"2647500","1126500","8.05500647057638","46.288239382613924",2002,7114,1750,3,"30"
360,"2647500","1126500","8.05500647057638","46.288239382613924",2003,7114,1750,3,"28"
360,"2647500","1126500","8.05500647057638","46.288239382613924",2004,7114,1750,3,"30"
360,"2647500","1126500","8.05500647057638","46.288239382613924",2005,7114,1750,3,"33"
360,"2647500","1126500","8.05500647057638","46.288239382613924",2006,7114,1750,3,"29"
360,"2647500","1126500","8.05500647057638","46.288239382613924",2007,7114,1750,3,"26"
360,"2647500","1126500","8.05500647057638","46.288239382613924",2008,7114,1750,3,"35"
360,"2647500","1126500","8.05500647057638","46.288239382613924",2009,7114,1750,3,"34"
360,"2647500","1126500","8.05500647057638","46.288239382613924",2010,7114,1750,3,"31"
360,"2647500","1126500","8.05500647057638","46.288239382613924",2011,7114,1750,3,"32"
360,"2647500","1126500","8.05500647057638","46.288239382613924",2012,7114,1750,3,"31"
360,"2647500","1126500","8.05500647057638","46.288239382613924",2013,7114,1750,3,"31"
360,"2647500","1126500","8.05500647057638","46.288239382613924",2014,7114,1750,3,"32"
360,"2647500","1126500","8.05500647057638","46.288239382613924",2015,7114,1750,3,"33"
360,"2647500","1126500","8.05500647057638","46.288239382613924",2016,7114,1750,3,"36"
360,"2647500","1126500","8.05500647057638","46.288239382613924",2017,7114,1750,3,"29"
360,"2647500","1126500","8.05500647057638","46.288239382613924",2018,7114,1750,3,"32"
360,"2647500","1126500","8.05500647057638","46.288239382613924",2019,7114,1750,3,"37"
360,"2647500","1126500","8.05500647057638","46.288239382613924",2020,7114,1750,3,"34"
360,"2647500","1126500","8.05500647057638","46.288239382613924",2021,7114,1750,3,"37"
360,"2647500","1126500","8.05500647057638","46.288239382613924",2022,7114,1750,3,"30"
360,"2647500","1126500","8.05500647057638","46.288239382613924",2023,7114,1750,3,"35"
360,"2647500","1126500","8.05500647057638","46.288239382613924",2024,7114,1750,3,"40"
360,"2647500","1126500","8.05500647057638","46.288239382613924",2025,7114,1750,3,"39"
361,"2647500","1174500","8.059934761716864","46.72001403242532",1999,5193,1650,3,"30"
361,"2647500","1174500","8.059934761716864","46.72001403242532",2000,5193,1650,3,"33"
361,"2647500","1174500","8.059934761716864","46.72001403242532",2001,5193,1650,3,"37"
361,"2647500","1174500","8.059934761716864","46.72001403242532",2002,5193,1650,3,"37"
361,"2647500","1174500","8.059934761716864","46.72001403242532",2003,5193,1650,3,"39"
361,"2647500","1174500","8.059934761716864","46.72001403242532",2004,5193,1650,3,"42"
361,"2647500","1174500","8.059934761716864","46.72001403242532",2005,5193,1650,3,"36"
361,"2647500","1174500","8.059934761716864","46.72001403242532",2006,5193,1650,3,"38"
361,"2647500","1174500","8.059934761716864","46.72001403242532",2007,5193,1650,3,"38"
361,"2647500","1174500","8.059934761716864","46.72001403242532",2008,5193,1650,3,"39"
361,"2647500","1174500","8.059934761716864","46.72001403242532",2009,5193,1650,3,"36"
361,"2647500","1174500","8.059934761716864","46.72001403242532",2010,5193,1650,3,"42"
361,"2647500","1174500","8.059934761716864","46.72001403242532",2011,5193,1650,3,"40"
361,"2647500","1174500","8.059934761716864","46.72001403242532",2012,5193,1650,3,"38"
361,"2647500","1174500","8.059934761716864","46.72001403242532",2013,5193,1650,3,"38"
361,"2647500","1174500","8.059934761716864","46.72001403242532",2014,5193,1650,3,"35"
361,"2647500","1174500","8.059934761716864","46.72001403242532",2015,5193,1650,3,"42"
361,"2647500","1174500","8.059934761716864","46.72001403242532",2016,5193,1650,3,"42"
361,"2647500","1174500","8.059934761716864","46.72001403242532",2017,5193,1650,3,"39"
361,"2647500","1174500","8.059934761716864","46.72001403242532",2018,5193,1650,3,"39"
361,"2647500","1174500","8.059934761716864","46.72001403242532",2019,5193,1650,3,"42"
361,"2647500","1174500","8.059934761716864","46.72001403242532",2020,5193,1650,3,"38"
361,"2647500","1174500","8.059934761716864","46.72001403242532",2021,5193,1650,3,"48"
361,"2647500","1174500","8.059934761716864","46.72001403242532",2022,5193,1650,3,"35"
361,"2647500","1174500","8.059934761716864","46.72001403242532",2023,5193,1650,3,"59"
361,"2647500","1174500","8.059934761716864","46.72001403242532",2024,5193,1650,3,"58"
361,"2647500","1174500","8.059934761716864","46.72001403242532",2025,5193,1650,3,"42"
362,"2647500","1182500","8.060763799383642","46.791975200680476",1999,5284,1950,2,"8"
362,"2647500","1182500","8.060763799383642","46.791975200680476",2000,5284,1950,2,"9"
362,"2647500","1182500","8.060763799383642","46.791975200680476",2001,5284,1950,2,"11"
362,"2647500","1182500","8.060763799383642","46.791975200680476",2002,5284,1950,2,"10"
362,"2647500","1182500","8.060763799383642","46.791975200680476",2003,5284,1950,2,"12"
362,"2647500","1182500","8.060763799383642","46.791975200680476",2004,5284,1950,2,"9"
362,"2647500","1182500","8.060763799383642","46.791975200680476",2005,5284,1950,2,"11"
362,"2647500","1182500","8.060763799383642","46.791975200680476",2006,5284,1950,2,"10"
362,"2647500","1182500","8.060763799383642","46.791975200680476",2007,5284,1950,2,"11"
362,"2647500","1182500","8.060763799383642","46.791975200680476",2008,5284,1950,2,"12"
362,"2647500","1182500","8.060763799383642","46.791975200680476",2009,5284,1950,2,"13"
362,"2647500","1182500","8.060763799383642","46.791975200680476",2010,5284,1950,2,"13"
362,"2647500","1182500","8.060763799383642","46.791975200680476",2011,5284,1950,2,"12"
362,"2647500","1182500","8.060763799383642","46.791975200680476",2012,5284,1950,2,"13"
362,"2647500","1182500","8.060763799383642","46.791975200680476",2013,5284,1950,2,"14"
362,"2647500","1182500","8.060763799383642","46.791975200680476",2014,5284,1950,2,"13"
362,"2647500","1182500","8.060763799383642","46.791975200680476",2015,5284,1950,2,"13"
362,"2647500","1182500","8.060763799383642","46.791975200680476",2016,5284,1950,2,"15"
362,"2647500","1182500","8.060763799383642","46.791975200680476",2017,5284,1950,2,"14"
362,"2647500","1182500","8.060763799383642","46.791975200680476",2018,5284,1950,2,"11"
362,"2647500","1182500","8.060763799383642","46.791975200680476",2019,5284,1950,2,"15"
362,"2647500","1182500","8.060763799383642","46.791975200680476",2021,5284,1950,2,"11"
362,"2647500","1182500","8.060763799383642","46.791975200680476",2022,5284,1950,2,"12"
362,"2647500","1182500","8.060763799383642","46.791975200680476",2023,5284,1950,2,"18"
362,"2647500","1182500","8.060763799383642","46.791975200680476",2024,5284,1950,2,"12"
362,"2647500","1182500","8.060763799383642","46.791975200680476",2025,5284,1950,2,"14"
363,"2647500","1222500","8.06494240584073","47.15176880074111",1999,5038,650,3,"36"
363,"2647500","1222500","8.06494240584073","47.15176880074111",2000,5038,650,3,"39"
363,"2647500","1222500","8.06494240584073","47.15176880074111",2001,5038,650,3,"38"
363,"2647500","1222500","8.06494240584073","47.15176880074111",2002,5038,650,3,"39"
363,"2647500","1222500","8.06494240584073","47.15176880074111",2003,5038,650,3,"44"
363,"2647500","1222500","8.06494240584073","47.15176880074111",2004,5038,650,3,"41"
363,"2647500","1222500","8.06494240584073","47.15176880074111",2005,5038,650,3,"40"
363,"2647500","1222500","8.06494240584073","47.15176880074111",2006,5038,650,3,"40"
363,"2647500","1222500","8.06494240584073","47.15176880074111",2007,5038,650,3,"44"
363,"2647500","1222500","8.06494240584073","47.15176880074111",2008,5038,650,3,"41"
363,"2647500","1222500","8.06494240584073","47.15176880074111",2009,5038,650,3,"39"
363,"2647500","1222500","8.06494240584073","47.15176880074111",2010,5038,650,3,"43"
363,"2647500","1222500","8.06494240584073","47.15176880074111",2011,5038,650,3,"46"
363,"2647500","1222500","8.06494240584073","47.15176880074111",2012,5038,650,3,"43"
363,"2647500","1222500","8.06494240584073","47.15176880074111",2013,5038,650,3,"46"
363,"2647500","1222500","8.06494240584073","47.15176880074111",2014,5038,650,3,"43"
363,"2647500","1222500","8.06494240584073","47.15176880074111",2015,5038,650,3,"42"
363,"2647500","1222500","8.06494240584073","47.15176880074111",2016,5038,650,3,"45"
363,"2647500","1222500","8.06494240584073","47.15176880074111",2017,5038,650,3,"46"
363,"2647500","1222500","8.06494240584073","47.15176880074111",2018,5038,650,3,"41"
363,"2647500","1222500","8.06494240584073","47.15176880074111",2019,5038,650,3,"46"
363,"2647500","1222500","8.06494240584073","47.15176880074111",2020,5038,650,3,"46"
363,"2647500","1222500","8.06494240584073","47.15176880074111",2021,5038,650,3,"45"
363,"2647500","1222500","8.06494240584073","47.15176880074111",2022,5038,650,3,"45"
363,"2647500","1222500","8.06494240584073","47.15176880074111",2023,5038,650,3,"48"
363,"2647500","1222500","8.06494240584073","47.15176880074111",2024,5038,650,3,"46"
363,"2647500","1222500","8.06494240584073","47.15176880074111",2025,5038,650,3,"45"
364,"2647500","1238500","8.06662963657783","47.29567841843967",2000,6797,550,3,"46"
364,"2647500","1238500","8.06662963657783","47.29567841843967",2001,6797,550,3,"44"
364,"2647500","1238500","8.06662963657783","47.29567841843967",2002,6797,550,3,"48"
364,"2647500","1238500","8.06662963657783","47.29567841843967",2003,6797,550,3,"49"
364,"2647500","1238500","8.06662963657783","47.29567841843967",2004,6797,550,3,"46"
364,"2647500","1238500","8.06662963657783","47.29567841843967",2005,6797,550,3,"44"
364,"2647500","1238500","8.06662963657783","47.29567841843967",2006,6797,550,3,"43"
364,"2647500","1238500","8.06662963657783","47.29567841843967",2007,6797,550,3,"51"
364,"2647500","1238500","8.06662963657783","47.29567841843967",2008,6797,550,3,"44"
364,"2647500","1238500","8.06662963657783","47.29567841843967",2009,6797,550,3,"46"
364,"2647500","1238500","8.06662963657783","47.29567841843967",2010,6797,550,3,"45"
364,"2647500","1238500","8.06662963657783","47.29567841843967",2011,6797,550,3,"40"
364,"2647500","1238500","8.06662963657783","47.29567841843967",2012,6797,550,3,"41"
364,"2647500","1238500","8.06662963657783","47.29567841843967",2013,6797,550,3,"43"
364,"2647500","1238500","8.06662963657783","47.29567841843967",2014,6797,550,3,"47"
364,"2647500","1238500","8.06662963657783","47.29567841843967",2015,6797,550,3,"47"
364,"2647500","1238500","8.06662963657783","47.29567841843967",2016,6797,550,3,"48"
364,"2647500","1238500","8.06662963657783","47.29567841843967",2017,6797,550,3,"48"
364,"2647500","1238500","8.06662963657783","47.29567841843967",2018,6797,550,3,"46"
364,"2647500","1238500","8.06662963657783","47.29567841843967",2019,6797,550,3,"50"
364,"2647500","1238500","8.06662963657783","47.29567841843967",2020,6797,550,3,"49"
364,"2647500","1238500","8.06662963657783","47.29567841843967",2021,6797,550,3,"43"
364,"2647500","1238500","8.06662963657783","47.29567841843967",2022,6797,550,3,"51"
364,"2647500","1238500","8.06662963657783","47.29567841843967",2023,6797,550,3,"49"
364,"2647500","1238500","8.06662963657783","47.29567841843967",2024,6797,550,3,"44"
364,"2647500","1238500","8.06662963657783","47.29567841843967",2025,6797,550,3,"46"
365,"2647500","1254500","8.068326015102214","47.439582210407245",2000,5078,650,3,"45"
365,"2647500","1254500","8.068326015102214","47.439582210407245",2001,5078,650,3,"36"
365,"2647500","1254500","8.068326015102214","47.439582210407245",2002,5078,650,3,"34"
365,"2647500","1254500","8.068326015102214","47.439582210407245",2003,5078,650,3,"33"
365,"2647500","1254500","8.068326015102214","47.439582210407245",2004,5078,650,3,"38"
365,"2647500","1254500","8.068326015102214","47.439582210407245",2005,5078,650,3,"36"
365,"2647500","1254500","8.068326015102214","47.439582210407245",2006,5078,650,3,"40"
365,"2647500","1254500","8.068326015102214","47.439582210407245",2007,5078,650,3,"38"
365,"2647500","1254500","8.068326015102214","47.439582210407245",2008,5078,650,3,"42"
365,"2647500","1254500","8.068326015102214","47.439582210407245",2009,5078,650,3,"41"
365,"2647500","1254500","8.068326015102214","47.439582210407245",2010,5078,650,3,"45"
365,"2647500","1254500","8.068326015102214","47.439582210407245",2011,5078,650,3,"38"
365,"2647500","1254500","8.068326015102214","47.439582210407245",2012,5078,650,3,"42"
365,"2647500","1254500","8.068326015102214","47.439582210407245",2013,5078,650,3,"39"
365,"2647500","1254500","8.068326015102214","47.439582210407245",2014,5078,650,3,"37"
365,"2647500","1254500","8.068326015102214","47.439582210407245",2015,5078,650,3,"38"
365,"2647500","1254500","8.068326015102214","47.439582210407245",2016,5078,650,3,"41"
365,"2647500","1254500","8.068326015102214","47.439582210407245",2017,5078,650,3,"40"
365,"2647500","1254500","8.068326015102214","47.439582210407245",2018,5078,650,3,"41"
365,"2647500","1254500","8.068326015102214","47.439582210407245",2019,5078,650,3,"42"
365,"2647500","1254500","8.068326015102214","47.439582210407245",2020,5078,650,3,"45"
365,"2647500","1254500","8.068326015102214","47.439582210407245",2021,5078,650,3,"45"
365,"2647500","1254500","8.068326015102214","47.439582210407245",2022,5078,650,3,"42"
365,"2647500","1254500","8.068326015102214","47.439582210407245",2023,5078,650,3,"38"
365,"2647500","1254500","8.068326015102214","47.439582210407245",2024,5078,650,3,"39"
365,"2647500","1254500","8.068326015102214","47.439582210407245",2025,5078,650,3,"41"
366,"2653500","1142500","8.134699751484202","46.4317132921934",1999,4174,1350,3,"22"
366,"2653500","1142500","8.134699751484202","46.4317132921934",2000,4174,1350,3,"27"
366,"2653500","1142500","8.134699751484202","46.4317132921934",2001,4174,1350,3,"30"
366,"2653500","1142500","8.134699751484202","46.4317132921934",2002,4174,1350,3,"31"
366,"2653500","1142500","8.134699751484202","46.4317132921934",2003,4174,1350,3,"26"
366,"2653500","1142500","8.134699751484202","46.4317132921934",2004,4174,1350,3,"26"
366,"2653500","1142500","8.134699751484202","46.4317132921934",2005,4174,1350,3,"28"
366,"2653500","1142500","8.134699751484202","46.4317132921934",2006,4174,1350,3,"29"
366,"2653500","1142500","8.134699751484202","46.4317132921934",2007,4174,1350,3,"26"
366,"2653500","1142500","8.134699751484202","46.4317132921934",2008,4174,1350,3,"27"
366,"2653500","1142500","8.134699751484202","46.4317132921934",2009,4174,1350,3,"28"
366,"2653500","1142500","8.134699751484202","46.4317132921934",2010,4174,1350,3,"40"
366,"2653500","1142500","8.134699751484202","46.4317132921934",2011,4174,1350,3,"44"
366,"2653500","1142500","8.134699751484202","46.4317132921934",2012,4174,1350,3,"37"
366,"2653500","1142500","8.134699751484202","46.4317132921934",2013,4174,1350,3,"44"
366,"2653500","1142500","8.134699751484202","46.4317132921934",2014,4174,1350,3,"41"
366,"2653500","1142500","8.134699751484202","46.4317132921934",2015,4174,1350,3,"45"
366,"2653500","1142500","8.134699751484202","46.4317132921934",2016,4174,1350,3,"43"
366,"2653500","1142500","8.134699751484202","46.4317132921934",2017,4174,1350,3,"43"
366,"2653500","1142500","8.134699751484202","46.4317132921934",2018,4174,1350,3,"39"
366,"2653500","1142500","8.134699751484202","46.4317132921934",2019,4174,1350,3,"38"
366,"2653500","1142500","8.134699751484202","46.4317132921934",2020,4174,1350,3,"43"
366,"2653500","1142500","8.134699751484202","46.4317132921934",2021,4174,1350,3,"38"
366,"2653500","1142500","8.134699751484202","46.4317132921934",2022,4174,1350,3,"42"
366,"2653500","1142500","8.134699751484202","46.4317132921934",2023,4174,1350,3,"39"
366,"2653500","1142500","8.134699751484202","46.4317132921934",2024,4174,1350,3,"37"
366,"2653500","1142500","8.134699751484202","46.4317132921934",2025,4174,1350,3,"40"
367,"2653500","1198500","8.141219826374256","46.93543956276618",1999,6929,1250,3,"31"
367,"2653500","1198500","8.141219826374256","46.93543956276618",2000,6929,1250,3,"26"
367,"2653500","1198500","8.141219826374256","46.93543956276618",2001,6929,1250,3,"28"
367,"2653500","1198500","8.141219826374256","46.93543956276618",2002,6929,1250,3,"30"
367,"2653500","1198500","8.141219826374256","46.93543956276618",2003,6929,1250,3,"29"
367,"2653500","1198500","8.141219826374256","46.93543956276618",2004,6929,1250,3,"30"
367,"2653500","1198500","8.141219826374256","46.93543956276618",2005,6929,1250,3,"30"
367,"2653500","1198500","8.141219826374256","46.93543956276618",2006,6929,1250,3,"32"
367,"2653500","1198500","8.141219826374256","46.93543956276618",2007,6929,1250,3,"27"
367,"2653500","1198500","8.141219826374256","46.93543956276618",2008,6929,1250,3,"33"
367,"2653500","1198500","8.141219826374256","46.93543956276618",2009,6929,1250,3,"30"
367,"2653500","1198500","8.141219826374256","46.93543956276618",2010,6929,1250,3,"28"
367,"2653500","1198500","8.141219826374256","46.93543956276618",2011,6929,1250,3,"27"
367,"2653500","1198500","8.141219826374256","46.93543956276618",2012,6929,1250,3,"33"
367,"2653500","1198500","8.141219826374256","46.93543956276618",2013,6929,1250,3,"27"
367,"2653500","1198500","8.141219826374256","46.93543956276618",2014,6929,1250,3,"29"
367,"2653500","1198500","8.141219826374256","46.93543956276618",2015,6929,1250,3,"25"
367,"2653500","1198500","8.141219826374256","46.93543956276618",2016,6929,1250,3,"28"
367,"2653500","1198500","8.141219826374256","46.93543956276618",2017,6929,1250,3,"28"
367,"2653500","1198500","8.141219826374256","46.93543956276618",2018,6929,1250,3,"32"
367,"2653500","1198500","8.141219826374256","46.93543956276618",2019,6929,1250,3,"34"
367,"2653500","1198500","8.141219826374256","46.93543956276618",2020,6929,1250,3,"28"
367,"2653500","1198500","8.141219826374256","46.93543956276618",2021,6929,1250,3,"28"
367,"2653500","1198500","8.141219826374256","46.93543956276618",2022,6929,1250,3,"27"
367,"2653500","1198500","8.141219826374256","46.93543956276618",2023,6929,1250,3,"25"
367,"2653500","1198500","8.141219826374256","46.93543956276618",2024,6929,1250,3,"27"
367,"2653500","1198500","8.141219826374256","46.93543956276618",2025,6929,1250,3,"31"
368,"2653500","1214500","8.143105190090115","47.07935501267748",1999,4586,650,3,"41"
368,"2653500","1214500","8.143105190090115","47.07935501267748",2000,4586,650,3,"41"
368,"2653500","1214500","8.143105190090115","47.07935501267748",2001,4586,650,3,"35"
368,"2653500","1214500","8.143105190090115","47.07935501267748",2002,4586,650,3,"39"
368,"2653500","1214500","8.143105190090115","47.07935501267748",2003,4586,650,3,"42"
368,"2653500","1214500","8.143105190090115","47.07935501267748",2004,4586,650,3,"45"
368,"2653500","1214500","8.143105190090115","47.07935501267748",2005,4586,650,3,"42"
368,"2653500","1214500","8.143105190090115","47.07935501267748",2006,4586,650,3,"40"
368,"2653500","1214500","8.143105190090115","47.07935501267748",2007,4586,650,3,"40"
368,"2653500","1214500","8.143105190090115","47.07935501267748",2008,4586,650,3,"43"
368,"2653500","1214500","8.143105190090115","47.07935501267748",2009,4586,650,3,"41"
368,"2653500","1214500","8.143105190090115","47.07935501267748",2010,4586,650,3,"43"
368,"2653500","1214500","8.143105190090115","47.07935501267748",2011,4586,650,3,"39"
368,"2653500","1214500","8.143105190090115","47.07935501267748",2012,4586,650,3,"32"
368,"2653500","1214500","8.143105190090115","47.07935501267748",2013,4586,650,3,"38"
368,"2653500","1214500","8.143105190090115","47.07935501267748",2014,4586,650,3,"39"
368,"2653500","1214500","8.143105190090115","47.07935501267748",2015,4586,650,3,"34"
368,"2653500","1214500","8.143105190090115","47.07935501267748",2016,4586,650,3,"32"
368,"2653500","1214500","8.143105190090115","47.07935501267748",2017,4586,650,3,"35"
368,"2653500","1214500","8.143105190090115","47.07935501267748",2018,4586,650,3,"35"
368,"2653500","1214500","8.143105190090115","47.07935501267748",2019,4586,650,3,"37"
368,"2653500","1214500","8.143105190090115","47.07935501267748",2020,4586,650,3,"37"
368,"2653500","1214500","8.143105190090115","47.07935501267748",2021,4586,650,3,"37"
368,"2653500","1214500","8.143105190090115","47.07935501267748",2022,4586,650,3,"36"
368,"2653500","1214500","8.143105190090115","47.07935501267748",2023,4586,650,3,"37"
368,"2653500","1214500","8.143105190090115","47.07935501267748",2024,4586,650,3,"42"
368,"2653500","1214500","8.143105190090115","47.07935501267748",2025,4586,650,3,"40"
369,"2653500","1262500","8.148822639701947","47.511070887805715",1999,9411,450,3,"52"
369,"2653500","1262500","8.148822639701947","47.511070887805715",2000,9411,450,3,"51"
369,"2653500","1262500","8.148822639701947","47.511070887805715",2001,9411,450,3,"54"
369,"2653500","1262500","8.148822639701947","47.511070887805715",2002,9411,450,3,"57"
369,"2653500","1262500","8.148822639701947","47.511070887805715",2003,9411,450,3,"53"
369,"2653500","1262500","8.148822639701947","47.511070887805715",2004,9411,450,3,"53"
369,"2653500","1262500","8.148822639701947","47.511070887805715",2005,9411,450,3,"35"
369,"2653500","1262500","8.148822639701947","47.511070887805715",2006,9411,450,3,"50"
369,"2653500","1262500","8.148822639701947","47.511070887805715",2007,9411,450,3,"47"
369,"2653500","1262500","8.148822639701947","47.511070887805715",2008,9411,450,3,"48"
369,"2653500","1262500","8.148822639701947","47.511070887805715",2009,9411,450,3,"50"
369,"2653500","1262500","8.148822639701947","47.511070887805715",2010,9411,450,3,"46"
369,"2653500","1262500","8.148822639701947","47.511070887805715",2011,9411,450,3,"46"
369,"2653500","1262500","8.148822639701947","47.511070887805715",2012,9411,450,3,"47"
369,"2653500","1262500","8.148822639701947","47.511070887805715",2013,9411,450,3,"45"
369,"2653500","1262500","8.148822639701947","47.511070887805715",2014,9411,450,3,"49"
369,"2653500","1262500","8.148822639701947","47.511070887805715",2015,9411,450,3,"48"
369,"2653500","1262500","8.148822639701947","47.511070887805715",2016,9411,450,3,"49"
369,"2653500","1262500","8.148822639701947","47.511070887805715",2017,9411,450,3,"49"
369,"2653500","1262500","8.148822639701947","47.511070887805715",2018,9411,450,3,"51"
369,"2653500","1262500","8.148822639701947","47.511070887805715",2019,9411,450,3,"48"
369,"2653500","1262500","8.148822639701947","47.511070887805715",2020,9411,450,3,"51"
369,"2653500","1262500","8.148822639701947","47.511070887805715",2021,9411,450,3,"52"
369,"2653500","1262500","8.148822639701947","47.511070887805715",2022,9411,450,3,"52"
369,"2653500","1262500","8.148822639701947","47.511070887805715",2023,9411,450,3,"51"
369,"2653500","1262500","8.148822639701947","47.511070887805715",2024,9411,450,3,"44"
369,"2653500","1262500","8.148822639701947","47.511070887805715",2025,9411,450,3,"47"
370,"2659500","1134500","8.211732509087632","46.35924633827334",1999,4760,1950,3,"27"
370,"2659500","1134500","8.211732509087632","46.35924633827334",2000,4760,1950,3,"27"
370,"2659500","1134500","8.211732509087632","46.35924633827334",2001,4760,1950,3,"28"
370,"2659500","1134500","8.211732509087632","46.35924633827334",2002,4760,1950,3,"28"
370,"2659500","1134500","8.211732509087632","46.35924633827334",2003,4760,1950,3,"29"
370,"2659500","1134500","8.211732509087632","46.35924633827334",2004,4760,1950,3,"26"
370,"2659500","1134500","8.211732509087632","46.35924633827334",2005,4760,1950,3,"27"
370,"2659500","1134500","8.211732509087632","46.35924633827334",2008,4760,1950,3,"28"
370,"2659500","1134500","8.211732509087632","46.35924633827334",2009,4760,1950,3,"30"
370,"2659500","1134500","8.211732509087632","46.35924633827334",2010,4760,1950,3,"36"
370,"2659500","1134500","8.211732509087632","46.35924633827334",2011,4760,1950,3,"31"
370,"2659500","1134500","8.211732509087632","46.35924633827334",2012,4760,1950,3,"29"
370,"2659500","1134500","8.211732509087632","46.35924633827334",2013,4760,1950,3,"33"
370,"2659500","1134500","8.211732509087632","46.35924633827334",2014,4760,1950,3,"33"
370,"2659500","1134500","8.211732509087632","46.35924633827334",2015,4760,1950,3,"31"
370,"2659500","1134500","8.211732509087632","46.35924633827334",2016,4760,1950,3,"38"
370,"2659500","1134500","8.211732509087632","46.35924633827334",2017,4760,1950,3,"36"
370,"2659500","1134500","8.211732509087632","46.35924633827334",2018,4760,1950,3,"30"
370,"2659500","1134500","8.211732509087632","46.35924633827334",2019,4760,1950,3,"31"
370,"2659500","1134500","8.211732509087632","46.35924633827334",2020,4760,1950,3,"35"
370,"2659500","1134500","8.211732509087632","46.35924633827334",2021,4760,1950,3,"31"
370,"2659500","1134500","8.211732509087632","46.35924633827334",2023,4760,1950,3,"32"
370,"2659500","1134500","8.211732509087632","46.35924633827334",2024,4760,1950,3,"41"
370,"2659500","1134500","8.211732509087632","46.35924633827334",2025,4760,1950,3,"34"
371,"2659500","1174500","8.21688510764547","46.71905189355349",1999,3424,750,3,"25"
371,"2659500","1174500","8.21688510764547","46.71905189355349",2000,3424,750,3,"27"
371,"2659500","1174500","8.21688510764547","46.71905189355349",2001,3424,750,3,"26"
371,"2659500","1174500","8.21688510764547","46.71905189355349",2002,3424,750,3,"33"
371,"2659500","1174500","8.21688510764547","46.71905189355349",2003,3424,750,3,"32"
371,"2659500","1174500","8.21688510764547","46.71905189355349",2004,3424,750,3,"38"
371,"2659500","1174500","8.21688510764547","46.71905189355349",2005,3424,750,3,"40"
371,"2659500","1174500","8.21688510764547","46.71905189355349",2006,3424,750,3,"36"
371,"2659500","1174500","8.21688510764547","46.71905189355349",2007,3424,750,3,"34"
371,"2659500","1174500","8.21688510764547","46.71905189355349",2009,3424,750,3,"32"
371,"2659500","1174500","8.21688510764547","46.71905189355349",2010,3424,750,3,"34"
371,"2659500","1174500","8.21688510764547","46.71905189355349",2011,3424,750,3,"33"
371,"2659500","1174500","8.21688510764547","46.71905189355349",2012,3424,750,3,"32"
371,"2659500","1174500","8.21688510764547","46.71905189355349",2013,3424,750,3,"29"
371,"2659500","1174500","8.21688510764547","46.71905189355349",2014,3424,750,3,"37"
371,"2659500","1174500","8.21688510764547","46.71905189355349",2015,3424,750,3,"35"
371,"2659500","1174500","8.21688510764547","46.71905189355349",2016,3424,750,3,"32"
371,"2659500","1174500","8.21688510764547","46.71905189355349",2017,3424,750,3,"30"
371,"2659500","1174500","8.21688510764547","46.71905189355349",2018,3424,750,3,"32"
371,"2659500","1174500","8.21688510764547","46.71905189355349",2019,3424,750,3,"35"
371,"2659500","1174500","8.21688510764547","46.71905189355349",2020,3424,750,3,"41"
371,"2659500","1174500","8.21688510764547","46.71905189355349",2021,3424,750,3,"38"
371,"2659500","1174500","8.21688510764547","46.71905189355349",2022,3424,750,3,"41"
371,"2659500","1174500","8.21688510764547","46.71905189355349",2023,3424,750,3,"38"
371,"2659500","1174500","8.21688510764547","46.71905189355349",2024,3424,750,3,"36"
371,"2659500","1174500","8.21688510764547","46.71905189355349",2025,3424,750,3,"36"
372,"2659500","1206500","8.22105682624249","47.00688701431709",1999,5164,1050,3,"41"
372,"2659500","1206500","8.22105682624249","47.00688701431709",2000,5164,1050,3,"43"
372,"2659500","1206500","8.22105682624249","47.00688701431709",2001,5164,1050,3,"42"
372,"2659500","1206500","8.22105682624249","47.00688701431709",2002,5164,1050,3,"42"
372,"2659500","1206500","8.22105682624249","47.00688701431709",2003,5164,1050,3,"44"
372,"2659500","1206500","8.22105682624249","47.00688701431709",2004,5164,1050,3,"45"
372,"2659500","1206500","8.22105682624249","47.00688701431709",2005,5164,1050,3,"43"
372,"2659500","1206500","8.22105682624249","47.00688701431709",2006,5164,1050,3,"41"
372,"2659500","1206500","8.22105682624249","47.00688701431709",2007,5164,1050,3,"43"
372,"2659500","1206500","8.22105682624249","47.00688701431709",2008,5164,1050,3,"42"
372,"2659500","1206500","8.22105682624249","47.00688701431709",2009,5164,1050,3,"40"
372,"2659500","1206500","8.22105682624249","47.00688701431709",2010,5164,1050,3,"39"
372,"2659500","1206500","8.22105682624249","47.00688701431709",2011,5164,1050,3,"41"
372,"2659500","1206500","8.22105682624249","47.00688701431709",2012,5164,1050,3,"48"
372,"2659500","1206500","8.22105682624249","47.00688701431709",2013,5164,1050,3,"43"
372,"2659500","1206500","8.22105682624249","47.00688701431709",2014,5164,1050,3,"48"
372,"2659500","1206500","8.22105682624249","47.00688701431709",2015,5164,1050,3,"46"
372,"2659500","1206500","8.22105682624249","47.00688701431709",2016,5164,1050,3,"47"
372,"2659500","1206500","8.22105682624249","47.00688701431709",2017,5164,1050,3,"53"
372,"2659500","1206500","8.22105682624249","47.00688701431709",2018,5164,1050,3,"47"
372,"2659500","1206500","8.22105682624249","47.00688701431709",2019,5164,1050,3,"48"
372,"2659500","1206500","8.22105682624249","47.00688701431709",2020,5164,1050,3,"45"
372,"2659500","1206500","8.22105682624249","47.00688701431709",2021,5164,1050,3,"48"
372,"2659500","1206500","8.22105682624249","47.00688701431709",2022,5164,1050,3,"47"
372,"2659500","1206500","8.22105682624249","47.00688701431709",2023,5164,1050,3,"52"
372,"2659500","1206500","8.22105682624249","47.00688701431709",2024,5164,1050,3,"50"
372,"2659500","1206500","8.22105682624249","47.00688701431709",2025,5164,1050,3,"45"
373,"2659500","1222500","8.223159512914313","47.15079897935244",1999,5890,650,3,"35"
373,"2659500","1222500","8.223159512914313","47.15079897935244",2000,5890,650,3,"38"
373,"2659500","1222500","8.223159512914313","47.15079897935244",2001,5890,650,3,"42"
373,"2659500","1222500","8.223159512914313","47.15079897935244",2002,5890,650,3,"43"
373,"2659500","1222500","8.223159512914313","47.15079897935244",2003,5890,650,3,"40"
373,"2659500","1222500","8.223159512914313","47.15079897935244",2004,5890,650,3,"41"
373,"2659500","1222500","8.223159512914313","47.15079897935244",2005,5890,650,3,"42"
373,"2659500","1222500","8.223159512914313","47.15079897935244",2006,5890,650,3,"42"
373,"2659500","1222500","8.223159512914313","47.15079897935244",2007,5890,650,3,"42"
373,"2659500","1222500","8.223159512914313","47.15079897935244",2008,5890,650,3,"40"
373,"2659500","1222500","8.223159512914313","47.15079897935244",2009,5890,650,3,"42"
373,"2659500","1222500","8.223159512914313","47.15079897935244",2010,5890,650,3,"39"
373,"2659500","1222500","8.223159512914313","47.15079897935244",2011,5890,650,3,"37"
373,"2659500","1222500","8.223159512914313","47.15079897935244",2012,5890,650,3,"41"
373,"2659500","1222500","8.223159512914313","47.15079897935244",2013,5890,650,3,"38"
373,"2659500","1222500","8.223159512914313","47.15079897935244",2014,5890,650,3,"37"
373,"2659500","1222500","8.223159512914313","47.15079897935244",2015,5890,650,3,"40"
373,"2659500","1222500","8.223159512914313","47.15079897935244",2016,5890,650,3,"42"
373,"2659500","1222500","8.223159512914313","47.15079897935244",2017,5890,650,3,"39"
373,"2659500","1222500","8.223159512914313","47.15079897935244",2018,5890,650,3,"43"
373,"2659500","1222500","8.223159512914313","47.15079897935244",2019,5890,650,3,"38"
373,"2659500","1222500","8.223159512914313","47.15079897935244",2020,5890,650,3,"41"
373,"2659500","1222500","8.223159512914313","47.15079897935244",2021,5890,650,3,"42"
373,"2659500","1222500","8.223159512914313","47.15079897935244",2022,5890,650,3,"41"
373,"2659500","1222500","8.223159512914313","47.15079897935244",2023,5890,650,3,"38"
373,"2659500","1222500","8.223159512914313","47.15079897935244",2024,5890,650,3,"40"
373,"2659500","1222500","8.223159512914313","47.15079897935244",2025,5890,650,3,"41"
374,"2659500","1238500","8.225273556668858","47.29470600851814",1999,4642,450,3,"33"
374,"2659500","1238500","8.225273556668858","47.29470600851814",2000,4642,450,3,"43"
374,"2659500","1238500","8.225273556668858","47.29470600851814",2001,4642,450,3,"35"
374,"2659500","1238500","8.225273556668858","47.29470600851814",2002,4642,450,3,"40"
374,"2659500","1238500","8.225273556668858","47.29470600851814",2003,4642,450,3,"43"
374,"2659500","1238500","8.225273556668858","47.29470600851814",2004,4642,450,3,"44"
374,"2659500","1238500","8.225273556668858","47.29470600851814",2005,4642,450,3,"41"
374,"2659500","1238500","8.225273556668858","47.29470600851814",2006,4642,450,3,"41"
374,"2659500","1238500","8.225273556668858","47.29470600851814",2007,4642,450,3,"42"
374,"2659500","1238500","8.225273556668858","47.29470600851814",2008,4642,450,3,"37"
374,"2659500","1238500","8.225273556668858","47.29470600851814",2009,4642,450,3,"36"
374,"2659500","1238500","8.225273556668858","47.29470600851814",2010,4642,450,3,"39"
374,"2659500","1238500","8.225273556668858","47.29470600851814",2011,4642,450,3,"35"
374,"2659500","1238500","8.225273556668858","47.29470600851814",2012,4642,450,3,"36"
374,"2659500","1238500","8.225273556668858","47.29470600851814",2013,4642,450,3,"33"
374,"2659500","1238500","8.225273556668858","47.29470600851814",2014,4642,450,3,"36"
374,"2659500","1238500","8.225273556668858","47.29470600851814",2015,4642,450,3,"40"
374,"2659500","1238500","8.225273556668858","47.29470600851814",2016,4642,450,3,"37"
374,"2659500","1238500","8.225273556668858","47.29470600851814",2017,4642,450,3,"38"
374,"2659500","1238500","8.225273556668858","47.29470600851814",2018,4642,450,3,"40"
374,"2659500","1238500","8.225273556668858","47.29470600851814",2019,4642,450,3,"37"
374,"2659500","1238500","8.225273556668858","47.29470600851814",2020,4642,450,3,"36"
374,"2659500","1238500","8.225273556668858","47.29470600851814",2021,4642,450,3,"38"
374,"2659500","1238500","8.225273556668858","47.29470600851814",2022,4642,450,3,"40"
374,"2659500","1238500","8.225273556668858","47.29470600851814",2023,4642,450,3,"40"
374,"2659500","1238500","8.225273556668858","47.29470600851814",2024,4642,450,3,"35"
374,"2659500","1238500","8.225273556668858","47.29470600851814",2025,4642,450,3,"37"
375,"2659500","1254500","8.227399063220652","47.43860719788925",1999,4757,350,3,"31"
375,"2659500","1254500","8.227399063220652","47.43860719788925",2000,4757,350,3,"28"
375,"2659500","1254500","8.227399063220652","47.43860719788925",2001,4757,350,3,"30"
375,"2659500","1254500","8.227399063220652","47.43860719788925",2002,4757,350,3,"29"
375,"2659500","1254500","8.227399063220652","47.43860719788925",2003,4757,350,3,"27"
375,"2659500","1254500","8.227399063220652","47.43860719788925",2004,4757,350,3,"31"
375,"2659500","1254500","8.227399063220652","47.43860719788925",2005,4757,350,3,"34"
375,"2659500","1254500","8.227399063220652","47.43860719788925",2006,4757,350,3,"28"
375,"2659500","1254500","8.227399063220652","47.43860719788925",2007,4757,350,3,"28"
375,"2659500","1254500","8.227399063220652","47.43860719788925",2008,4757,350,3,"29"
375,"2659500","1254500","8.227399063220652","47.43860719788925",2009,4757,350,3,"28"
375,"2659500","1254500","8.227399063220652","47.43860719788925",2010,4757,350,3,"31"
375,"2659500","1254500","8.227399063220652","47.43860719788925",2011,4757,350,3,"27"
375,"2659500","1254500","8.227399063220652","47.43860719788925",2012,4757,350,3,"26"
375,"2659500","1254500","8.227399063220652","47.43860719788925",2013,4757,350,3,"23"
375,"2659500","1254500","8.227399063220652","47.43860719788925",2014,4757,350,3,"30"
375,"2659500","1254500","8.227399063220652","47.43860719788925",2015,4757,350,3,"28"
375,"2659500","1254500","8.227399063220652","47.43860719788925",2016,4757,350,3,"25"
375,"2659500","1254500","8.227399063220652","47.43860719788925",2017,4757,350,3,"28"
375,"2659500","1254500","8.227399063220652","47.43860719788925",2018,4757,350,3,"27"
375,"2659500","1254500","8.227399063220652","47.43860719788925",2019,4757,350,3,"36"
375,"2659500","1254500","8.227399063220652","47.43860719788925",2020,4757,350,3,"38"
375,"2659500","1254500","8.227399063220652","47.43860719788925",2021,4757,350,3,"33"
375,"2659500","1254500","8.227399063220652","47.43860719788925",2022,4757,350,3,"35"
375,"2659500","1254500","8.227399063220652","47.43860719788925",2023,4757,350,3,"36"
375,"2659500","1254500","8.227399063220652","47.43860719788925",2024,4757,350,3,"36"
375,"2659500","1254500","8.227399063220652","47.43860719788925",2025,4757,350,3,"32"
376,"2659500","1270500","8.229536139578702","47.58250164381778",1999,6141,350,3,"26"
376,"2659500","1270500","8.229536139578702","47.58250164381778",2000,6141,350,3,"28"
376,"2659500","1270500","8.229536139578702","47.58250164381778",2001,6141,350,3,"27"
376,"2659500","1270500","8.229536139578702","47.58250164381778",2002,6141,350,3,"27"
376,"2659500","1270500","8.229536139578702","47.58250164381778",2003,6141,350,3,"26"
376,"2659500","1270500","8.229536139578702","47.58250164381778",2004,6141,350,3,"32"
376,"2659500","1270500","8.229536139578702","47.58250164381778",2005,6141,350,3,"32"
376,"2659500","1270500","8.229536139578702","47.58250164381778",2006,6141,350,3,"30"
376,"2659500","1270500","8.229536139578702","47.58250164381778",2007,6141,350,3,"34"
376,"2659500","1270500","8.229536139578702","47.58250164381778",2008,6141,350,3,"27"
376,"2659500","1270500","8.229536139578702","47.58250164381778",2009,6141,350,3,"26"
376,"2659500","1270500","8.229536139578702","47.58250164381778",2010,6141,350,3,"31"
376,"2659500","1270500","8.229536139578702","47.58250164381778",2011,6141,350,3,"35"
376,"2659500","1270500","8.229536139578702","47.58250164381778",2012,6141,350,3,"31"
376,"2659500","1270500","8.229536139578702","47.58250164381778",2013,6141,350,3,"36"
376,"2659500","1270500","8.229536139578702","47.58250164381778",2014,6141,350,3,"38"
376,"2659500","1270500","8.229536139578702","47.58250164381778",2015,6141,350,3,"37"
376,"2659500","1270500","8.229536139578702","47.58250164381778",2016,6141,350,3,"34"
376,"2659500","1270500","8.229536139578702","47.58250164381778",2017,6141,350,3,"38"
376,"2659500","1270500","8.229536139578702","47.58250164381778",2018,6141,350,3,"39"
376,"2659500","1270500","8.229536139578702","47.58250164381778",2019,6141,350,3,"38"
376,"2659500","1270500","8.229536139578702","47.58250164381778",2020,6141,350,3,"41"
376,"2659500","1270500","8.229536139578702","47.58250164381778",2021,6141,350,3,"41"
376,"2659500","1270500","8.229536139578702","47.58250164381778",2022,6141,350,3,"42"
376,"2659500","1270500","8.229536139578702","47.58250164381778",2023,6141,350,3,"38"
376,"2659500","1270500","8.229536139578702","47.58250164381778",2024,6141,350,3,"39"
376,"2659500","1270500","8.229536139578702","47.58250164381778",2025,6141,350,3,"43"
377,"2665500","1150500","8.291945407412292","46.502609444143424",1999,5277,1350,3,"48"
377,"2665500","1150500","8.291945407412292","46.502609444143424",2000,5277,1350,3,"47"
377,"2665500","1150500","8.291945407412292","46.502609444143424",2001,5277,1350,3,"51"
377,"2665500","1150500","8.291945407412292","46.502609444143424",2002,5277,1350,3,"50"
377,"2665500","1150500","8.291945407412292","46.502609444143424",2003,5277,1350,3,"47"
377,"2665500","1150500","8.291945407412292","46.502609444143424",2004,5277,1350,3,"51"
377,"2665500","1150500","8.291945407412292","46.502609444143424",2005,5277,1350,3,"46"
377,"2665500","1150500","8.291945407412292","46.502609444143424",2006,5277,1350,3,"45"
377,"2665500","1150500","8.291945407412292","46.502609444143424",2007,5277,1350,3,"48"
377,"2665500","1150500","8.291945407412292","46.502609444143424",2008,5277,1350,3,"44"
377,"2665500","1150500","8.291945407412292","46.502609444143424",2009,5277,1350,3,"58"
377,"2665500","1150500","8.291945407412292","46.502609444143424",2010,5277,1350,3,"53"
377,"2665500","1150500","8.291945407412292","46.502609444143424",2011,5277,1350,3,"51"
377,"2665500","1150500","8.291945407412292","46.502609444143424",2012,5277,1350,3,"40"
377,"2665500","1150500","8.291945407412292","46.502609444143424",2013,5277,1350,3,"39"
377,"2665500","1150500","8.291945407412292","46.502609444143424",2014,5277,1350,3,"42"
377,"2665500","1150500","8.291945407412292","46.502609444143424",2015,5277,1350,3,"46"
377,"2665500","1150500","8.291945407412292","46.502609444143424",2016,5277,1350,3,"41"
377,"2665500","1150500","8.291945407412292","46.502609444143424",2017,5277,1350,3,"48"
377,"2665500","1150500","8.291945407412292","46.502609444143424",2018,5277,1350,3,"44"
377,"2665500","1150500","8.291945407412292","46.502609444143424",2019,5277,1350,3,"48"
377,"2665500","1150500","8.291945407412292","46.502609444143424",2020,5277,1350,3,"50"
377,"2665500","1150500","8.291945407412292","46.502609444143424",2021,5277,1350,3,"43"
377,"2665500","1150500","8.291945407412292","46.502609444143424",2022,5277,1350,3,"51"
377,"2665500","1150500","8.291945407412292","46.502609444143424",2023,5277,1350,3,"48"
377,"2665500","1150500","8.291945407412292","46.502609444143424",2024,5277,1350,3,"50"
377,"2665500","1150500","8.291945407412292","46.502609444143424",2025,5277,1350,3,"44"
378,"2665500","1198500","8.29879801676518","46.93436513192901",1999,5001,550,3,"39"
378,"2665500","1198500","8.29879801676518","46.93436513192901",2000,5001,550,3,"45"
378,"2665500","1198500","8.29879801676518","46.93436513192901",2001,5001,550,3,"45"
378,"2665500","1198500","8.29879801676518","46.93436513192901",2002,5001,550,3,"46"
378,"2665500","1198500","8.29879801676518","46.93436513192901",2003,5001,550,3,"44"
378,"2665500","1198500","8.29879801676518","46.93436513192901",2004,5001,550,3,"41"
378,"2665500","1198500","8.29879801676518","46.93436513192901",2005,5001,550,3,"43"
378,"2665500","1198500","8.29879801676518","46.93436513192901",2006,5001,550,3,"44"
378,"2665500","1198500","8.29879801676518","46.93436513192901",2007,5001,550,3,"42"
378,"2665500","1198500","8.29879801676518","46.93436513192901",2008,5001,550,3,"42"
378,"2665500","1198500","8.29879801676518","46.93436513192901",2009,5001,550,3,"42"
378,"2665500","1198500","8.29879801676518","46.93436513192901",2010,5001,550,3,"38"
378,"2665500","1198500","8.29879801676518","46.93436513192901",2011,5001,550,3,"38"
378,"2665500","1198500","8.29879801676518","46.93436513192901",2012,5001,550,3,"44"
378,"2665500","1198500","8.29879801676518","46.93436513192901",2013,5001,550,3,"39"
378,"2665500","1198500","8.29879801676518","46.93436513192901",2014,5001,550,3,"45"
378,"2665500","1198500","8.29879801676518","46.93436513192901",2015,5001,550,3,"43"
378,"2665500","1198500","8.29879801676518","46.93436513192901",2016,5001,550,3,"49"
378,"2665500","1198500","8.29879801676518","46.93436513192901",2017,5001,550,3,"50"
378,"2665500","1198500","8.29879801676518","46.93436513192901",2018,5001,550,3,"38"
378,"2665500","1198500","8.29879801676518","46.93436513192901",2019,5001,550,3,"43"
378,"2665500","1198500","8.29879801676518","46.93436513192901",2020,5001,550,3,"45"
378,"2665500","1198500","8.29879801676518","46.93436513192901",2021,5001,550,3,"48"
378,"2665500","1198500","8.29879801676518","46.93436513192901",2022,5001,550,3,"41"
378,"2665500","1198500","8.29879801676518","46.93436513192901",2023,5001,550,3,"44"
378,"2665500","1198500","8.29879801676518","46.93436513192901",2024,5001,550,3,"46"
378,"2665500","1198500","8.29879801676518","46.93436513192901",2025,5001,550,3,"43"
379,"2665500","1214500","8.301106733199816","47.078277725572",1999,7175,450,3,"40"
379,"2665500","1214500","8.301106733199816","47.078277725572",2000,7175,450,3,"36"
379,"2665500","1214500","8.301106733199816","47.078277725572",2001,7175,450,3,"46"
379,"2665500","1214500","8.301106733199816","47.078277725572",2002,7175,450,3,"45"
379,"2665500","1214500","8.301106733199816","47.078277725572",2003,7175,450,3,"49"
379,"2665500","1214500","8.301106733199816","47.078277725572",2004,7175,450,3,"41"
379,"2665500","1214500","8.301106733199816","47.078277725572",2005,7175,450,3,"45"
379,"2665500","1214500","8.301106733199816","47.078277725572",2006,7175,450,3,"49"
379,"2665500","1214500","8.301106733199816","47.078277725572",2007,7175,450,3,"47"
379,"2665500","1214500","8.301106733199816","47.078277725572",2008,7175,450,3,"48"
379,"2665500","1214500","8.301106733199816","47.078277725572",2009,7175,450,3,"50"
379,"2665500","1214500","8.301106733199816","47.078277725572",2010,7175,450,3,"46"
379,"2665500","1214500","8.301106733199816","47.078277725572",2011,7175,450,3,"47"
379,"2665500","1214500","8.301106733199816","47.078277725572",2012,7175,450,3,"42"
379,"2665500","1214500","8.301106733199816","47.078277725572",2013,7175,450,3,"45"
379,"2665500","1214500","8.301106733199816","47.078277725572",2014,7175,450,3,"45"
379,"2665500","1214500","8.301106733199816","47.078277725572",2015,7175,450,3,"46"
379,"2665500","1214500","8.301106733199816","47.078277725572",2016,7175,450,3,"43"
379,"2665500","1214500","8.301106733199816","47.078277725572",2017,7175,450,3,"44"
379,"2665500","1214500","8.301106733199816","47.078277725572",2018,7175,450,3,"44"
379,"2665500","1214500","8.301106733199816","47.078277725572",2019,7175,450,3,"41"
379,"2665500","1214500","8.301106733199816","47.078277725572",2020,7175,450,3,"42"
379,"2665500","1214500","8.301106733199816","47.078277725572",2021,7175,450,3,"44"
379,"2665500","1214500","8.301106733199816","47.078277725572",2022,7175,450,3,"40"
379,"2665500","1214500","8.301106733199816","47.078277725572",2023,7175,450,3,"42"
379,"2665500","1214500","8.301106733199816","47.078277725572",2024,7175,450,3,"44"
379,"2665500","1214500","8.301106733199816","47.078277725572",2025,7175,450,3,"45"
380,"2665500","1246500","8.305761619724597","47.36608853298788",1999,7786,450,3,"41"
380,"2665500","1246500","8.305761619724597","47.36608853298788",2000,7786,450,3,"45"
380,"2665500","1246500","8.305761619724597","47.36608853298788",2001,7786,450,3,"44"
380,"2665500","1246500","8.305761619724597","47.36608853298788",2002,7786,450,3,"45"
380,"2665500","1246500","8.305761619724597","47.36608853298788",2003,7786,450,3,"47"
380,"2665500","1246500","8.305761619724597","47.36608853298788",2004,7786,450,3,"50"
380,"2665500","1246500","8.305761619724597","47.36608853298788",2005,7786,450,3,"48"
380,"2665500","1246500","8.305761619724597","47.36608853298788",2006,7786,450,3,"42"
380,"2665500","1246500","8.305761619724597","47.36608853298788",2007,7786,450,3,"48"
380,"2665500","1246500","8.305761619724597","47.36608853298788",2008,7786,450,3,"47"
380,"2665500","1246500","8.305761619724597","47.36608853298788",2009,7786,450,3,"49"
380,"2665500","1246500","8.305761619724597","47.36608853298788",2010,7786,450,3,"48"
380,"2665500","1246500","8.305761619724597","47.36608853298788",2011,7786,450,3,"50"
380,"2665500","1246500","8.305761619724597","47.36608853298788",2012,7786,450,3,"48"
380,"2665500","1246500","8.305761619724597","47.36608853298788",2013,7786,450,3,"49"
380,"2665500","1246500","8.305761619724597","47.36608853298788",2014,7786,450,3,"47"
380,"2665500","1246500","8.305761619724597","47.36608853298788",2015,7786,450,3,"49"
380,"2665500","1246500","8.305761619724597","47.36608853298788",2016,7786,450,3,"49"
380,"2665500","1246500","8.305761619724597","47.36608853298788",2017,7786,450,3,"46"
380,"2665500","1246500","8.305761619724597","47.36608853298788",2018,7786,450,3,"47"
380,"2665500","1246500","8.305761619724597","47.36608853298788",2019,7786,450,3,"45"
380,"2665500","1246500","8.305761619724597","47.36608853298788",2020,7786,450,3,"50"
380,"2665500","1246500","8.305761619724597","47.36608853298788",2021,7786,450,3,"47"
380,"2665500","1246500","8.305761619724597","47.36608853298788",2022,7786,450,3,"45"
380,"2665500","1246500","8.305761619724597","47.36608853298788",2023,7786,450,3,"49"
380,"2665500","1246500","8.305761619724597","47.36608853298788",2024,7786,450,3,"47"
380,"2665500","1246500","8.305761619724597","47.36608853298788",2025,7786,450,3,"52"
381,"2666500","1181500","8.30945246016535","46.781355042311546",1999,3838,2150,2,"8"
381,"2666500","1181500","8.30945246016535","46.781355042311546",2000,3838,2150,2,"10"
381,"2666500","1181500","8.30945246016535","46.781355042311546",2001,3838,2150,2,"9"
381,"2666500","1181500","8.30945246016535","46.781355042311546",2002,3838,2150,2,"9"
381,"2666500","1181500","8.30945246016535","46.781355042311546",2003,3838,2150,2,"8"
381,"2666500","1181500","8.30945246016535","46.781355042311546",2004,3838,2150,2,"9"
381,"2666500","1181500","8.30945246016535","46.781355042311546",2005,3838,2150,2,"11"
381,"2666500","1181500","8.30945246016535","46.781355042311546",2006,3838,2150,2,"9"
381,"2666500","1181500","8.30945246016535","46.781355042311546",2007,3838,2150,2,"9"
381,"2666500","1181500","8.30945246016535","46.781355042311546",2008,3838,2150,2,"12"
381,"2666500","1181500","8.30945246016535","46.781355042311546",2009,3838,2150,2,"10"
381,"2666500","1181500","8.30945246016535","46.781355042311546",2010,3838,2150,2,"11"
381,"2666500","1181500","8.30945246016535","46.781355042311546",2011,3838,2150,2,"13"
381,"2666500","1181500","8.30945246016535","46.781355042311546",2012,3838,2150,2,"10"
381,"2666500","1181500","8.30945246016535","46.781355042311546",2013,3838,2150,2,"10"
381,"2666500","1181500","8.30945246016535","46.781355042311546",2014,3838,2150,2,"11"
381,"2666500","1181500","8.30945246016535","46.781355042311546",2015,3838,2150,2,"11"
381,"2666500","1181500","8.30945246016535","46.781355042311546",2016,3838,2150,2,"10"
381,"2666500","1181500","8.30945246016535","46.781355042311546",2017,3838,2150,2,"10"
381,"2666500","1181500","8.30945246016535","46.781355042311546",2018,3838,2150,2,"11"
381,"2666500","1181500","8.30945246016535","46.781355042311546",2019,3838,2150,2,"13"
381,"2666500","1181500","8.30945246016535","46.781355042311546",2020,3838,2150,2,"13"
381,"2666500","1181500","8.30945246016535","46.781355042311546",2021,3838,2150,2,"12"
381,"2666500","1181500","8.30945246016535","46.781355042311546",2022,3838,2150,2,"12"
381,"2666500","1181500","8.30945246016535","46.781355042311546",2023,3838,2150,2,"13"
381,"2666500","1181500","8.30945246016535","46.781355042311546",2024,3838,2150,2,"11"
381,"2666500","1181500","8.30945246016535","46.781355042311546",2025,3838,2150,2,"13"
382,"2671500","1254500","8.386465603406407","47.43741322355066",1999,6241,550,3,"33"
382,"2671500","1254500","8.386465603406407","47.43741322355066",2000,6241,550,3,"30"
382,"2671500","1254500","8.386465603406407","47.43741322355066",2001,6241,550,3,"31"
382,"2671500","1254500","8.386465603406407","47.43741322355066",2002,6241,550,3,"31"
382,"2671500","1254500","8.386465603406407","47.43741322355066",2003,6241,550,3,"34"
382,"2671500","1254500","8.386465603406407","47.43741322355066",2004,6241,550,3,"37"
382,"2671500","1254500","8.386465603406407","47.43741322355066",2005,6241,550,3,"31"
382,"2671500","1254500","8.386465603406407","47.43741322355066",2006,6241,550,3,"36"
382,"2671500","1254500","8.386465603406407","47.43741322355066",2007,6241,550,3,"37"
382,"2671500","1254500","8.386465603406407","47.43741322355066",2008,6241,550,3,"39"
382,"2671500","1254500","8.386465603406407","47.43741322355066",2009,6241,550,3,"34"
382,"2671500","1254500","8.386465603406407","47.43741322355066",2010,6241,550,3,"33"
382,"2671500","1254500","8.386465603406407","47.43741322355066",2011,6241,550,3,"29"
382,"2671500","1254500","8.386465603406407","47.43741322355066",2012,6241,550,3,"33"
382,"2671500","1254500","8.386465603406407","47.43741322355066",2013,6241,550,3,"29"
382,"2671500","1254500","8.386465603406407","47.43741322355066",2014,6241,550,3,"32"
382,"2671500","1254500","8.386465603406407","47.43741322355066",2015,6241,550,3,"32"
382,"2671500","1254500","8.386465603406407","47.43741322355066",2016,6241,550,3,"32"
382,"2671500","1254500","8.386465603406407","47.43741322355066",2017,6241,550,3,"37"
382,"2671500","1254500","8.386465603406407","47.43741322355066",2018,6241,550,3,"35"
382,"2671500","1254500","8.386465603406407","47.43741322355066",2019,6241,550,3,"39"
382,"2671500","1254500","8.386465603406407","47.43741322355066",2020,6241,550,3,"35"
382,"2671500","1254500","8.386465603406407","47.43741322355066",2021,6241,550,3,"36"
382,"2671500","1254500","8.386465603406407","47.43741322355066",2022,6241,550,3,"38"
382,"2671500","1254500","8.386465603406407","47.43741322355066",2023,6241,550,3,"34"
382,"2671500","1254500","8.386465603406407","47.43741322355066",2024,6241,550,3,"32"
382,"2671500","1254500","8.386465603406407","47.43741322355066",2025,6241,550,3,"39"
383,"2773500","1190500","9.713492062633222","46.84300501471105",1999,3575,2050,2,"8"
383,"2773500","1190500","9.713492062633222","46.84300501471105",2000,3575,2050,2,"9"
383,"2773500","1190500","9.713492062633222","46.84300501471105",2001,3575,2050,2,"10"
383,"2773500","1190500","9.713492062633222","46.84300501471105",2002,3575,2050,2,"10"
383,"2773500","1190500","9.713492062633222","46.84300501471105",2003,3575,2050,2,"10"
383,"2773500","1190500","9.713492062633222","46.84300501471105",2004,3575,2050,2,"11"
383,"2773500","1190500","9.713492062633222","46.84300501471105",2005,3575,2050,2,"10"
383,"2773500","1190500","9.713492062633222","46.84300501471105",2006,3575,2050,2,"12"
383,"2773500","1190500","9.713492062633222","46.84300501471105",2007,3575,2050,2,"11"
383,"2773500","1190500","9.713492062633222","46.84300501471105",2008,3575,2050,2,"11"
383,"2773500","1190500","9.713492062633222","46.84300501471105",2009,3575,2050,2,"14"
383,"2773500","1190500","9.713492062633222","46.84300501471105",2010,3575,2050,2,"15"
383,"2773500","1190500","9.713492062633222","46.84300501471105",2011,3575,2050,2,"12"
383,"2773500","1190500","9.713492062633222","46.84300501471105",2012,3575,2050,2,"14"
383,"2773500","1190500","9.713492062633222","46.84300501471105",2013,3575,2050,2,"18"
383,"2773500","1190500","9.713492062633222","46.84300501471105",2014,3575,2050,2,"14"
383,"2773500","1190500","9.713492062633222","46.84300501471105",2015,3575,2050,2,"12"
383,"2773500","1190500","9.713492062633222","46.84300501471105",2016,3575,2050,2,"17"
383,"2773500","1190500","9.713492062633222","46.84300501471105",2017,3575,2050,2,"19"
383,"2773500","1190500","9.713492062633222","46.84300501471105",2018,3575,2050,2,"19"
383,"2773500","1190500","9.713492062633222","46.84300501471105",2019,3575,2050,2,"20"
383,"2773500","1190500","9.713492062633222","46.84300501471105",2020,3575,2050,2,"22"
383,"2773500","1190500","9.713492062633222","46.84300501471105",2021,3575,2050,2,"17"
383,"2773500","1190500","9.713492062633222","46.84300501471105",2022,3575,2050,2,"26"
383,"2773500","1190500","9.713492062633222","46.84300501471105",2023,3575,2050,2,"19"
383,"2773500","1190500","9.713492062633222","46.84300501471105",2024,3575,2050,2,"15"
383,"2773500","1190500","9.713492062633222","46.84300501471105",2025,3575,2050,2,"15"
384,"2773500","1198500","9.71653709856043","46.914936993525735",1999,4909,1150,3,"38"
384,"2773500","1198500","9.71653709856043","46.914936993525735",2000,4909,1150,3,"43"
384,"2773500","1198500","9.71653709856043","46.914936993525735",2001,4909,1150,3,"38"
384,"2773500","1198500","9.71653709856043","46.914936993525735",2002,4909,1150,3,"40"
384,"2773500","1198500","9.71653709856043","46.914936993525735",2003,4909,1150,3,"39"
384,"2773500","1198500","9.71653709856043","46.914936993525735",2004,4909,1150,3,"43"
384,"2773500","1198500","9.71653709856043","46.914936993525735",2005,4909,1150,3,"38"
384,"2773500","1198500","9.71653709856043","46.914936993525735",2006,4909,1150,3,"44"
384,"2773500","1198500","9.71653709856043","46.914936993525735",2007,4909,1150,3,"37"
384,"2773500","1198500","9.71653709856043","46.914936993525735",2008,4909,1150,3,"42"
384,"2773500","1198500","9.71653709856043","46.914936993525735",2009,4909,1150,3,"39"
384,"2773500","1198500","9.71653709856043","46.914936993525735",2010,4909,1150,3,"33"
384,"2773500","1198500","9.71653709856043","46.914936993525735",2011,4909,1150,3,"37"
384,"2773500","1198500","9.71653709856043","46.914936993525735",2012,4909,1150,3,"38"
384,"2773500","1198500","9.71653709856043","46.914936993525735",2013,4909,1150,3,"38"
384,"2773500","1198500","9.71653709856043","46.914936993525735",2014,4909,1150,3,"34"
384,"2773500","1198500","9.71653709856043","46.914936993525735",2015,4909,1150,3,"48"
384,"2773500","1198500","9.71653709856043","46.914936993525735",2016,4909,1150,3,"54"
384,"2773500","1198500","9.71653709856043","46.914936993525735",2017,4909,1150,3,"42"
384,"2773500","1198500","9.71653709856043","46.914936993525735",2018,4909,1150,3,"42"
384,"2773500","1198500","9.71653709856043","46.914936993525735",2019,4909,1150,3,"54"
384,"2773500","1198500","9.71653709856043","46.914936993525735",2020,4909,1150,3,"44"
384,"2773500","1198500","9.71653709856043","46.914936993525735",2021,4909,1150,3,"47"
384,"2773500","1198500","9.71653709856043","46.914936993525735",2022,4909,1150,3,"45"
384,"2773500","1198500","9.71653709856043","46.914936993525735",2023,4909,1150,3,"45"
384,"2773500","1198500","9.71653709856043","46.914936993525735",2024,4909,1150,3,"37"
384,"2773500","1198500","9.71653709856043","46.914936993525735",2025,4909,1150,3,"36"
385,"2779500","1142500","9.773389208066602","46.40981977210313",1999,5178,2050,2,"37"
385,"2779500","1142500","9.773389208066602","46.40981977210313",2000,5178,2050,2,"40"
385,"2779500","1142500","9.773389208066602","46.40981977210313",2001,5178,2050,2,"38"
385,"2779500","1142500","9.773389208066602","46.40981977210313",2002,5178,2050,2,"38"
385,"2779500","1142500","9.773389208066602","46.40981977210313",2003,5178,2050,2,"40"
385,"2779500","1142500","9.773389208066602","46.40981977210313",2004,5178,2050,2,"35"
385,"2779500","1142500","9.773389208066602","46.40981977210313",2005,5178,2050,2,"39"
385,"2779500","1142500","9.773389208066602","46.40981977210313",2006,5178,2050,2,"38"
385,"2779500","1142500","9.773389208066602","46.40981977210313",2007,5178,2050,2,"40"
385,"2779500","1142500","9.773389208066602","46.40981977210313",2008,5178,2050,2,"41"
385,"2779500","1142500","9.773389208066602","46.40981977210313",2009,5178,2050,2,"36"
385,"2779500","1142500","9.773389208066602","46.40981977210313",2010,5178,2050,2,"35"
385,"2779500","1142500","9.773389208066602","46.40981977210313",2011,5178,2050,2,"38"
385,"2779500","1142500","9.773389208066602","46.40981977210313",2012,5178,2050,2,"34"
385,"2779500","1142500","9.773389208066602","46.40981977210313",2013,5178,2050,2,"37"
385,"2779500","1142500","9.773389208066602","46.40981977210313",2014,5178,2050,2,"39"
385,"2779500","1142500","9.773389208066602","46.40981977210313",2015,5178,2050,2,"35"
385,"2779500","1142500","9.773389208066602","46.40981977210313",2016,5178,2050,2,"36"
385,"2779500","1142500","9.773389208066602","46.40981977210313",2017,5178,2050,2,"39"
385,"2779500","1142500","9.773389208066602","46.40981977210313",2018,5178,2050,2,"38"
385,"2779500","1142500","9.773389208066602","46.40981977210313",2019,5178,2050,2,"35"
385,"2779500","1142500","9.773389208066602","46.40981977210313",2020,5178,2050,2,"43"
385,"2779500","1142500","9.773389208066602","46.40981977210313",2021,5178,2050,2,"38"
385,"2779500","1142500","9.773389208066602","46.40981977210313",2022,5178,2050,2,"41"
385,"2779500","1142500","9.773389208066602","46.40981977210313",2023,5178,2050,2,"35"
385,"2779500","1142500","9.773389208066602","46.40981977210313",2025,5178,2050,2,"45"
386,"2779500","1166500","9.782714882900223","46.6256187357361",1999,4751,2250,2,"16"
386,"2779500","1166500","9.782714882900223","46.6256187357361",2000,4751,2250,2,"20"
386,"2779500","1166500","9.782714882900223","46.6256187357361",2001,4751,2250,2,"17"
386,"2779500","1166500","9.782714882900223","46.6256187357361",2002,4751,2250,2,"19"
386,"2779500","1166500","9.782714882900223","46.6256187357361",2003,4751,2250,2,"18"
386,"2779500","1166500","9.782714882900223","46.6256187357361",2004,4751,2250,2,"16"
386,"2779500","1166500","9.782714882900223","46.6256187357361",2005,4751,2250,2,"18"
386,"2779500","1166500","9.782714882900223","46.6256187357361",2006,4751,2250,2,"17"
386,"2779500","1166500","9.782714882900223","46.6256187357361",2007,4751,2250,2,"17"
386,"2779500","1166500","9.782714882900223","46.6256187357361",2008,4751,2250,2,"18"
386,"2779500","1166500","9.782714882900223","46.6256187357361",2009,4751,2250,2,"19"
386,"2779500","1166500","9.782714882900223","46.6256187357361",2010,4751,2250,2,"15"
386,"2779500","1166500","9.782714882900223","46.6256187357361",2011,4751,2250,2,"19"
386,"2779500","1166500","9.782714882900223","46.6256187357361",2012,4751,2250,2,"19"
386,"2779500","1166500","9.782714882900223","46.6256187357361",2013,4751,2250,2,"23"
386,"2779500","1166500","9.782714882900223","46.6256187357361",2014,4751,2250,2,"18"
386,"2779500","1166500","9.782714882900223","46.6256187357361",2015,4751,2250,2,"16"
386,"2779500","1166500","9.782714882900223","46.6256187357361",2016,4751,2250,2,"19"
386,"2779500","1166500","9.782714882900223","46.6256187357361",2017,4751,2250,2,"30"
386,"2779500","1166500","9.782714882900223","46.6256187357361",2018,4751,2250,2,"31"
386,"2779500","1166500","9.782714882900223","46.6256187357361",2019,4751,2250,2,"29"
386,"2779500","1166500","9.782714882900223","46.6256187357361",2020,4751,2250,2,"32"
386,"2779500","1166500","9.782714882900223","46.6256187357361",2021,4751,2250,2,"27"
386,"2779500","1166500","9.782714882900223","46.6256187357361",2022,4751,2250,2,"26"
386,"2779500","1166500","9.782714882900223","46.6256187357361",2023,4751,2250,2,"26"
386,"2779500","1166500","9.782714882900223","46.6256187357361",2024,4751,2250,2,"27"
386,"2779500","1166500","9.782714882900223","46.6256187357361",2025,4751,2250,2,"32"
387,"2785500","1182500","9.867486887319577","46.767838433735626",1999,4223,2350,2,"13"
387,"2785500","1182500","9.867486887319577","46.767838433735626",2000,4223,2350,2,"17"
387,"2785500","1182500","9.867486887319577","46.767838433735626",2001,4223,2350,2,"16"
387,"2785500","1182500","9.867486887319577","46.767838433735626",2002,4223,2350,2,"16"
387,"2785500","1182500","9.867486887319577","46.767838433735626",2003,4223,2350,2,"19"
387,"2785500","1182500","9.867486887319577","46.767838433735626",2004,4223,2350,2,"17"
387,"2785500","1182500","9.867486887319577","46.767838433735626",2005,4223,2350,2,"15"
387,"2785500","1182500","9.867486887319577","46.767838433735626",2006,4223,2350,2,"16"
387,"2785500","1182500","9.867486887319577","46.767838433735626",2007,4223,2350,2,"18"
387,"2785500","1182500","9.867486887319577","46.767838433735626",2008,4223,2350,2,"18"
387,"2785500","1182500","9.867486887319577","46.767838433735626",2009,4223,2350,2,"15"
387,"2785500","1182500","9.867486887319577","46.767838433735626",2010,4223,2350,2,"17"
387,"2785500","1182500","9.867486887319577","46.767838433735626",2011,4223,2350,2,"17"
387,"2785500","1182500","9.867486887319577","46.767838433735626",2012,4223,2350,2,"17"
387,"2785500","1182500","9.867486887319577","46.767838433735626",2013,4223,2350,2,"17"
387,"2785500","1182500","9.867486887319577","46.767838433735626",2014,4223,2350,2,"18"
387,"2785500","1182500","9.867486887319577","46.767838433735626",2015,4223,2350,2,"16"
387,"2785500","1182500","9.867486887319577","46.767838433735626",2016,4223,2350,2,"19"
387,"2785500","1182500","9.867486887319577","46.767838433735626",2017,4223,2350,2,"14"
387,"2785500","1182500","9.867486887319577","46.767838433735626",2018,4223,2350,2,"23"
387,"2785500","1182500","9.867486887319577","46.767838433735626",2020,4223,2350,2,"22"
387,"2785500","1182500","9.867486887319577","46.767838433735626",2021,4223,2350,2,"21"
387,"2785500","1182500","9.867486887319577","46.767838433735626",2022,4223,2350,2,"20"
387,"2785500","1182500","9.867486887319577","46.767838433735626",2023,4223,2350,2,"21"
387,"2785500","1182500","9.867486887319577","46.767838433735626",2024,4223,2350,2,"26"
387,"2785500","1182500","9.867486887319577","46.767838433735626",2025,4223,2350,2,"23"
388,"2785500","1198500","9.873988770831204","46.911694674341994",2000,3170,2250,2,"5"
388,"2785500","1198500","9.873988770831204","46.911694674341994",2001,3170,2250,2,"6"
388,"2785500","1198500","9.873988770831204","46.911694674341994",2002,3170,2250,2,"6"
388,"2785500","1198500","9.873988770831204","46.911694674341994",2003,3170,2250,2,"6"
388,"2785500","1198500","9.873988770831204","46.911694674341994",2004,3170,2250,2,"5"
388,"2785500","1198500","9.873988770831204","46.911694674341994",2005,3170,2250,2,"8"
388,"2785500","1198500","9.873988770831204","46.911694674341994",2006,3170,2250,2,"10"
388,"2785500","1198500","9.873988770831204","46.911694674341994",2007,3170,2250,2,"7"
388,"2785500","1198500","9.873988770831204","46.911694674341994",2008,3170,2250,2,"10"
388,"2785500","1198500","9.873988770831204","46.911694674341994",2009,3170,2250,2,"10"
388,"2785500","1198500","9.873988770831204","46.911694674341994",2010,3170,2250,2,"12"
388,"2785500","1198500","9.873988770831204","46.911694674341994",2011,3170,2250,2,"11"
388,"2785500","1198500","9.873988770831204","46.911694674341994",2012,3170,2250,2,"10"
388,"2785500","1198500","9.873988770831204","46.911694674341994",2013,3170,2250,2,"11"
388,"2785500","1198500","9.873988770831204","46.911694674341994",2014,3170,2250,2,"10"
388,"2785500","1198500","9.873988770831204","46.911694674341994",2015,3170,2250,2,"10"
388,"2785500","1198500","9.873988770831204","46.911694674341994",2016,3170,2250,2,"12"
388,"2785500","1198500","9.873988770831204","46.911694674341994",2017,3170,2250,2,"11"
388,"2785500","1198500","9.873988770831204","46.911694674341994",2018,3170,2250,2,"10"
388,"2785500","1198500","9.873988770831204","46.911694674341994",2019,3170,2250,2,"11"
388,"2785500","1198500","9.873988770831204","46.911694674341994",2020,3170,2250,2,"12"
388,"2785500","1198500","9.873988770831204","46.911694674341994",2021,3170,2250,2,"10"
388,"2785500","1198500","9.873988770831204","46.911694674341994",2022,3170,2250,2,"12"
388,"2785500","1198500","9.873988770831204","46.911694674341994",2023,3170,2250,2,"11"
388,"2785500","1198500","9.873988770831204","46.911694674341994",2024,3170,2250,2,"10"
388,"2785500","1198500","9.873988770831204","46.911694674341994",2025,3170,2250,2,"11"
389,"2790500","1151500","9.920075518633443","46.48770527246702",1999,6688,2150,3,"43"
389,"2790500","1151500","9.920075518633443","46.48770527246702",2000,6688,2150,3,"35"
389,"2790500","1151500","9.920075518633443","46.48770527246702",2001,6688,2150,3,"33"
389,"2790500","1151500","9.920075518633443","46.48770527246702",2002,6688,2150,3,"37"
389,"2790500","1151500","9.920075518633443","46.48770527246702",2003,6688,2150,3,"39"
389,"2790500","1151500","9.920075518633443","46.48770527246702",2004,6688,2150,3,"40"
389,"2790500","1151500","9.920075518633443","46.48770527246702",2005,6688,2150,3,"34"
389,"2790500","1151500","9.920075518633443","46.48770527246702",2006,6688,2150,3,"29"
389,"2790500","1151500","9.920075518633443","46.48770527246702",2007,6688,2150,3,"30"
389,"2790500","1151500","9.920075518633443","46.48770527246702",2008,6688,2150,3,"30"
389,"2790500","1151500","9.920075518633443","46.48770527246702",2009,6688,2150,3,"33"
389,"2790500","1151500","9.920075518633443","46.48770527246702",2010,6688,2150,3,"28"
389,"2790500","1151500","9.920075518633443","46.48770527246702",2011,6688,2150,3,"29"
389,"2790500","1151500","9.920075518633443","46.48770527246702",2012,6688,2150,3,"32"
389,"2790500","1151500","9.920075518633443","46.48770527246702",2013,6688,2150,3,"31"
389,"2790500","1151500","9.920075518633443","46.48770527246702",2014,6688,2150,3,"28"
389,"2790500","1151500","9.920075518633443","46.48770527246702",2015,6688,2150,3,"31"
389,"2790500","1151500","9.920075518633443","46.48770527246702",2016,6688,2150,3,"31"
389,"2790500","1151500","9.920075518633443","46.48770527246702",2017,6688,2150,3,"31"
389,"2790500","1151500","9.920075518633443","46.48770527246702",2018,6688,2150,3,"35"
389,"2790500","1151500","9.920075518633443","46.48770527246702",2019,6688,2150,3,"33"
389,"2790500","1151500","9.920075518633443","46.48770527246702",2020,6688,2150,3,"33"
389,"2790500","1151500","9.920075518633443","46.48770527246702",2021,6688,2150,3,"28"
389,"2790500","1151500","9.920075518633443","46.48770527246702",2022,6688,2150,3,"34"
389,"2790500","1151500","9.920075518633443","46.48770527246702",2023,6688,2150,3,"35"
389,"2790500","1151500","9.920075518633443","46.48770527246702",2024,6688,2150,3,"36"
389,"2790500","1151500","9.920075518633443","46.48770527246702",2025,6688,2150,3,"34"
390,"2791500","1182500","9.94599554413134","46.76614055688299",1999,4498,2250,2,"6"
390,"2791500","1182500","9.94599554413134","46.76614055688299",2000,4498,2250,2,"5"
390,"2791500","1182500","9.94599554413134","46.76614055688299",2001,4498,2250,2,"8"
390,"2791500","1182500","9.94599554413134","46.76614055688299",2002,4498,2250,2,"8"
390,"2791500","1182500","9.94599554413134","46.76614055688299",2003,4498,2250,2,"9"
390,"2791500","1182500","9.94599554413134","46.76614055688299",2004,4498,2250,2,"8"
390,"2791500","1182500","9.94599554413134","46.76614055688299",2005,4498,2250,2,"7"
390,"2791500","1182500","9.94599554413134","46.76614055688299",2006,4498,2250,2,"8"
390,"2791500","1182500","9.94599554413134","46.76614055688299",2007,4498,2250,2,"5"
390,"2791500","1182500","9.94599554413134","46.76614055688299",2008,4498,2250,2,"9"
390,"2791500","1182500","9.94599554413134","46.76614055688299",2009,4498,2250,2,"6"
390,"2791500","1182500","9.94599554413134","46.76614055688299",2010,4498,2250,2,"8"
390,"2791500","1182500","9.94599554413134","46.76614055688299",2011,4498,2250,2,"7"
390,"2791500","1182500","9.94599554413134","46.76614055688299",2012,4498,2250,2,"10"
390,"2791500","1182500","9.94599554413134","46.76614055688299",2013,4498,2250,2,"10"
390,"2791500","1182500","9.94599554413134","46.76614055688299",2014,4498,2250,2,"11"
390,"2791500","1182500","9.94599554413134","46.76614055688299",2015,4498,2250,2,"10"
390,"2791500","1182500","9.94599554413134","46.76614055688299",2016,4498,2250,2,"11"
390,"2791500","1182500","9.94599554413134","46.76614055688299",2017,4498,2250,2,"6"
390,"2791500","1182500","9.94599554413134","46.76614055688299",2018,4498,2250,2,"7"
390,"2791500","1182500","9.94599554413134","46.76614055688299",2019,4498,2250,2,"8"
390,"2791500","1182500","9.94599554413134","46.76614055688299",2020,4498,2250,2,"9"
390,"2791500","1182500","9.94599554413134","46.76614055688299",2021,4498,2250,2,"11"
390,"2791500","1182500","9.94599554413134","46.76614055688299",2022,4498,2250,2,"10"
390,"2791500","1182500","9.94599554413134","46.76614055688299",2023,4498,2250,2,"9"
390,"2791500","1182500","9.94599554413134","46.76614055688299",2024,4498,2250,2,"7"
390,"2791500","1182500","9.94599554413134","46.76614055688299",2025,4498,2250,2,"7"
391,"2797500","1142500","10.007355314670061","46.40475957723889",1999,2882,2350,2,"8"
391,"2797500","1142500","10.007355314670061","46.40475957723889",2000,2882,2350,2,"9"
391,"2797500","1142500","10.007355314670061","46.40475957723889",2001,2882,2350,2,"10"
391,"2797500","1142500","10.007355314670061","46.40475957723889",2002,2882,2350,2,"7"
391,"2797500","1142500","10.007355314670061","46.40475957723889",2003,2882,2350,2,"8"
391,"2797500","1142500","10.007355314670061","46.40475957723889",2004,2882,2350,2,"8"
391,"2797500","1142500","10.007355314670061","46.40475957723889",2005,2882,2350,2,"10"
391,"2797500","1142500","10.007355314670061","46.40475957723889",2006,2882,2350,2,"6"
391,"2797500","1142500","10.007355314670061","46.40475957723889",2007,2882,2350,2,"9"
391,"2797500","1142500","10.007355314670061","46.40475957723889",2008,2882,2350,2,"8"
391,"2797500","1142500","10.007355314670061","46.40475957723889",2009,2882,2350,2,"10"
391,"2797500","1142500","10.007355314670061","46.40475957723889",2010,2882,2350,2,"8"
391,"2797500","1142500","10.007355314670061","46.40475957723889",2011,2882,2350,2,"9"
391,"2797500","1142500","10.007355314670061","46.40475957723889",2012,2882,2350,2,"9"
391,"2797500","1142500","10.007355314670061","46.40475957723889",2013,2882,2350,2,"8"
391,"2797500","1142500","10.007355314670061","46.40475957723889",2014,2882,2350,2,"10"
391,"2797500","1142500","10.007355314670061","46.40475957723889",2015,2882,2350,2,"9"
391,"2797500","1142500","10.007355314670061","46.40475957723889",2016,2882,2350,2,"12"
391,"2797500","1142500","10.007355314670061","46.40475957723889",2017,2882,2350,2,"9"
391,"2797500","1142500","10.007355314670061","46.40475957723889",2018,2882,2350,2,"11"
391,"2797500","1142500","10.007355314670061","46.40475957723889",2019,2882,2350,2,"11"
391,"2797500","1142500","10.007355314670061","46.40475957723889",2020,2882,2350,2,"12"
391,"2797500","1142500","10.007355314670061","46.40475957723889",2021,2882,2350,2,"9"
391,"2797500","1142500","10.007355314670061","46.40475957723889",2022,2882,2350,2,"9"
391,"2797500","1142500","10.007355314670061","46.40475957723889",2023,2882,2350,2,"13"
391,"2797500","1142500","10.007355314670061","46.40475957723889",2024,2882,2350,2,"8"
391,"2797500","1142500","10.007355314670061","46.40475957723889",2025,2882,2350,2,"10"
392,"2797500","1166500","10.01761433656875","46.620538536615165",1999,8365,1750,3,"25"
392,"2797500","1166500","10.01761433656875","46.620538536615165",2000,8365,1750,3,"29"
392,"2797500","1166500","10.01761433656875","46.620538536615165",2001,8365,1750,3,"31"
392,"2797500","1166500","10.01761433656875","46.620538536615165",2002,8365,1750,3,"27"
392,"2797500","1166500","10.01761433656875","46.620538536615165",2003,8365,1750,3,"26"
392,"2797500","1166500","10.01761433656875","46.620538536615165",2004,8365,1750,3,"28"
392,"2797500","1166500","10.01761433656875","46.620538536615165",2005,8365,1750,3,"24"
392,"2797500","1166500","10.01761433656875","46.620538536615165",2006,8365,1750,3,"23"
392,"2797500","1166500","10.01761433656875","46.620538536615165",2007,8365,1750,3,"24"
392,"2797500","1166500","10.01761433656875","46.620538536615165",2008,8365,1750,3,"27"
392,"2797500","1166500","10.01761433656875","46.620538536615165",2009,8365,1750,3,"21"
392,"2797500","1166500","10.01761433656875","46.620538536615165",2010,8365,1750,3,"23"
392,"2797500","1166500","10.01761433656875","46.620538536615165",2011,8365,1750,3,"31"
392,"2797500","1166500","10.01761433656875","46.620538536615165",2012,8365,1750,3,"25"
392,"2797500","1166500","10.01761433656875","46.620538536615165",2013,8365,1750,3,"24"
392,"2797500","1166500","10.01761433656875","46.620538536615165",2014,8365,1750,3,"26"
392,"2797500","1166500","10.01761433656875","46.620538536615165",2015,8365,1750,3,"25"
392,"2797500","1166500","10.01761433656875","46.620538536615165",2016,8365,1750,3,"24"
392,"2797500","1166500","10.01761433656875","46.620538536615165",2017,8365,1750,3,"28"
392,"2797500","1166500","10.01761433656875","46.620538536615165",2018,8365,1750,3,"23"
392,"2797500","1166500","10.01761433656875","46.620538536615165",2019,8365,1750,3,"24"
392,"2797500","1166500","10.01761433656875","46.620538536615165",2020,8365,1750,3,"27"
392,"2797500","1166500","10.01761433656875","46.620538536615165",2021,8365,1750,3,"26"
392,"2797500","1166500","10.01761433656875","46.620538536615165",2022,8365,1750,3,"23"
392,"2797500","1166500","10.01761433656875","46.620538536615165",2023,8365,1750,3,"27"
392,"2797500","1166500","10.01761433656875","46.620538536615165",2024,8365,1750,3,"24"
392,"2797500","1166500","10.01761433656875","46.620538536615165",2025,8365,1750,3,"25"
393,"2803500","1134500","10.08182935292984","46.331041061520715",1999,5467,1850,3,"29"
393,"2803500","1134500","10.08182935292984","46.331041061520715",2000,5467,1850,3,"25"
393,"2803500","1134500","10.08182935292984","46.331041061520715",2001,5467,1850,3,"25"
393,"2803500","1134500","10.08182935292984","46.331041061520715",2002,5467,1850,3,"29"
393,"2803500","1134500","10.08182935292984","46.331041061520715",2003,5467,1850,3,"24"
393,"2803500","1134500","10.08182935292984","46.331041061520715",2004,5467,1850,3,"27"
393,"2803500","1134500","10.08182935292984","46.331041061520715",2005,5467,1850,3,"30"
393,"2803500","1134500","10.08182935292984","46.331041061520715",2006,5467,1850,3,"24"
393,"2803500","1134500","10.08182935292984","46.331041061520715",2007,5467,1850,3,"29"
393,"2803500","1134500","10.08182935292984","46.331041061520715",2008,5467,1850,3,"27"
393,"2803500","1134500","10.08182935292984","46.331041061520715",2009,5467,1850,3,"29"
393,"2803500","1134500","10.08182935292984","46.331041061520715",2010,5467,1850,3,"26"
393,"2803500","1134500","10.08182935292984","46.331041061520715",2011,5467,1850,3,"28"
393,"2803500","1134500","10.08182935292984","46.331041061520715",2012,5467,1850,3,"25"
393,"2803500","1134500","10.08182935292984","46.331041061520715",2013,5467,1850,3,"24"
393,"2803500","1134500","10.08182935292984","46.331041061520715",2014,5467,1850,3,"30"
393,"2803500","1134500","10.08182935292984","46.331041061520715",2015,5467,1850,3,"24"
393,"2803500","1134500","10.08182935292984","46.331041061520715",2016,5467,1850,3,"27"
393,"2803500","1134500","10.08182935292984","46.331041061520715",2017,5467,1850,3,"28"
393,"2803500","1134500","10.08182935292984","46.331041061520715",2018,5467,1850,3,"28"
393,"2803500","1134500","10.08182935292984","46.331041061520715",2019,5467,1850,3,"27"
393,"2803500","1134500","10.08182935292984","46.331041061520715",2020,5467,1850,3,"26"
393,"2803500","1134500","10.08182935292984","46.331041061520715",2021,5467,1850,3,"29"
393,"2803500","1134500","10.08182935292984","46.331041061520715",2022,5467,1850,3,"27"
393,"2803500","1134500","10.08182935292984","46.331041061520715",2023,5467,1850,3,"29"
393,"2803500","1134500","10.08182935292984","46.331041061520715",2024,5467,1850,3,"25"
393,"2803500","1134500","10.08182935292984","46.331041061520715",2025,5467,1850,3,"28"
394,"2809500","1126500","10.156101489193599","46.25727366846276",1999,5660,1850,3,"28"
394,"2809500","1126500","10.156101489193599","46.25727366846276",2000,5660,1850,3,"27"
394,"2809500","1126500","10.156101489193599","46.25727366846276",2001,5660,1850,3,"26"
394,"2809500","1126500","10.156101489193599","46.25727366846276",2002,5660,1850,3,"30"
394,"2809500","1126500","10.156101489193599","46.25727366846276",2003,5660,1850,3,"30"
394,"2809500","1126500","10.156101489193599","46.25727366846276",2004,5660,1850,3,"32"
394,"2809500","1126500","10.156101489193599","46.25727366846276",2005,5660,1850,3,"35"
394,"2809500","1126500","10.156101489193599","46.25727366846276",2006,5660,1850,3,"30"
394,"2809500","1126500","10.156101489193599","46.25727366846276",2007,5660,1850,3,"28"
394,"2809500","1126500","10.156101489193599","46.25727366846276",2008,5660,1850,3,"33"
394,"2809500","1126500","10.156101489193599","46.25727366846276",2009,5660,1850,3,"29"
394,"2809500","1126500","10.156101489193599","46.25727366846276",2010,5660,1850,3,"31"
394,"2809500","1126500","10.156101489193599","46.25727366846276",2011,5660,1850,3,"32"
394,"2809500","1126500","10.156101489193599","46.25727366846276",2012,5660,1850,3,"28"
394,"2809500","1126500","10.156101489193599","46.25727366846276",2013,5660,1850,3,"31"
394,"2809500","1126500","10.156101489193599","46.25727366846276",2014,5660,1850,3,"30"
394,"2809500","1126500","10.156101489193599","46.25727366846276",2015,5660,1850,3,"33"
394,"2809500","1126500","10.156101489193599","46.25727366846276",2016,5660,1850,3,"32"
394,"2809500","1126500","10.156101489193599","46.25727366846276",2017,5660,1850,3,"32"
394,"2809500","1126500","10.156101489193599","46.25727366846276",2018,5660,1850,3,"29"
394,"2809500","1126500","10.156101489193599","46.25727366846276",2019,5660,1850,3,"30"
394,"2809500","1126500","10.156101489193599","46.25727366846276",2020,5660,1850,3,"29"
394,"2809500","1126500","10.156101489193599","46.25727366846276",2021,5660,1850,3,"33"
394,"2809500","1126500","10.156101489193599","46.25727366846276",2022,5660,1850,3,"30"
394,"2809500","1126500","10.156101489193599","46.25727366846276",2023,5660,1850,3,"35"
394,"2809500","1126500","10.156101489193599","46.25727366846276",2024,5660,1850,3,"30"
394,"2809500","1126500","10.156101489193599","46.25727366846276",2025,5660,1850,3,"35"
395,"2809500","1182500","10.181490786114127","46.760722997314545",1999,4751,1850,3,"30"
395,"2809500","1182500","10.181490786114127","46.760722997314545",2000,4751,1850,3,"31"
395,"2809500","1182500","10.181490786114127","46.760722997314545",2001,4751,1850,3,"34"
395,"2809500","1182500","10.181490786114127","46.760722997314545",2002,4751,1850,3,"30"
395,"2809500","1182500","10.181490786114127","46.760722997314545",2003,4751,1850,3,"30"
395,"2809500","1182500","10.181490786114127","46.760722997314545",2004,4751,1850,3,"31"
395,"2809500","1182500","10.181490786114127","46.760722997314545",2005,4751,1850,3,"34"
395,"2809500","1182500","10.181490786114127","46.760722997314545",2006,4751,1850,3,"30"
395,"2809500","1182500","10.181490786114127","46.760722997314545",2007,4751,1850,3,"34"
395,"2809500","1182500","10.181490786114127","46.760722997314545",2008,4751,1850,3,"34"
395,"2809500","1182500","10.181490786114127","46.760722997314545",2009,4751,1850,3,"32"
395,"2809500","1182500","10.181490786114127","46.760722997314545",2010,4751,1850,3,"29"
395,"2809500","1182500","10.181490786114127","46.760722997314545",2011,4751,1850,3,"30"
395,"2809500","1182500","10.181490786114127","46.760722997314545",2012,4751,1850,3,"32"
395,"2809500","1182500","10.181490786114127","46.760722997314545",2013,4751,1850,3,"32"
395,"2809500","1182500","10.181490786114127","46.760722997314545",2014,4751,1850,3,"34"
395,"2809500","1182500","10.181490786114127","46.760722997314545",2015,4751,1850,3,"32"
395,"2809500","1182500","10.181490786114127","46.760722997314545",2016,4751,1850,3,"30"
395,"2809500","1182500","10.181490786114127","46.760722997314545",2017,4751,1850,3,"31"
395,"2809500","1182500","10.181490786114127","46.760722997314545",2018,4751,1850,3,"30"
395,"2809500","1182500","10.181490786114127","46.760722997314545",2019,4751,1850,3,"33"
395,"2809500","1182500","10.181490786114127","46.760722997314545",2020,4751,1850,3,"34"
395,"2809500","1182500","10.181490786114127","46.760722997314545",2021,4751,1850,3,"34"
395,"2809500","1182500","10.181490786114127","46.760722997314545",2022,4751,1850,3,"32"
395,"2809500","1182500","10.181490786114127","46.760722997314545",2023,4751,1850,3,"33"
395,"2809500","1182500","10.181490786114127","46.760722997314545",2024,4751,1850,3,"28"
395,"2809500","1182500","10.181490786114127","46.760722997314545",2025,4751,1850,3,"26"
396,"2815500","1190500","10.263748850989995","46.83072579883686",1999,4383,2450,2,"9"
396,"2815500","1190500","10.263748850989995","46.83072579883686",2000,4383,2450,2,"8"
396,"2815500","1190500","10.263748850989995","46.83072579883686",2001,4383,2450,2,"9"
396,"2815500","1190500","10.263748850989995","46.83072579883686",2002,4383,2450,2,"10"
396,"2815500","1190500","10.263748850989995","46.83072579883686",2003,4383,2450,2,"7"
396,"2815500","1190500","10.263748850989995","46.83072579883686",2004,4383,2450,2,"8"
396,"2815500","1190500","10.263748850989995","46.83072579883686",2005,4383,2450,2,"8"
396,"2815500","1190500","10.263748850989995","46.83072579883686",2006,4383,2450,2,"7"
396,"2815500","1190500","10.263748850989995","46.83072579883686",2007,4383,2450,2,"11"
396,"2815500","1190500","10.263748850989995","46.83072579883686",2008,4383,2450,2,"9"
396,"2815500","1190500","10.263748850989995","46.83072579883686",2009,4383,2450,2,"7"
396,"2815500","1190500","10.263748850989995","46.83072579883686",2010,4383,2450,2,"10"
396,"2815500","1190500","10.263748850989995","46.83072579883686",2011,4383,2450,2,"8"
396,"2815500","1190500","10.263748850989995","46.83072579883686",2012,4383,2450,2,"11"
396,"2815500","1190500","10.263748850989995","46.83072579883686",2013,4383,2450,2,"10"
396,"2815500","1190500","10.263748850989995","46.83072579883686",2014,4383,2450,2,"12"
396,"2815500","1190500","10.263748850989995","46.83072579883686",2015,4383,2450,2,"12"
396,"2815500","1190500","10.263748850989995","46.83072579883686",2016,4383,2450,2,"13"
396,"2815500","1190500","10.263748850989995","46.83072579883686",2017,4383,2450,2,"11"
396,"2815500","1190500","10.263748850989995","46.83072579883686",2018,4383,2450,2,"9"
396,"2815500","1190500","10.263748850989995","46.83072579883686",2019,4383,2450,2,"12"
396,"2815500","1190500","10.263748850989995","46.83072579883686",2020,4383,2450,2,"12"
396,"2815500","1190500","10.263748850989995","46.83072579883686",2021,4383,2450,2,"15"
396,"2815500","1190500","10.263748850989995","46.83072579883686",2022,4383,2450,2,"12"
396,"2815500","1190500","10.263748850989995","46.83072579883686",2023,4383,2450,2,"10"
396,"2815500","1190500","10.263748850989995","46.83072579883686",2024,4383,2450,2,"13"
396,"2815500","1190500","10.263748850989995","46.83072579883686",2025,4383,2450,2,"11"
397,"2821500","1190500","10.34233554650385","46.82875542563168",1999,5630,1850,3,"44"
397,"2821500","1190500","10.34233554650385","46.82875542563168",2000,5630,1850,3,"46"
397,"2821500","1190500","10.34233554650385","46.82875542563168",2001,5630,1850,3,"36"
397,"2821500","1190500","10.34233554650385","46.82875542563168",2002,5630,1850,3,"43"
397,"2821500","1190500","10.34233554650385","46.82875542563168",2003,5630,1850,3,"37"
397,"2821500","1190500","10.34233554650385","46.82875542563168",2004,5630,1850,3,"43"
397,"2821500","1190500","10.34233554650385","46.82875542563168",2005,5630,1850,3,"42"
397,"2821500","1190500","10.34233554650385","46.82875542563168",2006,5630,1850,3,"41"
397,"2821500","1190500","10.34233554650385","46.82875542563168",2007,5630,1850,3,"45"
397,"2821500","1190500","10.34233554650385","46.82875542563168",2008,5630,1850,3,"40"
397,"2821500","1190500","10.34233554650385","46.82875542563168",2009,5630,1850,3,"38"
397,"2821500","1190500","10.34233554650385","46.82875542563168",2010,5630,1850,3,"40"
397,"2821500","1190500","10.34233554650385","46.82875542563168",2011,5630,1850,3,"33"
397,"2821500","1190500","10.34233554650385","46.82875542563168",2012,5630,1850,3,"44"
397,"2821500","1190500","10.34233554650385","46.82875542563168",2013,5630,1850,3,"48"
397,"2821500","1190500","10.34233554650385","46.82875542563168",2014,5630,1850,3,"47"
397,"2821500","1190500","10.34233554650385","46.82875542563168",2015,5630,1850,3,"46"
397,"2821500","1190500","10.34233554650385","46.82875542563168",2016,5630,1850,3,"48"
397,"2821500","1190500","10.34233554650385","46.82875542563168",2017,5630,1850,3,"47"
397,"2821500","1190500","10.34233554650385","46.82875542563168",2018,5630,1850,3,"47"
397,"2821500","1190500","10.34233554650385","46.82875542563168",2019,5630,1850,3,"49"
397,"2821500","1190500","10.34233554650385","46.82875542563168",2020,5630,1850,3,"50"
397,"2821500","1190500","10.34233554650385","46.82875542563168",2021,5630,1850,3,"48"
397,"2821500","1190500","10.34233554650385","46.82875542563168",2022,5630,1850,3,"45"
397,"2821500","1190500","10.34233554650385","46.82875542563168",2023,5630,1850,3,"47"
397,"2821500","1190500","10.34233554650385","46.82875542563168",2024,5630,1850,3,"48"
397,"2821500","1190500","10.34233554650385","46.82875542563168",2025,5630,1850,3,"46"
398,"2827500","1166500","10.40900883442751","46.61099475310251",1999,6776,1850,3,"46"
398,"2827500","1166500","10.40900883442751","46.61099475310251",2000,6776,1850,3,"54"
398,"2827500","1166500","10.40900883442751","46.61099475310251",2001,6776,1850,3,"48"
398,"2827500","1166500","10.40900883442751","46.61099475310251",2002,6776,1850,3,"49"
398,"2827500","1166500","10.40900883442751","46.61099475310251",2003,6776,1850,3,"51"
398,"2827500","1166500","10.40900883442751","46.61099475310251",2004,6776,1850,3,"53"
398,"2827500","1166500","10.40900883442751","46.61099475310251",2005,6776,1850,3,"52"
398,"2827500","1166500","10.40900883442751","46.61099475310251",2006,6776,1850,3,"55"
398,"2827500","1166500","10.40900883442751","46.61099475310251",2007,6776,1850,3,"50"
398,"2827500","1166500","10.40900883442751","46.61099475310251",2008,6776,1850,3,"53"
398,"2827500","1166500","10.40900883442751","46.61099475310251",2009,6776,1850,3,"54"
398,"2827500","1166500","10.40900883442751","46.61099475310251",2010,6776,1850,3,"49"
398,"2827500","1166500","10.40900883442751","46.61099475310251",2011,6776,1850,3,"54"
398,"2827500","1166500","10.40900883442751","46.61099475310251",2012,6776,1850,3,"48"
398,"2827500","1166500","10.40900883442751","46.61099475310251",2013,6776,1850,3,"54"
398,"2827500","1166500","10.40900883442751","46.61099475310251",2014,6776,1850,3,"50"
398,"2827500","1166500","10.40900883442751","46.61099475310251",2015,6776,1850,3,"53"
398,"2827500","1166500","10.40900883442751","46.61099475310251",2016,6776,1850,3,"49"
398,"2827500","1166500","10.40900883442751","46.61099475310251",2017,6776,1850,3,"51"
398,"2827500","1166500","10.40900883442751","46.61099475310251",2018,6776,1850,3,"50"
398,"2827500","1166500","10.40900883442751","46.61099475310251",2019,6776,1850,3,"46"
398,"2827500","1166500","10.40900883442751","46.61099475310251",2020,6776,1850,3,"48"
398,"2827500","1166500","10.40900883442751","46.61099475310251",2021,6776,1850,3,"49"
398,"2827500","1166500","10.40900883442751","46.61099475310251",2022,6776,1850,3,"48"
398,"2827500","1166500","10.40900883442751","46.61099475310251",2023,6776,1850,3,"49"
398,"2827500","1166500","10.40900883442751","46.61099475310251",2024,6776,1850,3,"43"
398,"2827500","1166500","10.40900883442751","46.61099475310251",2025,6776,1850,3,"49"
399,"2605500","1246500","7.511440878308126","47.36931687334563",1999,4552,750,3,"30"
399,"2605500","1246500","7.511440878308126","47.36931687334563",2000,4552,750,3,"31"
399,"2605500","1246500","7.511440878308126","47.36931687334563",2001,4552,750,3,"35"
399,"2605500","1246500","7.511440878308126","47.36931687334563",2002,4552,750,3,"35"
399,"2605500","1246500","7.511440878308126","47.36931687334563",2003,4552,750,3,"34"
399,"2605500","1246500","7.511440878308126","47.36931687334563",2004,4552,750,3,"35"
399,"2605500","1246500","7.511440878308126","47.36931687334563",2005,4552,750,3,"46"
399,"2605500","1246500","7.511440878308126","47.36931687334563",2006,4552,750,3,"43"
399,"2605500","1246500","7.511440878308126","47.36931687334563",2007,4552,750,3,"43"
399,"2605500","1246500","7.511440878308126","47.36931687334563",2008,4552,750,3,"39"
399,"2605500","1246500","7.511440878308126","47.36931687334563",2009,4552,750,3,"35"
399,"2605500","1246500","7.511440878308126","47.36931687334563",2010,4552,750,3,"40"
399,"2605500","1246500","7.511440878308126","47.36931687334563",2011,4552,750,3,"38"
399,"2605500","1246500","7.511440878308126","47.36931687334563",2012,4552,750,3,"34"
399,"2605500","1246500","7.511440878308126","47.36931687334563",2013,4552,750,3,"41"
399,"2605500","1246500","7.511440878308126","47.36931687334563",2014,4552,750,3,"36"
399,"2605500","1246500","7.511440878308126","47.36931687334563",2015,4552,750,3,"38"
399,"2605500","1246500","7.511440878308126","47.36931687334563",2016,4552,750,3,"42"
399,"2605500","1246500","7.511440878308126","47.36931687334563",2017,4552,750,3,"38"
399,"2605500","1246500","7.511440878308126","47.36931687334563",2018,4552,750,3,"31"
399,"2605500","1246500","7.511440878308126","47.36931687334563",2019,4552,750,3,"35"
399,"2605500","1246500","7.511440878308126","47.36931687334563",2020,4552,750,3,"35"
399,"2605500","1246500","7.511440878308126","47.36931687334563",2021,4552,750,3,"37"
399,"2605500","1246500","7.511440878308126","47.36931687334563",2022,4552,750,3,"36"
399,"2605500","1246500","7.511440878308126","47.36931687334563",2023,4552,750,3,"34"
399,"2605500","1246500","7.511440878308126","47.36931687334563",2024,4552,750,3,"38"
399,"2605500","1246500","7.511440878308126","47.36931687334563",2025,4552,750,3,"34"
400,"2605500","1262500","7.511635534686339","47.513221926611365",1999,3339,350,3,"45"
400,"2605500","1262500","7.511635534686339","47.513221926611365",2000,3339,350,3,"45"
400,"2605500","1262500","7.511635534686339","47.513221926611365",2001,3339,350,3,"47"
400,"2605500","1262500","7.511635534686339","47.513221926611365",2002,3339,350,3,"43"
400,"2605500","1262500","7.511635534686339","47.513221926611365",2003,3339,350,3,"42"
400,"2605500","1262500","7.511635534686339","47.513221926611365",2004,3339,350,3,"42"
400,"2605500","1262500","7.511635534686339","47.513221926611365",2005,3339,350,3,"46"
400,"2605500","1262500","7.511635534686339","47.513221926611365",2006,3339,350,3,"46"
400,"2605500","1262500","7.511635534686339","47.513221926611365",2007,3339,350,3,"40"
400,"2605500","1262500","7.511635534686339","47.513221926611365",2008,3339,350,3,"36"
400,"2605500","1262500","7.511635534686339","47.513221926611365",2009,3339,350,3,"38"
400,"2605500","1262500","7.511635534686339","47.513221926611365",2010,3339,350,3,"42"
400,"2605500","1262500","7.511635534686339","47.513221926611365",2011,3339,350,3,"42"
400,"2605500","1262500","7.511635534686339","47.513221926611365",2012,3339,350,3,"44"
400,"2605500","1262500","7.511635534686339","47.513221926611365",2013,3339,350,3,"44"
400,"2605500","1262500","7.511635534686339","47.513221926611365",2014,3339,350,3,"42"
400,"2605500","1262500","7.511635534686339","47.513221926611365",2015,3339,350,3,"37"
400,"2605500","1262500","7.511635534686339","47.513221926611365",2016,3339,350,3,"42"
400,"2605500","1262500","7.511635534686339","47.513221926611365",2017,3339,350,3,"45"
400,"2605500","1262500","7.511635534686339","47.513221926611365",2018,3339,350,3,"43"
400,"2605500","1262500","7.511635534686339","47.513221926611365",2019,3339,350,3,"41"
400,"2605500","1262500","7.511635534686339","47.513221926611365",2020,3339,350,3,"39"
400,"2605500","1262500","7.511635534686339","47.513221926611365",2021,3339,350,3,"40"
400,"2605500","1262500","7.511635534686339","47.513221926611365",2022,3339,350,3,"40"
400,"2605500","1262500","7.511635534686339","47.513221926611365",2023,3339,350,3,"33"
400,"2605500","1262500","7.511635534686339","47.513221926611365",2024,3339,350,3,"38"
400,"2605500","1262500","7.511635534686339","47.513221926611365",2025,3339,350,3,"33"
401,"2611500","1110500","7.587479694768461","46.14588758029813",1999,4136,2750,2,"7"
401,"2611500","1110500","7.587479694768461","46.14588758029813",2000,4136,2750,2,"6"
401,"2611500","1110500","7.587479694768461","46.14588758029813",2001,4136,2750,2,"6"
401,"2611500","1110500","7.587479694768461","46.14588758029813",2002,4136,2750,2,"8"
401,"2611500","1110500","7.587479694768461","46.14588758029813",2003,4136,2750,2,"5"
401,"2611500","1110500","7.587479694768461","46.14588758029813",2004,4136,2750,2,"7"
401,"2611500","1110500","7.587479694768461","46.14588758029813",2005,4136,2750,2,"5"
401,"2611500","1110500","7.587479694768461","46.14588758029813",2006,4136,2750,2,"6"
401,"2611500","1110500","7.587479694768461","46.14588758029813",2007,4136,2750,2,"7"
401,"2611500","1110500","7.587479694768461","46.14588758029813",2008,4136,2750,2,"8"
401,"2611500","1110500","7.587479694768461","46.14588758029813",2009,4136,2750,2,"8"
401,"2611500","1110500","7.587479694768461","46.14588758029813",2010,4136,2750,2,"8"
401,"2611500","1110500","7.587479694768461","46.14588758029813",2011,4136,2750,2,"6"
401,"2611500","1110500","7.587479694768461","46.14588758029813",2012,4136,2750,2,"10"
401,"2611500","1110500","7.587479694768461","46.14588758029813",2013,4136,2750,2,"8"
401,"2611500","1110500","7.587479694768461","46.14588758029813",2014,4136,2750,2,"7"
401,"2611500","1110500","7.587479694768461","46.14588758029813",2015,4136,2750,2,"6"
401,"2611500","1110500","7.587479694768461","46.14588758029813",2016,4136,2750,2,"7"
401,"2611500","1110500","7.587479694768461","46.14588758029813",2017,4136,2750,2,"8"
401,"2611500","1110500","7.587479694768461","46.14588758029813",2018,4136,2750,2,"9"
401,"2611500","1110500","7.587479694768461","46.14588758029813",2019,4136,2750,2,"8"
401,"2611500","1110500","7.587479694768461","46.14588758029813",2020,4136,2750,2,"9"
401,"2611500","1110500","7.587479694768461","46.14588758029813",2021,4136,2750,2,"8"
401,"2611500","1110500","7.587479694768461","46.14588758029813",2022,4136,2750,2,"9"
401,"2611500","1110500","7.587479694768461","46.14588758029813",2023,4136,2750,2,"10"
401,"2611500","1110500","7.587479694768461","46.14588758029813",2024,4136,2750,2,"10"
401,"2611500","1110500","7.587479694768461","46.14588758029813",2025,4136,2750,2,"9"
402,"2611500","1142500","7.588265179221762","46.43374649984373",1999,4066,2450,2,"9"
402,"2611500","1142500","7.588265179221762","46.43374649984373",2000,4066,2450,2,"10"
402,"2611500","1142500","7.588265179221762","46.43374649984373",2001,4066,2450,2,"8"
402,"2611500","1142500","7.588265179221762","46.43374649984373",2002,4066,2450,2,"9"
402,"2611500","1142500","7.588265179221762","46.43374649984373",2003,4066,2450,2,"9"
402,"2611500","1142500","7.588265179221762","46.43374649984373",2004,4066,2450,2,"7"
402,"2611500","1142500","7.588265179221762","46.43374649984373",2005,4066,2450,2,"9"
402,"2611500","1142500","7.588265179221762","46.43374649984373",2006,4066,2450,2,"8"
402,"2611500","1142500","7.588265179221762","46.43374649984373",2007,4066,2450,2,"9"
402,"2611500","1142500","7.588265179221762","46.43374649984373",2008,4066,2450,2,"9"
402,"2611500","1142500","7.588265179221762","46.43374649984373",2009,4066,2450,2,"8"
402,"2611500","1142500","7.588265179221762","46.43374649984373",2010,4066,2450,2,"9"
402,"2611500","1142500","7.588265179221762","46.43374649984373",2011,4066,2450,2,"10"
402,"2611500","1142500","7.588265179221762","46.43374649984373",2012,4066,2450,2,"9"
402,"2611500","1142500","7.588265179221762","46.43374649984373",2013,4066,2450,2,"8"
402,"2611500","1142500","7.588265179221762","46.43374649984373",2014,4066,2450,2,"8"
402,"2611500","1142500","7.588265179221762","46.43374649984373",2015,4066,2450,2,"9"
402,"2611500","1142500","7.588265179221762","46.43374649984373",2016,4066,2450,2,"8"
402,"2611500","1142500","7.588265179221762","46.43374649984373",2017,4066,2450,2,"8"
402,"2611500","1142500","7.588265179221762","46.43374649984373",2018,4066,2450,2,"10"
402,"2611500","1142500","7.588265179221762","46.43374649984373",2019,4066,2450,2,"7"
402,"2611500","1142500","7.588265179221762","46.43374649984373",2020,4066,2450,2,"10"
402,"2611500","1142500","7.588265179221762","46.43374649984373",2021,4066,2450,2,"9"
402,"2611500","1142500","7.588265179221762","46.43374649984373",2022,4066,2450,2,"10"
402,"2611500","1142500","7.588265179221762","46.43374649984373",2023,4066,2450,2,"10"
402,"2611500","1142500","7.588265179221762","46.43374649984373",2024,4066,2450,2,"7"
402,"2611500","1142500","7.588265179221762","46.43374649984373",2025,4066,2450,2,"9"
403,"2611500","1174500","7.589058990613965","46.72160390828597",1999,5563,650,3,"37"
403,"2611500","1174500","7.589058990613965","46.72160390828597",2000,5563,650,3,"31"
403,"2611500","1174500","7.589058990613965","46.72160390828597",2001,5563,650,3,"35"
403,"2611500","1174500","7.589058990613965","46.72160390828597",2002,5563,650,3,"41"
403,"2611500","1174500","7.589058990613965","46.72160390828597",2003,5563,650,3,"39"
403,"2611500","1174500","7.589058990613965","46.72160390828597",2004,5563,650,3,"38"
403,"2611500","1174500","7.589058990613965","46.72160390828597",2005,5563,650,3,"30"
403,"2611500","1174500","7.589058990613965","46.72160390828597",2006,5563,650,3,"40"
403,"2611500","1174500","7.589058990613965","46.72160390828597",2007,5563,650,3,"35"
403,"2611500","1174500","7.589058990613965","46.72160390828597",2008,5563,650,3,"39"
403,"2611500","1174500","7.589058990613965","46.72160390828597",2009,5563,650,3,"30"
403,"2611500","1174500","7.589058990613965","46.72160390828597",2010,5563,650,3,"32"
403,"2611500","1174500","7.589058990613965","46.72160390828597",2011,5563,650,3,"36"
403,"2611500","1174500","7.589058990613965","46.72160390828597",2012,5563,650,3,"33"
403,"2611500","1174500","7.589058990613965","46.72160390828597",2013,5563,650,3,"31"
403,"2611500","1174500","7.589058990613965","46.72160390828597",2014,5563,650,3,"27"
403,"2611500","1174500","7.589058990613965","46.72160390828597",2015,5563,650,3,"27"
403,"2611500","1174500","7.589058990613965","46.72160390828597",2016,5563,650,3,"34"
403,"2611500","1174500","7.589058990613965","46.72160390828597",2017,5563,650,3,"30"
403,"2611500","1174500","7.589058990613965","46.72160390828597",2018,5563,650,3,"31"
403,"2611500","1174500","7.589058990613965","46.72160390828597",2019,5563,650,3,"34"
403,"2611500","1174500","7.589058990613965","46.72160390828597",2020,5563,650,3,"31"
403,"2611500","1174500","7.589058990613965","46.72160390828597",2021,5563,650,3,"33"
403,"2611500","1174500","7.589058990613965","46.72160390828597",2022,5563,650,3,"30"
403,"2611500","1174500","7.589058990613965","46.72160390828597",2023,5563,650,3,"30"
403,"2611500","1174500","7.589058990613965","46.72160390828597",2024,5563,650,3,"34"
403,"2611500","1174500","7.589058990613965","46.72160390828597",2025,5563,650,3,"40"
404,"2611500","1190500","7.589459066828675","46.86552978454388",1999,5855,650,3,"29"
404,"2611500","1190500","7.589459066828675","46.86552978454388",2000,5855,650,3,"31"
404,"2611500","1190500","7.589459066828675","46.86552978454388",2001,5855,650,3,"43"
404,"2611500","1190500","7.589459066828675","46.86552978454388",2002,5855,650,3,"44"
404,"2611500","1190500","7.589459066828675","46.86552978454388",2003,5855,650,3,"42"
404,"2611500","1190500","7.589459066828675","46.86552978454388",2004,5855,650,3,"41"
404,"2611500","1190500","7.589459066828675","46.86552978454388",2005,5855,650,3,"40"
404,"2611500","1190500","7.589459066828675","46.86552978454388",2006,5855,650,3,"39"
404,"2611500","1190500","7.589459066828675","46.86552978454388",2007,5855,650,3,"42"
404,"2611500","1190500","7.589459066828675","46.86552978454388",2008,5855,650,3,"39"
404,"2611500","1190500","7.589459066828675","46.86552978454388",2009,5855,650,3,"40"
404,"2611500","1190500","7.589459066828675","46.86552978454388",2010,5855,650,3,"43"
404,"2611500","1190500","7.589459066828675","46.86552978454388",2011,5855,650,3,"37"
404,"2611500","1190500","7.589459066828675","46.86552978454388",2012,5855,650,3,"40"
404,"2611500","1190500","7.589459066828675","46.86552978454388",2013,5855,650,3,"40"
404,"2611500","1190500","7.589459066828675","46.86552978454388",2014,5855,650,3,"38"
404,"2611500","1190500","7.589459066828675","46.86552978454388",2015,5855,650,3,"39"
404,"2611500","1190500","7.589459066828675","46.86552978454388",2016,5855,650,3,"41"
404,"2611500","1190500","7.589459066828675","46.86552978454388",2017,5855,650,3,"39"
404,"2611500","1190500","7.589459066828675","46.86552978454388",2018,5855,650,3,"41"
404,"2611500","1190500","7.589459066828675","46.86552978454388",2019,5855,650,3,"42"
404,"2611500","1190500","7.589459066828675","46.86552978454388",2020,5855,650,3,"41"
404,"2611500","1190500","7.589459066828675","46.86552978454388",2021,5855,650,3,"42"
404,"2611500","1190500","7.589459066828675","46.86552978454388",2022,5855,650,3,"39"
404,"2611500","1190500","7.589459066828675","46.86552978454388",2023,5855,650,3,"42"
404,"2611500","1190500","7.589459066828675","46.86552978454388",2024,5855,650,3,"46"
404,"2611500","1190500","7.589459066828675","46.86552978454388",2025,5855,650,3,"47"
405,"2611500","1206500","7.589861282742062","47.00945256976805",1999,6160,750,3,"30"
405,"2611500","1206500","7.589861282742062","47.00945256976805",2000,6160,750,3,"40"
405,"2611500","1206500","7.589861282742062","47.00945256976805",2001,6160,750,3,"37"
405,"2611500","1206500","7.589861282742062","47.00945256976805",2002,6160,750,3,"36"
405,"2611500","1206500","7.589861282742062","47.00945256976805",2003,6160,750,3,"36"
405,"2611500","1206500","7.589861282742062","47.00945256976805",2004,6160,750,3,"36"
405,"2611500","1206500","7.589861282742062","47.00945256976805",2005,6160,750,3,"40"
405,"2611500","1206500","7.589861282742062","47.00945256976805",2006,6160,750,3,"42"
405,"2611500","1206500","7.589861282742062","47.00945256976805",2007,6160,750,3,"36"
405,"2611500","1206500","7.589861282742062","47.00945256976805",2008,6160,750,3,"43"
405,"2611500","1206500","7.589861282742062","47.00945256976805",2009,6160,750,3,"31"
405,"2611500","1206500","7.589861282742062","47.00945256976805",2010,6160,750,3,"44"
405,"2611500","1206500","7.589861282742062","47.00945256976805",2011,6160,750,3,"29"
405,"2611500","1206500","7.589861282742062","47.00945256976805",2012,6160,750,3,"38"
405,"2611500","1206500","7.589861282742062","47.00945256976805",2013,6160,750,3,"34"
405,"2611500","1206500","7.589861282742062","47.00945256976805",2014,6160,750,3,"38"
405,"2611500","1206500","7.589861282742062","47.00945256976805",2015,6160,750,3,"38"
405,"2611500","1206500","7.589861282742062","47.00945256976805",2016,6160,750,3,"41"
405,"2611500","1206500","7.589861282742062","47.00945256976805",2017,6160,750,3,"44"
405,"2611500","1206500","7.589861282742062","47.00945256976805",2018,6160,750,3,"45"
405,"2611500","1206500","7.589861282742062","47.00945256976805",2019,6160,750,3,"49"
405,"2611500","1206500","7.589861282742062","47.00945256976805",2020,6160,750,3,"46"
405,"2611500","1206500","7.589861282742062","47.00945256976805",2021,6160,750,3,"46"
405,"2611500","1206500","7.589861282742062","47.00945256976805",2022,6160,750,3,"45"
405,"2611500","1206500","7.589861282742062","47.00945256976805",2023,6160,750,3,"45"
405,"2611500","1206500","7.589861282742062","47.00945256976805",2024,6160,750,3,"51"
405,"2611500","1206500","7.589861282742062","47.00945256976805",2025,6160,750,3,"46"
406,"2611500","1222500","7.590265658165004","47.153371359902955",1999,5210,450,3,"40"
406,"2611500","1222500","7.590265658165004","47.153371359902955",2000,5210,450,3,"43"
406,"2611500","1222500","7.590265658165004","47.153371359902955",2001,5210,450,3,"44"
406,"2611500","1222500","7.590265658165004","47.153371359902955",2002,5210,450,3,"31"
406,"2611500","1222500","7.590265658165004","47.153371359902955",2003,5210,450,3,"39"
406,"2611500","1222500","7.590265658165004","47.153371359902955",2004,5210,450,3,"38"
406,"2611500","1222500","7.590265658165004","47.153371359902955",2005,5210,450,3,"40"
406,"2611500","1222500","7.590265658165004","47.153371359902955",2006,5210,450,3,"37"
406,"2611500","1222500","7.590265658165004","47.153371359902955",2007,5210,450,3,"42"
406,"2611500","1222500","7.590265658165004","47.153371359902955",2008,5210,450,3,"39"
406,"2611500","1222500","7.590265658165004","47.153371359902955",2009,5210,450,3,"40"
406,"2611500","1222500","7.590265658165004","47.153371359902955",2010,5210,450,3,"37"
406,"2611500","1222500","7.590265658165004","47.153371359902955",2011,5210,450,3,"39"
406,"2611500","1222500","7.590265658165004","47.153371359902955",2012,5210,450,3,"37"
406,"2611500","1222500","7.590265658165004","47.153371359902955",2013,5210,450,3,"41"
406,"2611500","1222500","7.590265658165004","47.153371359902955",2014,5210,450,3,"40"
406,"2611500","1222500","7.590265658165004","47.153371359902955",2015,5210,450,3,"37"
406,"2611500","1222500","7.590265658165004","47.153371359902955",2016,5210,450,3,"39"
406,"2611500","1222500","7.590265658165004","47.153371359902955",2017,5210,450,3,"38"
406,"2611500","1222500","7.590265658165004","47.153371359902955",2018,5210,450,3,"42"
406,"2611500","1222500","7.590265658165004","47.153371359902955",2019,5210,450,3,"38"
406,"2611500","1222500","7.590265658165004","47.153371359902955",2020,5210,450,3,"40"
406,"2611500","1222500","7.590265658165004","47.153371359902955",2021,5210,450,3,"38"
406,"2611500","1222500","7.590265658165004","47.153371359902955",2022,5210,450,3,"34"
406,"2611500","1222500","7.590265658165004","47.153371359902955",2023,5210,450,3,"41"
406,"2611500","1222500","7.590265658165004","47.153371359902955",2024,5210,450,3,"36"
406,"2611500","1222500","7.590265658165004","47.153371359902955",2025,5210,450,3,"40"
407,"2611500","1254500","7.5910809679929665","47.44119333983428",1999,8410,350,3,"30"
407,"2611500","1254500","7.5910809679929665","47.44119333983428",2000,8410,350,3,"42"
407,"2611500","1254500","7.5910809679929665","47.44119333983428",2001,8410,350,3,"42"
407,"2611500","1254500","7.5910809679929665","47.44119333983428",2002,8410,350,3,"38"
407,"2611500","1254500","7.5910809679929665","47.44119333983428",2003,8410,350,3,"40"
407,"2611500","1254500","7.5910809679929665","47.44119333983428",2004,8410,350,3,"42"
407,"2611500","1254500","7.5910809679929665","47.44119333983428",2005,8410,350,3,"43"
407,"2611500","1254500","7.5910809679929665","47.44119333983428",2006,8410,350,3,"41"
407,"2611500","1254500","7.5910809679929665","47.44119333983428",2007,8410,350,3,"37"
407,"2611500","1254500","7.5910809679929665","47.44119333983428",2008,8410,350,3,"38"
407,"2611500","1254500","7.5910809679929665","47.44119333983428",2009,8410,350,3,"36"
407,"2611500","1254500","7.5910809679929665","47.44119333983428",2010,8410,350,3,"37"
407,"2611500","1254500","7.5910809679929665","47.44119333983428",2011,8410,350,3,"33"
407,"2611500","1254500","7.5910809679929665","47.44119333983428",2012,8410,350,3,"52"
407,"2611500","1254500","7.5910809679929665","47.44119333983428",2013,8410,350,3,"48"
407,"2611500","1254500","7.5910809679929665","47.44119333983428",2014,8410,350,3,"48"
407,"2611500","1254500","7.5910809679929665","47.44119333983428",2015,8410,350,3,"47"
407,"2611500","1254500","7.5910809679929665","47.44119333983428",2016,8410,350,3,"48"
407,"2611500","1254500","7.5910809679929665","47.44119333983428",2017,8410,350,3,"44"
407,"2611500","1254500","7.5910809679929665","47.44119333983428",2018,8410,350,3,"50"
407,"2611500","1254500","7.5910809679929665","47.44119333983428",2019,8410,350,3,"54"
407,"2611500","1254500","7.5910809679929665","47.44119333983428",2020,8410,350,3,"48"
407,"2611500","1254500","7.5910809679929665","47.44119333983428",2021,8410,350,3,"52"
407,"2611500","1254500","7.5910809679929665","47.44119333983428",2022,8410,350,3,"47"
407,"2611500","1254500","7.5910809679929665","47.44119333983428",2023,8410,350,3,"46"
407,"2611500","1254500","7.5910809679929665","47.44119333983428",2024,8410,350,3,"48"
407,"2611500","1254500","7.5910809679929665","47.44119333983428",2025,8410,350,3,"46"
408,"2611500","1270500","7.591491943240622","47.58509472275614",1999,4410,250,3,"23"
408,"2611500","1270500","7.591491943240622","47.58509472275614",2000,4410,250,3,"26"
408,"2611500","1270500","7.591491943240622","47.58509472275614",2001,4410,250,3,"23"
408,"2611500","1270500","7.591491943240622","47.58509472275614",2002,4410,250,3,"27"
408,"2611500","1270500","7.591491943240622","47.58509472275614",2003,4410,250,3,"27"
408,"2611500","1270500","7.591491943240622","47.58509472275614",2004,4410,250,3,"26"
408,"2611500","1270500","7.591491943240622","47.58509472275614",2005,4410,250,3,"26"
408,"2611500","1270500","7.591491943240622","47.58509472275614",2006,4410,250,3,"27"
408,"2611500","1270500","7.591491943240622","47.58509472275614",2007,4410,250,3,"28"
408,"2611500","1270500","7.591491943240622","47.58509472275614",2008,4410,250,3,"29"
408,"2611500","1270500","7.591491943240622","47.58509472275614",2009,4410,250,3,"31"
408,"2611500","1270500","7.591491943240622","47.58509472275614",2010,4410,250,3,"29"
408,"2611500","1270500","7.591491943240622","47.58509472275614",2011,4410,250,3,"31"
408,"2611500","1270500","7.591491943240622","47.58509472275614",2012,4410,250,3,"26"
408,"2611500","1270500","7.591491943240622","47.58509472275614",2013,4410,250,3,"28"
408,"2611500","1270500","7.591491943240622","47.58509472275614",2014,4410,250,3,"25"
408,"2611500","1270500","7.591491943240622","47.58509472275614",2015,4410,250,3,"24"
408,"2611500","1270500","7.591491943240622","47.58509472275614",2016,4410,250,3,"26"
408,"2611500","1270500","7.591491943240622","47.58509472275614",2017,4410,250,3,"24"
408,"2611500","1270500","7.591491943240622","47.58509472275614",2018,4410,250,3,"23"
408,"2611500","1270500","7.591491943240622","47.58509472275614",2019,4410,250,3,"25"
408,"2611500","1270500","7.591491943240622","47.58509472275614",2020,4410,250,3,"25"
408,"2611500","1270500","7.591491943240622","47.58509472275614",2021,4410,250,3,"25"
408,"2611500","1270500","7.591491943240622","47.58509472275614",2022,4410,250,3,"23"
408,"2611500","1270500","7.591491943240622","47.58509472275614",2023,4410,250,3,"24"
408,"2611500","1270500","7.591491943240622","47.58509472275614",2024,4410,250,3,"24"
408,"2611500","1270500","7.591491943240622","47.58509472275614",2025,4410,250,3,"25"
409,"2616500","1165500","7.654137652649874","46.640540226822466",1999,6839,1950,2,"28"
409,"2616500","1165500","7.654137652649874","46.640540226822466",2000,6839,1950,2,"36"
409,"2616500","1165500","7.654137652649874","46.640540226822466",2001,6839,1950,2,"28"
409,"2616500","1165500","7.654137652649874","46.640540226822466",2002,6839,1950,2,"28"
409,"2616500","1165500","7.654137652649874","46.640540226822466",2003,6839,1950,2,"29"
409,"2616500","1165500","7.654137652649874","46.640540226822466",2004,6839,1950,2,"37"
409,"2616500","1165500","7.654137652649874","46.640540226822466",2005,6839,1950,2,"26"
409,"2616500","1165500","7.654137652649874","46.640540226822466",2006,6839,1950,2,"25"
409,"2616500","1165500","7.654137652649874","46.640540226822466",2007,6839,1950,2,"29"
409,"2616500","1165500","7.654137652649874","46.640540226822466",2008,6839,1950,2,"30"
409,"2616500","1165500","7.654137652649874","46.640540226822466",2009,6839,1950,2,"25"
409,"2616500","1165500","7.654137652649874","46.640540226822466",2010,6839,1950,2,"26"
409,"2616500","1165500","7.654137652649874","46.640540226822466",2011,6839,1950,2,"30"
409,"2616500","1165500","7.654137652649874","46.640540226822466",2012,6839,1950,2,"29"
409,"2616500","1165500","7.654137652649874","46.640540226822466",2013,6839,1950,2,"26"
409,"2616500","1165500","7.654137652649874","46.640540226822466",2014,6839,1950,2,"24"
409,"2616500","1165500","7.654137652649874","46.640540226822466",2015,6839,1950,2,"30"
409,"2616500","1165500","7.654137652649874","46.640540226822466",2016,6839,1950,2,"25"
409,"2616500","1165500","7.654137652649874","46.640540226822466",2017,6839,1950,2,"27"
409,"2616500","1165500","7.654137652649874","46.640540226822466",2018,6839,1950,2,"26"
409,"2616500","1165500","7.654137652649874","46.640540226822466",2019,6839,1950,2,"26"
409,"2616500","1165500","7.654137652649874","46.640540226822466",2020,6839,1950,2,"29"
409,"2616500","1165500","7.654137652649874","46.640540226822466",2021,6839,1950,2,"33"
409,"2616500","1165500","7.654137652649874","46.640540226822466",2022,6839,1950,2,"35"
409,"2616500","1165500","7.654137652649874","46.640540226822466",2023,6839,1950,2,"32"
409,"2616500","1165500","7.654137652649874","46.640540226822466",2024,6839,1950,2,"35"
409,"2616500","1165500","7.654137652649874","46.640540226822466",2025,6839,1950,2,"30"
410,"2616500","1247500","7.657109011966758","47.37812854099078",1999,7389,950,3,"37"
410,"2616500","1247500","7.657109011966758","47.37812854099078",2000,7389,950,3,"35"
410,"2616500","1247500","7.657109011966758","47.37812854099078",2001,7389,950,3,"39"
410,"2616500","1247500","7.657109011966758","47.37812854099078",2002,7389,950,3,"37"
410,"2616500","1247500","7.657109011966758","47.37812854099078",2003,7389,950,3,"39"
410,"2616500","1247500","7.657109011966758","47.37812854099078",2004,7389,950,3,"37"
410,"2616500","1247500","7.657109011966758","47.37812854099078",2005,7389,950,3,"39"
410,"2616500","1247500","7.657109011966758","47.37812854099078",2006,7389,950,3,"34"
410,"2616500","1247500","7.657109011966758","47.37812854099078",2007,7389,950,3,"35"
410,"2616500","1247500","7.657109011966758","47.37812854099078",2008,7389,950,3,"33"
410,"2616500","1247500","7.657109011966758","47.37812854099078",2009,7389,950,3,"33"
410,"2616500","1247500","7.657109011966758","47.37812854099078",2010,7389,950,3,"28"
410,"2616500","1247500","7.657109011966758","47.37812854099078",2011,7389,950,3,"35"
410,"2616500","1247500","7.657109011966758","47.37812854099078",2012,7389,950,3,"35"
410,"2616500","1247500","7.657109011966758","47.37812854099078",2013,7389,950,3,"44"
410,"2616500","1247500","7.657109011966758","47.37812854099078",2014,7389,950,3,"38"
410,"2616500","1247500","7.657109011966758","47.37812854099078",2015,7389,950,3,"41"
410,"2616500","1247500","7.657109011966758","47.37812854099078",2016,7389,950,3,"44"
410,"2616500","1247500","7.657109011966758","47.37812854099078",2017,7389,950,3,"41"
410,"2616500","1247500","7.657109011966758","47.37812854099078",2018,7389,950,3,"39"
410,"2616500","1247500","7.657109011966758","47.37812854099078",2019,7389,950,3,"47"
410,"2616500","1247500","7.657109011966758","47.37812854099078",2020,7389,950,3,"37"
410,"2616500","1247500","7.657109011966758","47.37812854099078",2021,7389,950,3,"34"
410,"2616500","1247500","7.657109011966758","47.37812854099078",2022,7389,950,3,"37"
410,"2616500","1247500","7.657109011966758","47.37812854099078",2023,7389,950,3,"45"
410,"2616500","1247500","7.657109011966758","47.37812854099078",2024,7389,950,3,"40"
410,"2616500","1247500","7.657109011966758","47.37812854099078",2025,7389,950,3,"37"
411,"2617500","1095500","7.664574320279108","46.01082699202961",1999,7341,2350,2,"9"
411,"2617500","1095500","7.664574320279108","46.01082699202961",2000,7341,2350,2,"12"
411,"2617500","1095500","7.664574320279108","46.01082699202961",2001,7341,2350,2,"8"
411,"2617500","1095500","7.664574320279108","46.01082699202961",2002,7341,2350,2,"10"
411,"2617500","1095500","7.664574320279108","46.01082699202961",2003,7341,2350,2,"13"
411,"2617500","1095500","7.664574320279108","46.01082699202961",2004,7341,2350,2,"11"
411,"2617500","1095500","7.664574320279108","46.01082699202961",2005,7341,2350,2,"14"
411,"2617500","1095500","7.664574320279108","46.01082699202961",2006,7341,2350,2,"13"
411,"2617500","1095500","7.664574320279108","46.01082699202961",2007,7341,2350,2,"17"
411,"2617500","1095500","7.664574320279108","46.01082699202961",2008,7341,2350,2,"18"
411,"2617500","1095500","7.664574320279108","46.01082699202961",2009,7341,2350,2,"18"
411,"2617500","1095500","7.664574320279108","46.01082699202961",2010,7341,2350,2,"17"
411,"2617500","1095500","7.664574320279108","46.01082699202961",2011,7341,2350,2,"23"
411,"2617500","1095500","7.664574320279108","46.01082699202961",2012,7341,2350,2,"17"
411,"2617500","1095500","7.664574320279108","46.01082699202961",2013,7341,2350,2,"21"
411,"2617500","1095500","7.664574320279108","46.01082699202961",2014,7341,2350,2,"19"
411,"2617500","1095500","7.664574320279108","46.01082699202961",2015,7341,2350,2,"20"
411,"2617500","1095500","7.664574320279108","46.01082699202961",2016,7341,2350,2,"17"
411,"2617500","1095500","7.664574320279108","46.01082699202961",2017,7341,2350,2,"19"
411,"2617500","1095500","7.664574320279108","46.01082699202961",2018,7341,2350,2,"13"
411,"2617500","1095500","7.664574320279108","46.01082699202961",2019,7341,2350,2,"14"
411,"2617500","1095500","7.664574320279108","46.01082699202961",2020,7341,2350,2,"16"
411,"2617500","1095500","7.664574320279108","46.01082699202961",2021,7341,2350,2,"20"
411,"2617500","1095500","7.664574320279108","46.01082699202961",2022,7341,2350,2,"18"
411,"2617500","1095500","7.664574320279108","46.01082699202961",2023,7341,2350,2,"23"
411,"2617500","1095500","7.664574320279108","46.01082699202961",2024,7341,2350,2,"25"
411,"2617500","1095500","7.664574320279108","46.01082699202961",2025,7341,2350,2,"21"
412,"2617500","1118500","7.665429795280189","46.21772332562277",1999,2313,2650,2,"6"
412,"2617500","1118500","7.665429795280189","46.21772332562277",2000,2313,2650,2,"6"
412,"2617500","1118500","7.665429795280189","46.21772332562277",2001,2313,2650,2,"6"
412,"2617500","1118500","7.665429795280189","46.21772332562277",2002,2313,2650,2,"5"
412,"2617500","1118500","7.665429795280189","46.21772332562277",2003,2313,2650,2,"6"
412,"2617500","1118500","7.665429795280189","46.21772332562277",2004,2313,2650,2,"6"
412,"2617500","1118500","7.665429795280189","46.21772332562277",2005,2313,2650,2,"6"
412,"2617500","1118500","7.665429795280189","46.21772332562277",2006,2313,2650,2,"6"
412,"2617500","1118500","7.665429795280189","46.21772332562277",2007,2313,2650,2,"6"
412,"2617500","1118500","7.665429795280189","46.21772332562277",2008,2313,2650,2,"6"
412,"2617500","1118500","7.665429795280189","46.21772332562277",2009,2313,2650,2,"6"
412,"2617500","1118500","7.665429795280189","46.21772332562277",2010,2313,2650,2,"6"
412,"2617500","1118500","7.665429795280189","46.21772332562277",2011,2313,2650,2,"6"
412,"2617500","1118500","7.665429795280189","46.21772332562277",2012,2313,2650,2,"6"
412,"2617500","1118500","7.665429795280189","46.21772332562277",2013,2313,2650,2,"6"
412,"2617500","1118500","7.665429795280189","46.21772332562277",2014,2313,2650,2,"6"
412,"2617500","1118500","7.665429795280189","46.21772332562277",2015,2313,2650,2,"6"
412,"2617500","1118500","7.665429795280189","46.21772332562277",2016,2313,2650,2,"6"
412,"2617500","1118500","7.665429795280189","46.21772332562277",2017,2313,2650,2,"7"
412,"2617500","1118500","7.665429795280189","46.21772332562277",2018,2313,2650,2,"6"
412,"2617500","1118500","7.665429795280189","46.21772332562277",2019,2313,2650,2,"6"
412,"2617500","1118500","7.665429795280189","46.21772332562277",2020,2313,2650,2,"8"
412,"2617500","1118500","7.665429795280189","46.21772332562277",2021,2313,2650,2,"5"
412,"2617500","1118500","7.665429795280189","46.21772332562277",2022,2313,2650,2,"7"
412,"2617500","1118500","7.665429795280189","46.21772332562277",2023,2313,2650,2,"6"
412,"2617500","1118500","7.665429795280189","46.21772332562277",2024,2313,2650,2,"6"
412,"2617500","1118500","7.665429795280189","46.21772332562277",2025,2313,2650,2,"6"
413,"2617500","1134500","7.666028723536793","46.361652561958984",1999,3529,2450,2,"6"
413,"2617500","1134500","7.666028723536793","46.361652561958984",2000,3529,2450,2,"5"
413,"2617500","1134500","7.666028723536793","46.361652561958984",2001,3529,2450,2,"7"
413,"2617500","1134500","7.666028723536793","46.361652561958984",2002,3529,2450,2,"7"
413,"2617500","1134500","7.666028723536793","46.361652561958984",2003,3529,2450,2,"8"
413,"2617500","1134500","7.666028723536793","46.361652561958984",2004,3529,2450,2,"9"
413,"2617500","1134500","7.666028723536793","46.361652561958984",2005,3529,2450,2,"10"
413,"2617500","1134500","7.666028723536793","46.361652561958984",2006,3529,2450,2,"8"
413,"2617500","1134500","7.666028723536793","46.361652561958984",2007,3529,2450,2,"9"
413,"2617500","1134500","7.666028723536793","46.361652561958984",2008,3529,2450,2,"8"
413,"2617500","1134500","7.666028723536793","46.361652561958984",2009,3529,2450,2,"10"
413,"2617500","1134500","7.666028723536793","46.361652561958984",2010,3529,2450,2,"11"
413,"2617500","1134500","7.666028723536793","46.361652561958984",2011,3529,2450,2,"11"
413,"2617500","1134500","7.666028723536793","46.361652561958984",2012,3529,2450,2,"9"
413,"2617500","1134500","7.666028723536793","46.361652561958984",2013,3529,2450,2,"8"
413,"2617500","1134500","7.666028723536793","46.361652561958984",2014,3529,2450,2,"12"
413,"2617500","1134500","7.666028723536793","46.361652561958984",2015,3529,2450,2,"8"
413,"2617500","1134500","7.666028723536793","46.361652561958984",2016,3529,2450,2,"10"
413,"2617500","1134500","7.666028723536793","46.361652561958984",2017,3529,2450,2,"9"
413,"2617500","1134500","7.666028723536793","46.361652561958984",2018,3529,2450,2,"8"
413,"2617500","1134500","7.666028723536793","46.361652561958984",2019,3529,2450,2,"11"
413,"2617500","1134500","7.666028723536793","46.361652561958984",2020,3529,2450,2,"12"
413,"2617500","1134500","7.666028723536793","46.361652561958984",2021,3529,2450,2,"10"
413,"2617500","1134500","7.666028723536793","46.361652561958984",2022,3529,2450,2,"12"
413,"2617500","1134500","7.666028723536793","46.361652561958984",2023,3529,2450,2,"13"
413,"2617500","1134500","7.666028723536793","46.361652561958984",2024,3529,2450,2,"8"
413,"2617500","1134500","7.666028723536793","46.361652561958984",2025,3529,2450,2,"12"
414,"2617500","1150500","7.666630815005617","46.50558187102897",1999,6303,1350,3,"28"
414,"2617500","1150500","7.666630815005617","46.50558187102897",2000,6303,1350,3,"38"
414,"2617500","1150500","7.666630815005617","46.50558187102897",2001,6303,1350,3,"27"
414,"2617500","1150500","7.666630815005617","46.50558187102897",2002,6303,1350,3,"29"
414,"2617500","1150500","7.666630815005617","46.50558187102897",2003,6303,1350,3,"29"
414,"2617500","1150500","7.666630815005617","46.50558187102897",2004,6303,1350,3,"36"
414,"2617500","1150500","7.666630815005617","46.50558187102897",2005,6303,1350,3,"31"
414,"2617500","1150500","7.666630815005617","46.50558187102897",2006,6303,1350,3,"35"
414,"2617500","1150500","7.666630815005617","46.50558187102897",2007,6303,1350,3,"30"
414,"2617500","1150500","7.666630815005617","46.50558187102897",2008,6303,1350,3,"30"
414,"2617500","1150500","7.666630815005617","46.50558187102897",2009,6303,1350,3,"28"
414,"2617500","1150500","7.666630815005617","46.50558187102897",2010,6303,1350,3,"39"
414,"2617500","1150500","7.666630815005617","46.50558187102897",2011,6303,1350,3,"39"
414,"2617500","1150500","7.666630815005617","46.50558187102897",2012,6303,1350,3,"41"
414,"2617500","1150500","7.666630815005617","46.50558187102897",2013,6303,1350,3,"40"
414,"2617500","1150500","7.666630815005617","46.50558187102897",2014,6303,1350,3,"38"
414,"2617500","1150500","7.666630815005617","46.50558187102897",2015,6303,1350,3,"37"
414,"2617500","1150500","7.666630815005617","46.50558187102897",2016,6303,1350,3,"40"
414,"2617500","1150500","7.666630815005617","46.50558187102897",2017,6303,1350,3,"38"
414,"2617500","1150500","7.666630815005617","46.50558187102897",2018,6303,1350,3,"38"
414,"2617500","1150500","7.666630815005617","46.50558187102897",2019,6303,1350,3,"36"
414,"2617500","1150500","7.666630815005617","46.50558187102897",2020,6303,1350,3,"40"
414,"2617500","1150500","7.666630815005617","46.50558187102897",2021,6303,1350,3,"36"
414,"2617500","1150500","7.666630815005617","46.50558187102897",2022,6303,1350,3,"33"
414,"2617500","1150500","7.666630815005617","46.50558187102897",2023,6303,1350,3,"40"
414,"2617500","1150500","7.666630815005617","46.50558187102897",2024,6303,1350,3,"34"
414,"2617500","1150500","7.666630815005617","46.50558187102897",2025,6303,1350,3,"34"
415,"2617500","1182500","7.667844603892683","46.79343708895744",1999,5986,750,3,"39"
415,"2617500","1182500","7.667844603892683","46.79343708895744",2000,5986,750,3,"39"
415,"2617500","1182500","7.667844603892683","46.79343708895744",2001,5986,750,3,"41"
415,"2617500","1182500","7.667844603892683","46.79343708895744",2002,5986,750,3,"46"
415,"2617500","1182500","7.667844603892683","46.79343708895744",2003,5986,750,3,"43"
415,"2617500","1182500","7.667844603892683","46.79343708895744",2004,5986,750,3,"48"
415,"2617500","1182500","7.667844603892683","46.79343708895744",2005,5986,750,3,"46"
415,"2617500","1182500","7.667844603892683","46.79343708895744",2006,5986,750,3,"43"
415,"2617500","1182500","7.667844603892683","46.79343708895744",2007,5986,750,3,"46"
415,"2617500","1182500","7.667844603892683","46.79343708895744",2008,5986,750,3,"42"
415,"2617500","1182500","7.667844603892683","46.79343708895744",2009,5986,750,3,"39"
415,"2617500","1182500","7.667844603892683","46.79343708895744",2010,5986,750,3,"41"
415,"2617500","1182500","7.667844603892683","46.79343708895744",2011,5986,750,3,"47"
415,"2617500","1182500","7.667844603892683","46.79343708895744",2012,5986,750,3,"43"
415,"2617500","1182500","7.667844603892683","46.79343708895744",2013,5986,750,3,"47"
415,"2617500","1182500","7.667844603892683","46.79343708895744",2014,5986,750,3,"46"
415,"2617500","1182500","7.667844603892683","46.79343708895744",2015,5986,750,3,"43"
415,"2617500","1182500","7.667844603892683","46.79343708895744",2016,5986,750,3,"45"
415,"2617500","1182500","7.667844603892683","46.79343708895744",2017,5986,750,3,"42"
415,"2617500","1182500","7.667844603892683","46.79343708895744",2018,5986,750,3,"48"
415,"2617500","1182500","7.667844603892683","46.79343708895744",2019,5986,750,3,"46"
415,"2617500","1182500","7.667844603892683","46.79343708895744",2020,5986,750,3,"38"
415,"2617500","1182500","7.667844603892683","46.79343708895744",2021,5986,750,3,"47"
415,"2617500","1182500","7.667844603892683","46.79343708895744",2022,5986,750,3,"41"
415,"2617500","1182500","7.667844603892683","46.79343708895744",2023,5986,750,3,"42"
415,"2617500","1182500","7.667844603892683","46.79343708895744",2024,5986,750,3,"45"
415,"2617500","1182500","7.667844603892683","46.79343708895744",2025,5986,750,3,"40"
416,"2617500","1230500","7.669689747553137","47.225197850150046",1999,7558,450,3,"38"
416,"2617500","1230500","7.669689747553137","47.225197850150046",2000,7558,450,3,"37"
416,"2617500","1230500","7.669689747553137","47.225197850150046",2001,7558,450,3,"39"
416,"2617500","1230500","7.669689747553137","47.225197850150046",2002,7558,450,3,"40"
416,"2617500","1230500","7.669689747553137","47.225197850150046",2003,7558,450,3,"39"
416,"2617500","1230500","7.669689747553137","47.225197850150046",2004,7558,450,3,"47"
416,"2617500","1230500","7.669689747553137","47.225197850150046",2005,7558,450,3,"42"
416,"2617500","1230500","7.669689747553137","47.225197850150046",2008,7558,450,3,"36"
416,"2617500","1230500","7.669689747553137","47.225197850150046",2009,7558,450,3,"36"
416,"2617500","1230500","7.669689747553137","47.225197850150046",2010,7558,450,3,"45"
416,"2617500","1230500","7.669689747553137","47.225197850150046",2011,7558,450,3,"38"
416,"2617500","1230500","7.669689747553137","47.225197850150046",2012,7558,450,3,"40"
416,"2617500","1230500","7.669689747553137","47.225197850150046",2013,7558,450,3,"43"
416,"2617500","1230500","7.669689747553137","47.225197850150046",2014,7558,450,3,"34"
416,"2617500","1230500","7.669689747553137","47.225197850150046",2015,7558,450,3,"47"
416,"2617500","1230500","7.669689747553137","47.225197850150046",2016,7558,450,3,"40"
416,"2617500","1230500","7.669689747553137","47.225197850150046",2017,7558,450,3,"37"
416,"2617500","1230500","7.669689747553137","47.225197850150046",2018,7558,450,3,"38"
416,"2617500","1230500","7.669689747553137","47.225197850150046",2019,7558,450,3,"42"
416,"2617500","1230500","7.669689747553137","47.225197850150046",2020,7558,450,3,"37"
416,"2617500","1230500","7.669689747553137","47.225197850150046",2021,7558,450,3,"41"
416,"2617500","1230500","7.669689747553137","47.225197850150046",2022,7558,450,3,"34"
416,"2617500","1230500","7.669689747553137","47.225197850150046",2023,7558,450,3,"44"
416,"2617500","1230500","7.669689747553137","47.225197850150046",2024,7558,450,3,"43"
416,"2617500","1230500","7.669689747553137","47.225197850150046",2025,7558,450,3,"43"
417,"2617500","1262500","7.670936505156558","47.513013101095595",1999,7367,450,3,"48"
417,"2617500","1262500","7.670936505156558","47.513013101095595",2000,7367,450,3,"48"
417,"2617500","1262500","7.670936505156558","47.513013101095595",2001,7367,450,3,"51"
417,"2617500","1262500","7.670936505156558","47.513013101095595",2002,7367,450,3,"46"
417,"2617500","1262500","7.670936505156558","47.513013101095595",2003,7367,450,3,"48"
417,"2617500","1262500","7.670936505156558","47.513013101095595",2004,7367,450,3,"51"
417,"2617500","1262500","7.670936505156558","47.513013101095595",2005,7367,450,3,"51"
417,"2617500","1262500","7.670936505156558","47.513013101095595",2006,7367,450,3,"41"
417,"2617500","1262500","7.670936505156558","47.513013101095595",2007,7367,450,3,"45"
417,"2617500","1262500","7.670936505156558","47.513013101095595",2008,7367,450,3,"45"
417,"2617500","1262500","7.670936505156558","47.513013101095595",2009,7367,450,3,"46"
417,"2617500","1262500","7.670936505156558","47.513013101095595",2010,7367,450,3,"44"
417,"2617500","1262500","7.670936505156558","47.513013101095595",2011,7367,450,3,"47"
417,"2617500","1262500","7.670936505156558","47.513013101095595",2012,7367,450,3,"50"
417,"2617500","1262500","7.670936505156558","47.513013101095595",2013,7367,450,3,"42"
417,"2617500","1262500","7.670936505156558","47.513013101095595",2014,7367,450,3,"45"
417,"2617500","1262500","7.670936505156558","47.513013101095595",2015,7367,450,3,"40"
417,"2617500","1262500","7.670936505156558","47.513013101095595",2016,7367,450,3,"42"
417,"2617500","1262500","7.670936505156558","47.513013101095595",2017,7367,450,3,"41"
417,"2617500","1262500","7.670936505156558","47.513013101095595",2018,7367,450,3,"41"
417,"2617500","1262500","7.670936505156558","47.513013101095595",2019,7367,450,3,"40"
417,"2617500","1262500","7.670936505156558","47.513013101095595",2020,7367,450,3,"42"
417,"2617500","1262500","7.670936505156558","47.513013101095595",2021,7367,450,3,"40"
417,"2617500","1262500","7.670936505156558","47.513013101095595",2022,7367,450,3,"49"
417,"2617500","1262500","7.670936505156558","47.513013101095595",2023,7367,450,3,"40"
417,"2617500","1262500","7.670936505156558","47.513013101095595",2024,7367,450,3,"38"
417,"2617500","1262500","7.670936505156558","47.513013101095595",2025,7367,450,3,"42"
418,"2623500","1094500","7.741984079770452","46.00165003599825",1999,4504,1950,3,"29"
418,"2623500","1094500","7.741984079770452","46.00165003599825",2000,4504,1950,3,"30"
418,"2623500","1094500","7.741984079770452","46.00165003599825",2001,4504,1950,3,"30"
418,"2623500","1094500","7.741984079770452","46.00165003599825",2002,4504,1950,3,"26"
418,"2623500","1094500","7.741984079770452","46.00165003599825",2003,4504,1950,3,"25"
418,"2623500","1094500","7.741984079770452","46.00165003599825",2004,4504,1950,3,"30"
418,"2623500","1094500","7.741984079770452","46.00165003599825",2005,4504,1950,3,"30"
418,"2623500","1094500","7.741984079770452","46.00165003599825",2006,4504,1950,3,"32"
418,"2623500","1094500","7.741984079770452","46.00165003599825",2007,4504,1950,3,"28"
418,"2623500","1094500","7.741984079770452","46.00165003599825",2008,4504,1950,3,"31"
418,"2623500","1094500","7.741984079770452","46.00165003599825",2009,4504,1950,3,"29"
418,"2623500","1094500","7.741984079770452","46.00165003599825",2010,4504,1950,3,"31"
418,"2623500","1094500","7.741984079770452","46.00165003599825",2011,4504,1950,3,"29"
418,"2623500","1094500","7.741984079770452","46.00165003599825",2012,4504,1950,3,"31"
418,"2623500","1094500","7.741984079770452","46.00165003599825",2013,4504,1950,3,"38"
418,"2623500","1094500","7.741984079770452","46.00165003599825",2014,4504,1950,3,"30"
418,"2623500","1094500","7.741984079770452","46.00165003599825",2015,4504,1950,3,"35"
418,"2623500","1094500","7.741984079770452","46.00165003599825",2016,4504,1950,3,"35"
418,"2623500","1094500","7.741984079770452","46.00165003599825",2017,4504,1950,3,"36"
418,"2623500","1094500","7.741984079770452","46.00165003599825",2018,4504,1950,3,"31"
418,"2623500","1094500","7.741984079770452","46.00165003599825",2019,4504,1950,3,"35"
418,"2623500","1094500","7.741984079770452","46.00165003599825",2020,4504,1950,3,"33"
418,"2623500","1094500","7.741984079770452","46.00165003599825",2021,4504,1950,3,"33"
418,"2623500","1094500","7.741984079770452","46.00165003599825",2022,4504,1950,3,"32"
418,"2623500","1094500","7.741984079770452","46.00165003599825",2023,4504,1950,3,"34"
418,"2623500","1094500","7.741984079770452","46.00165003599825",2024,4504,1950,3,"38"
418,"2623500","1094500","7.741984079770452","46.00165003599825",2025,4504,1950,3,"43"
419,"2623500","1126500","7.7435858832090725","46.289505378343534",1999,5310,1550,3,"30"
419,"2623500","1126500","7.7435858832090725","46.289505378343534",2000,5310,1550,3,"31"
419,"2623500","1126500","7.7435858832090725","46.289505378343534",2001,5310,1550,3,"30"
419,"2623500","1126500","7.7435858832090725","46.289505378343534",2002,5310,1550,3,"31"
419,"2623500","1126500","7.7435858832090725","46.289505378343534",2003,5310,1550,3,"31"
419,"2623500","1126500","7.7435858832090725","46.289505378343534",2004,5310,1550,3,"31"
419,"2623500","1126500","7.7435858832090725","46.289505378343534",2005,5310,1550,3,"33"
419,"2623500","1126500","7.7435858832090725","46.289505378343534",2006,5310,1550,3,"33"
419,"2623500","1126500","7.7435858832090725","46.289505378343534",2007,5310,1550,3,"32"
419,"2623500","1126500","7.7435858832090725","46.289505378343534",2008,5310,1550,3,"36"
419,"2623500","1126500","7.7435858832090725","46.289505378343534",2009,5310,1550,3,"33"
419,"2623500","1126500","7.7435858832090725","46.289505378343534",2010,5310,1550,3,"32"
419,"2623500","1126500","7.7435858832090725","46.289505378343534",2011,5310,1550,3,"33"
419,"2623500","1126500","7.7435858832090725","46.289505378343534",2012,5310,1550,3,"31"
419,"2623500","1126500","7.7435858832090725","46.289505378343534",2013,5310,1550,3,"26"
419,"2623500","1126500","7.7435858832090725","46.289505378343534",2014,5310,1550,3,"32"
419,"2623500","1126500","7.7435858832090725","46.289505378343534",2015,5310,1550,3,"29"
419,"2623500","1126500","7.7435858832090725","46.289505378343534",2016,5310,1550,3,"29"
419,"2623500","1126500","7.7435858832090725","46.289505378343534",2017,5310,1550,3,"33"
419,"2623500","1126500","7.7435858832090725","46.289505378343534",2018,5310,1550,3,"30"
419,"2623500","1126500","7.7435858832090725","46.289505378343534",2019,5310,1550,3,"34"
419,"2623500","1126500","7.7435858832090725","46.289505378343534",2020,5310,1550,3,"30"
419,"2623500","1126500","7.7435858832090725","46.289505378343534",2021,5310,1550,3,"34"
419,"2623500","1126500","7.7435858832090725","46.289505378343534",2022,5310,1550,3,"30"
419,"2623500","1126500","7.7435858832090725","46.289505378343534",2023,5310,1550,3,"33"
419,"2623500","1126500","7.7435858832090725","46.289505378343534",2024,5310,1550,3,"36"
419,"2623500","1126500","7.7435858832090725","46.289505378343534",2025,5310,1550,3,"26"
420,"2623500","1134500","7.743988968863584","46.361469823281155",1999,4596,1850,3,"32"
420,"2623500","1134500","7.743988968863584","46.361469823281155",2000,4596,1850,3,"29"
420,"2623500","1134500","7.743988968863584","46.361469823281155",2001,4596,1850,3,"36"
420,"2623500","1134500","7.743988968863584","46.361469823281155",2002,4596,1850,3,"33"
420,"2623500","1134500","7.743988968863584","46.361469823281155",2003,4596,1850,3,"35"
420,"2623500","1134500","7.743988968863584","46.361469823281155",2004,4596,1850,3,"32"
420,"2623500","1134500","7.743988968863584","46.361469823281155",2005,4596,1850,3,"32"
420,"2623500","1134500","7.743988968863584","46.361469823281155",2006,4596,1850,3,"35"
420,"2623500","1134500","7.743988968863584","46.361469823281155",2007,4596,1850,3,"31"
420,"2623500","1134500","7.743988968863584","46.361469823281155",2008,4596,1850,3,"33"
420,"2623500","1134500","7.743988968863584","46.361469823281155",2009,4596,1850,3,"27"
420,"2623500","1134500","7.743988968863584","46.361469823281155",2010,4596,1850,3,"29"
420,"2623500","1134500","7.743988968863584","46.361469823281155",2011,4596,1850,3,"36"
420,"2623500","1134500","7.743988968863584","46.361469823281155",2012,4596,1850,3,"32"
420,"2623500","1134500","7.743988968863584","46.361469823281155",2013,4596,1850,3,"30"
420,"2623500","1134500","7.743988968863584","46.361469823281155",2014,4596,1850,3,"39"
420,"2623500","1134500","7.743988968863584","46.361469823281155",2015,4596,1850,3,"34"
420,"2623500","1134500","7.743988968863584","46.361469823281155",2016,4596,1850,3,"32"
420,"2623500","1134500","7.743988968863584","46.361469823281155",2017,4596,1850,3,"36"
420,"2623500","1134500","7.743988968863584","46.361469823281155",2018,4596,1850,3,"32"
420,"2623500","1134500","7.743988968863584","46.361469823281155",2019,4596,1850,3,"33"
420,"2623500","1134500","7.743988968863584","46.361469823281155",2020,4596,1850,3,"36"
420,"2623500","1134500","7.743988968863584","46.361469823281155",2021,4596,1850,3,"37"
420,"2623500","1134500","7.743988968863584","46.361469823281155",2022,4596,1850,3,"37"
420,"2623500","1134500","7.743988968863584","46.361469823281155",2023,4596,1850,3,"31"
420,"2623500","1134500","7.743988968863584","46.361469823281155",2024,4596,1850,3,"36"
420,"2623500","1134500","7.743988968863584","46.361469823281155",2025,4596,1850,3,"33"
421,"2623500","1158500","7.7452046264979675","46.5773628110544",1999,4603,1250,3,"29"
421,"2623500","1158500","7.7452046264979675","46.5773628110544",2000,4603,1250,3,"29"
421,"2623500","1158500","7.7452046264979675","46.5773628110544",2001,4603,1250,3,"31"
421,"2623500","1158500","7.7452046264979675","46.5773628110544",2002,4603,1250,3,"28"
421,"2623500","1158500","7.7452046264979675","46.5773628110544",2003,4603,1250,3,"37"
421,"2623500","1158500","7.7452046264979675","46.5773628110544",2004,4603,1250,3,"29"
421,"2623500","1158500","7.7452046264979675","46.5773628110544",2005,4603,1250,3,"37"
421,"2623500","1158500","7.7452046264979675","46.5773628110544",2007,4603,1250,3,"35"
421,"2623500","1158500","7.7452046264979675","46.5773628110544",2008,4603,1250,3,"33"
421,"2623500","1158500","7.7452046264979675","46.5773628110544",2009,4603,1250,3,"41"
421,"2623500","1158500","7.7452046264979675","46.5773628110544",2010,4603,1250,3,"36"
421,"2623500","1158500","7.7452046264979675","46.5773628110544",2011,4603,1250,3,"33"
421,"2623500","1158500","7.7452046264979675","46.5773628110544",2012,4603,1250,3,"37"
421,"2623500","1158500","7.7452046264979675","46.5773628110544",2013,4603,1250,3,"34"
421,"2623500","1158500","7.7452046264979675","46.5773628110544",2014,4603,1250,3,"37"
421,"2623500","1158500","7.7452046264979675","46.5773628110544",2015,4603,1250,3,"37"
421,"2623500","1158500","7.7452046264979675","46.5773628110544",2016,4603,1250,3,"33"
421,"2623500","1158500","7.7452046264979675","46.5773628110544",2017,4603,1250,3,"37"
421,"2623500","1158500","7.7452046264979675","46.5773628110544",2018,4603,1250,3,"37"
421,"2623500","1158500","7.7452046264979675","46.5773628110544",2019,4603,1250,3,"38"
421,"2623500","1158500","7.7452046264979675","46.5773628110544",2020,4603,1250,3,"38"
421,"2623500","1158500","7.7452046264979675","46.5773628110544",2021,4603,1250,3,"41"
421,"2623500","1158500","7.7452046264979675","46.5773628110544",2022,4603,1250,3,"39"
421,"2623500","1158500","7.7452046264979675","46.5773628110544",2023,4603,1250,3,"33"
421,"2623500","1158500","7.7452046264979675","46.5773628110544",2024,4603,1250,3,"39"
421,"2623500","1158500","7.7452046264979675","46.5773628110544",2025,4603,1250,3,"35"
422,"2623500","1174500","7.746020447765862","46.721290049602906",1999,5065,1350,3,"41"
422,"2623500","1174500","7.746020447765862","46.721290049602906",2000,5065,1350,3,"31"
422,"2623500","1174500","7.746020447765862","46.721290049602906",2001,5065,1350,3,"33"
422,"2623500","1174500","7.746020447765862","46.721290049602906",2002,5065,1350,3,"31"
422,"2623500","1174500","7.746020447765862","46.721290049602906",2003,5065,1350,3,"43"
422,"2623500","1174500","7.746020447765862","46.721290049602906",2004,5065,1350,3,"46"
422,"2623500","1174500","7.746020447765862","46.721290049602906",2005,5065,1350,3,"45"
422,"2623500","1174500","7.746020447765862","46.721290049602906",2006,5065,1350,3,"38"
422,"2623500","1174500","7.746020447765862","46.721290049602906",2007,5065,1350,3,"42"
422,"2623500","1174500","7.746020447765862","46.721290049602906",2008,5065,1350,3,"44"
422,"2623500","1174500","7.746020447765862","46.721290049602906",2009,5065,1350,3,"41"
422,"2623500","1174500","7.746020447765862","46.721290049602906",2010,5065,1350,3,"38"
422,"2623500","1174500","7.746020447765862","46.721290049602906",2011,5065,1350,3,"39"
422,"2623500","1174500","7.746020447765862","46.721290049602906",2012,5065,1350,3,"46"
422,"2623500","1174500","7.746020447765862","46.721290049602906",2013,5065,1350,3,"42"
422,"2623500","1174500","7.746020447765862","46.721290049602906",2014,5065,1350,3,"40"
422,"2623500","1174500","7.746020447765862","46.721290049602906",2015,5065,1350,3,"45"
422,"2623500","1174500","7.746020447765862","46.721290049602906",2016,5065,1350,3,"41"
422,"2623500","1174500","7.746020447765862","46.721290049602906",2017,5065,1350,3,"44"
422,"2623500","1174500","7.746020447765862","46.721290049602906",2018,5065,1350,3,"40"
422,"2623500","1174500","7.746020447765862","46.721290049602906",2019,5065,1350,3,"62"
422,"2623500","1174500","7.746020447765862","46.721290049602906",2020,5065,1350,3,"64"
422,"2623500","1174500","7.746020447765862","46.721290049602906",2021,5065,1350,3,"62"
422,"2623500","1174500","7.746020447765862","46.721290049602906",2022,5065,1350,3,"59"
422,"2623500","1174500","7.746020447765862","46.721290049602906",2023,5065,1350,3,"59"
422,"2623500","1174500","7.746020447765862","46.721290049602906",2024,5065,1350,3,"61"
422,"2623500","1174500","7.746020447765862","46.721290049602906",2025,5065,1350,3,"41"
423,"2623500","1190500","7.746840621550325","46.865215096953605",1999,5731,850,3,"38"
423,"2623500","1190500","7.746840621550325","46.865215096953605",2000,5731,850,3,"40"
423,"2623500","1190500","7.746840621550325","46.865215096953605",2001,5731,850,3,"41"
423,"2623500","1190500","7.746840621550325","46.865215096953605",2002,5731,850,3,"41"
423,"2623500","1190500","7.746840621550325","46.865215096953605",2003,5731,850,3,"39"
423,"2623500","1190500","7.746840621550325","46.865215096953605",2004,5731,850,3,"36"
423,"2623500","1190500","7.746840621550325","46.865215096953605",2005,5731,850,3,"40"
423,"2623500","1190500","7.746840621550325","46.865215096953605",2006,5731,850,3,"41"
423,"2623500","1190500","7.746840621550325","46.865215096953605",2007,5731,850,3,"39"
423,"2623500","1190500","7.746840621550325","46.865215096953605",2008,5731,850,3,"39"
423,"2623500","1190500","7.746840621550325","46.865215096953605",2009,5731,850,3,"42"
423,"2623500","1190500","7.746840621550325","46.865215096953605",2010,5731,850,3,"43"
423,"2623500","1190500","7.746840621550325","46.865215096953605",2011,5731,850,3,"41"
423,"2623500","1190500","7.746840621550325","46.865215096953605",2012,5731,850,3,"42"
423,"2623500","1190500","7.746840621550325","46.865215096953605",2013,5731,850,3,"40"
423,"2623500","1190500","7.746840621550325","46.865215096953605",2014,5731,850,3,"39"
423,"2623500","1190500","7.746840621550325","46.865215096953605",2015,5731,850,3,"38"
423,"2623500","1190500","7.746840621550325","46.865215096953605",2016,5731,850,3,"37"
423,"2623500","1190500","7.746840621550325","46.865215096953605",2017,5731,850,3,"41"
423,"2623500","1190500","7.746840621550325","46.865215096953605",2018,5731,850,3,"37"
423,"2623500","1190500","7.746840621550325","46.865215096953605",2019,5731,850,3,"44"
423,"2623500","1190500","7.746840621550325","46.865215096953605",2020,5731,850,3,"37"
423,"2623500","1190500","7.746840621550325","46.865215096953605",2021,5731,850,3,"38"
423,"2623500","1190500","7.746840621550325","46.865215096953605",2022,5731,850,3,"42"
423,"2623500","1190500","7.746840621550325","46.865215096953605",2023,5731,850,3,"42"
423,"2623500","1190500","7.746840621550325","46.865215096953605",2024,5731,850,3,"42"
423,"2623500","1190500","7.746840621550325","46.865215096953605",2025,5731,850,3,"38"
424,"2623500","1206500","7.747665188025931","47.009137048813585",1999,5226,750,3,"43"
424,"2623500","1206500","7.747665188025931","47.009137048813585",2000,5226,750,3,"46"
424,"2623500","1206500","7.747665188025931","47.009137048813585",2001,5226,750,3,"44"
424,"2623500","1206500","7.747665188025931","47.009137048813585",2002,5226,750,3,"46"
424,"2623500","1206500","7.747665188025931","47.009137048813585",2003,5226,750,3,"48"
424,"2623500","1206500","7.747665188025931","47.009137048813585",2004,5226,750,3,"41"
424,"2623500","1206500","7.747665188025931","47.009137048813585",2005,5226,750,3,"42"
424,"2623500","1206500","7.747665188025931","47.009137048813585",2006,5226,750,3,"44"
424,"2623500","1206500","7.747665188025931","47.009137048813585",2007,5226,750,3,"48"
424,"2623500","1206500","7.747665188025931","47.009137048813585",2008,5226,750,3,"44"
424,"2623500","1206500","7.747665188025931","47.009137048813585",2009,5226,750,3,"44"
424,"2623500","1206500","7.747665188025931","47.009137048813585",2010,5226,750,3,"45"
424,"2623500","1206500","7.747665188025931","47.009137048813585",2011,5226,750,3,"48"
424,"2623500","1206500","7.747665188025931","47.009137048813585",2012,5226,750,3,"38"
424,"2623500","1206500","7.747665188025931","47.009137048813585",2013,5226,750,3,"49"
424,"2623500","1206500","7.747665188025931","47.009137048813585",2014,5226,750,3,"47"
424,"2623500","1206500","7.747665188025931","47.009137048813585",2015,5226,750,3,"49"
424,"2623500","1206500","7.747665188025931","47.009137048813585",2016,5226,750,3,"49"
424,"2623500","1206500","7.747665188025931","47.009137048813585",2017,5226,750,3,"43"
424,"2623500","1206500","7.747665188025931","47.009137048813585",2018,5226,750,3,"48"
424,"2623500","1206500","7.747665188025931","47.009137048813585",2019,5226,750,3,"47"
424,"2623500","1206500","7.747665188025931","47.009137048813585",2020,5226,750,3,"50"
424,"2623500","1206500","7.747665188025931","47.009137048813585",2021,5226,750,3,"44"
424,"2623500","1206500","7.747665188025931","47.009137048813585",2022,5226,750,3,"46"
424,"2623500","1206500","7.747665188025931","47.009137048813585",2023,5226,750,3,"48"
424,"2623500","1206500","7.747665188025931","47.009137048813585",2024,5226,750,3,"45"
424,"2623500","1206500","7.747665188025931","47.009137048813585",2025,5226,750,3,"48"
425,"2623500","1222500","7.7484941878550035","47.15305500108564",1999,6978,650,3,"47"
425,"2623500","1222500","7.7484941878550035","47.15305500108564",2000,6978,650,3,"47"
425,"2623500","1222500","7.7484941878550035","47.15305500108564",2001,6978,650,3,"45"
425,"2623500","1222500","7.7484941878550035","47.15305500108564",2002,6978,650,3,"44"
425,"2623500","1222500","7.7484941878550035","47.15305500108564",2003,6978,650,3,"44"
425,"2623500","1222500","7.7484941878550035","47.15305500108564",2004,6978,650,3,"40"
425,"2623500","1222500","7.7484941878550035","47.15305500108564",2005,6978,650,3,"39"
425,"2623500","1222500","7.7484941878550035","47.15305500108564",2006,6978,650,3,"42"
425,"2623500","1222500","7.7484941878550035","47.15305500108564",2007,6978,650,3,"42"
425,"2623500","1222500","7.7484941878550035","47.15305500108564",2008,6978,650,3,"42"
425,"2623500","1222500","7.7484941878550035","47.15305500108564",2009,6978,650,3,"39"
425,"2623500","1222500","7.7484941878550035","47.15305500108564",2010,6978,650,3,"41"
425,"2623500","1222500","7.7484941878550035","47.15305500108564",2011,6978,650,3,"36"
425,"2623500","1222500","7.7484941878550035","47.15305500108564",2012,6978,650,3,"39"
425,"2623500","1222500","7.7484941878550035","47.15305500108564",2013,6978,650,3,"39"
425,"2623500","1222500","7.7484941878550035","47.15305500108564",2014,6978,650,3,"40"
425,"2623500","1222500","7.7484941878550035","47.15305500108564",2015,6978,650,3,"40"
425,"2623500","1222500","7.7484941878550035","47.15305500108564",2016,6978,650,3,"40"
425,"2623500","1222500","7.7484941878550035","47.15305500108564",2017,6978,650,3,"41"
425,"2623500","1222500","7.7484941878550035","47.15305500108564",2018,6978,650,3,"41"
425,"2623500","1222500","7.7484941878550035","47.15305500108564",2019,6978,650,3,"43"
425,"2623500","1222500","7.7484941878550035","47.15305500108564",2020,6978,650,3,"39"
425,"2623500","1222500","7.7484941878550035","47.15305500108564",2021,6978,650,3,"40"
425,"2623500","1222500","7.7484941878550035","47.15305500108564",2022,6978,650,3,"40"
425,"2623500","1222500","7.7484941878550035","47.15305500108564",2023,6978,650,3,"39"
425,"2623500","1222500","7.7484941878550035","47.15305500108564",2024,6978,650,3,"38"
425,"2623500","1222500","7.7484941878550035","47.15305500108564",2025,6978,650,3,"43"
426,"2623500","1238500","7.749327662194978","47.29696804989665",1999,4944,450,3,"33"
426,"2623500","1238500","7.749327662194978","47.29696804989665",2000,4944,450,3,"35"
426,"2623500","1238500","7.749327662194978","47.29696804989665",2001,4944,450,3,"33"
426,"2623500","1238500","7.749327662194978","47.29696804989665",2002,4944,450,3,"35"
426,"2623500","1238500","7.749327662194978","47.29696804989665",2003,4944,450,3,"38"
426,"2623500","1238500","7.749327662194978","47.29696804989665",2004,4944,450,3,"43"
426,"2623500","1238500","7.749327662194978","47.29696804989665",2005,4944,450,3,"41"
426,"2623500","1238500","7.749327662194978","47.29696804989665",2006,4944,450,3,"36"
426,"2623500","1238500","7.749327662194978","47.29696804989665",2007,4944,450,3,"32"
426,"2623500","1238500","7.749327662194978","47.29696804989665",2008,4944,450,3,"34"
426,"2623500","1238500","7.749327662194978","47.29696804989665",2009,4944,450,3,"36"
426,"2623500","1238500","7.749327662194978","47.29696804989665",2010,4944,450,3,"38"
426,"2623500","1238500","7.749327662194978","47.29696804989665",2011,4944,450,3,"47"
426,"2623500","1238500","7.749327662194978","47.29696804989665",2012,4944,450,3,"39"
426,"2623500","1238500","7.749327662194978","47.29696804989665",2013,4944,450,3,"32"
426,"2623500","1238500","7.749327662194978","47.29696804989665",2014,4944,450,3,"33"
426,"2623500","1238500","7.749327662194978","47.29696804989665",2015,4944,450,3,"31"
426,"2623500","1238500","7.749327662194978","47.29696804989665",2016,4944,450,3,"37"
426,"2623500","1238500","7.749327662194978","47.29696804989665",2017,4944,450,3,"34"
426,"2623500","1238500","7.749327662194978","47.29696804989665",2018,4944,450,3,"36"
426,"2623500","1238500","7.749327662194978","47.29696804989665",2019,4944,450,3,"37"
426,"2623500","1238500","7.749327662194978","47.29696804989665",2020,4944,450,3,"32"
426,"2623500","1238500","7.749327662194978","47.29696804989665",2021,4944,450,3,"42"
426,"2623500","1238500","7.749327662194978","47.29696804989665",2022,4944,450,3,"40"
426,"2623500","1238500","7.749327662194978","47.29696804989665",2023,4944,450,3,"39"
426,"2623500","1238500","7.749327662194978","47.29696804989665",2024,4944,450,3,"39"
426,"2623500","1238500","7.749327662194978","47.29696804989665",2025,4944,450,3,"41"
427,"2629500","1100500","7.819805950212032","46.05538731933604",1999,6225,2350,2,"13"
427,"2629500","1100500","7.819805950212032","46.05538731933604",2000,6225,2350,2,"13"
427,"2629500","1100500","7.819805950212032","46.05538731933604",2001,6225,2350,2,"12"
427,"2629500","1100500","7.819805950212032","46.05538731933604",2002,6225,2350,2,"16"
427,"2629500","1100500","7.819805950212032","46.05538731933604",2003,6225,2350,2,"17"
427,"2629500","1100500","7.819805950212032","46.05538731933604",2004,6225,2350,2,"11"
427,"2629500","1100500","7.819805950212032","46.05538731933604",2005,6225,2350,2,"14"
427,"2629500","1100500","7.819805950212032","46.05538731933604",2006,6225,2350,2,"15"
427,"2629500","1100500","7.819805950212032","46.05538731933604",2007,6225,2350,2,"21"
427,"2629500","1100500","7.819805950212032","46.05538731933604",2008,6225,2350,2,"16"
427,"2629500","1100500","7.819805950212032","46.05538731933604",2009,6225,2350,2,"14"
427,"2629500","1100500","7.819805950212032","46.05538731933604",2010,6225,2350,2,"18"
427,"2629500","1100500","7.819805950212032","46.05538731933604",2011,6225,2350,2,"18"
427,"2629500","1100500","7.819805950212032","46.05538731933604",2012,6225,2350,2,"15"
427,"2629500","1100500","7.819805950212032","46.05538731933604",2013,6225,2350,2,"19"
427,"2629500","1100500","7.819805950212032","46.05538731933604",2014,6225,2350,2,"17"
427,"2629500","1100500","7.819805950212032","46.05538731933604",2015,6225,2350,2,"19"
427,"2629500","1100500","7.819805950212032","46.05538731933604",2016,6225,2350,2,"14"
427,"2629500","1100500","7.819805950212032","46.05538731933604",2017,6225,2350,2,"15"
427,"2629500","1100500","7.819805950212032","46.05538731933604",2018,6225,2350,2,"17"
427,"2629500","1100500","7.819805950212032","46.05538731933604",2019,6225,2350,2,"18"
427,"2629500","1100500","7.819805950212032","46.05538731933604",2020,6225,2350,2,"21"
427,"2629500","1100500","7.819805950212032","46.05538731933604",2021,6225,2350,2,"20"
427,"2629500","1100500","7.819805950212032","46.05538731933604",2022,6225,2350,2,"19"
427,"2629500","1100500","7.819805950212032","46.05538731933604",2023,6225,2350,2,"16"
427,"2629500","1100500","7.819805950212032","46.05538731933604",2024,6225,2350,2,"18"
427,"2629500","1100500","7.819805950212032","46.05538731933604",2025,6225,2350,2,"22"
428,"2629500","1118500","7.820937324416607","46.21730527202403",1999,6584,1650,3,"40"
428,"2629500","1118500","7.820937324416607","46.21730527202403",2000,6584,1650,3,"36"
428,"2629500","1118500","7.820937324416607","46.21730527202403",2001,6584,1650,3,"41"
428,"2629500","1118500","7.820937324416607","46.21730527202403",2002,6584,1650,3,"46"
428,"2629500","1118500","7.820937324416607","46.21730527202403",2003,6584,1650,3,"44"
428,"2629500","1118500","7.820937324416607","46.21730527202403",2004,6584,1650,3,"42"
428,"2629500","1118500","7.820937324416607","46.21730527202403",2005,6584,1650,3,"45"
428,"2629500","1118500","7.820937324416607","46.21730527202403",2006,6584,1650,3,"41"
428,"2629500","1118500","7.820937324416607","46.21730527202403",2007,6584,1650,3,"44"
428,"2629500","1118500","7.820937324416607","46.21730527202403",2008,6584,1650,3,"42"
428,"2629500","1118500","7.820937324416607","46.21730527202403",2009,6584,1650,3,"42"
428,"2629500","1118500","7.820937324416607","46.21730527202403",2010,6584,1650,3,"42"
428,"2629500","1118500","7.820937324416607","46.21730527202403",2011,6584,1650,3,"46"
428,"2629500","1118500","7.820937324416607","46.21730527202403",2012,6584,1650,3,"44"
428,"2629500","1118500","7.820937324416607","46.21730527202403",2013,6584,1650,3,"44"
428,"2629500","1118500","7.820937324416607","46.21730527202403",2014,6584,1650,3,"40"
428,"2629500","1118500","7.820937324416607","46.21730527202403",2015,6584,1650,3,"41"
428,"2629500","1118500","7.820937324416607","46.21730527202403",2016,6584,1650,3,"43"
428,"2629500","1118500","7.820937324416607","46.21730527202403",2017,6584,1650,3,"40"
428,"2629500","1118500","7.820937324416607","46.21730527202403",2018,6584,1650,3,"40"
428,"2629500","1118500","7.820937324416607","46.21730527202403",2019,6584,1650,3,"40"
428,"2629500","1118500","7.820937324416607","46.21730527202403",2020,6584,1650,3,"36"
428,"2629500","1118500","7.820937324416607","46.21730527202403",2021,6584,1650,3,"40"
428,"2629500","1118500","7.820937324416607","46.21730527202403",2022,6584,1650,3,"34"
428,"2629500","1118500","7.820937324416607","46.21730527202403",2023,6584,1650,3,"35"
428,"2629500","1118500","7.820937324416607","46.21730527202403",2024,6584,1650,3,"42"
428,"2629500","1118500","7.820937324416607","46.21730527202403",2025,6584,1650,3,"44"
429,"2629500","1142500","7.822456263067216","46.433197566009476",1999,5413,2050,3,"42"
429,"2629500","1142500","7.822456263067216","46.433197566009476",2000,5413,2050,3,"41"
429,"2629500","1142500","7.822456263067216","46.433197566009476",2001,5413,2050,3,"41"
429,"2629500","1142500","7.822456263067216","46.433197566009476",2002,5413,2050,3,"38"
429,"2629500","1142500","7.822456263067216","46.433197566009476",2003,5413,2050,3,"42"
429,"2629500","1142500","7.822456263067216","46.433197566009476",2004,5413,2050,3,"49"
429,"2629500","1142500","7.822456263067216","46.433197566009476",2005,5413,2050,3,"47"
429,"2629500","1142500","7.822456263067216","46.433197566009476",2006,5413,2050,3,"41"
429,"2629500","1142500","7.822456263067216","46.433197566009476",2007,5413,2050,3,"49"
429,"2629500","1142500","7.822456263067216","46.433197566009476",2008,5413,2050,3,"43"
429,"2629500","1142500","7.822456263067216","46.433197566009476",2009,5413,2050,3,"39"
429,"2629500","1142500","7.822456263067216","46.433197566009476",2010,5413,2050,3,"43"
429,"2629500","1142500","7.822456263067216","46.433197566009476",2011,5413,2050,3,"51"
429,"2629500","1142500","7.822456263067216","46.433197566009476",2012,5413,2050,3,"44"
429,"2629500","1142500","7.822456263067216","46.433197566009476",2013,5413,2050,3,"39"
429,"2629500","1142500","7.822456263067216","46.433197566009476",2014,5413,2050,3,"46"
429,"2629500","1142500","7.822456263067216","46.433197566009476",2015,5413,2050,3,"41"
429,"2629500","1142500","7.822456263067216","46.433197566009476",2016,5413,2050,3,"39"
429,"2629500","1142500","7.822456263067216","46.433197566009476",2017,5413,2050,3,"43"
429,"2629500","1142500","7.822456263067216","46.433197566009476",2018,5413,2050,3,"41"
429,"2629500","1142500","7.822456263067216","46.433197566009476",2019,5413,2050,3,"46"
429,"2629500","1142500","7.822456263067216","46.433197566009476",2020,5413,2050,3,"47"
429,"2629500","1142500","7.822456263067216","46.433197566009476",2021,5413,2050,3,"46"
429,"2629500","1142500","7.822456263067216","46.433197566009476",2022,5413,2050,3,"50"
429,"2629500","1142500","7.822456263067216","46.433197566009476",2023,5413,2050,3,"48"
429,"2629500","1142500","7.822456263067216","46.433197566009476",2024,5413,2050,3,"48"
430,"2629500","1198500","7.826047725428485","46.93693760290116",1999,5794,750,3,"44"
430,"2629500","1198500","7.826047725428485","46.93693760290116",2000,5794,750,3,"42"
430,"2629500","1198500","7.826047725428485","46.93693760290116",2001,5794,750,3,"41"
430,"2629500","1198500","7.826047725428485","46.93693760290116",2002,5794,750,3,"42"
430,"2629500","1198500","7.826047725428485","46.93693760290116",2003,5794,750,3,"41"
430,"2629500","1198500","7.826047725428485","46.93693760290116",2004,5794,750,3,"44"
430,"2629500","1198500","7.826047725428485","46.93693760290116",2005,5794,750,3,"43"
430,"2629500","1198500","7.826047725428485","46.93693760290116",2006,5794,750,3,"37"
430,"2629500","1198500","7.826047725428485","46.93693760290116",2007,5794,750,3,"40"
430,"2629500","1198500","7.826047725428485","46.93693760290116",2008,5794,750,3,"37"
430,"2629500","1198500","7.826047725428485","46.93693760290116",2009,5794,750,3,"38"
430,"2629500","1198500","7.826047725428485","46.93693760290116",2010,5794,750,3,"40"
430,"2629500","1198500","7.826047725428485","46.93693760290116",2011,5794,750,3,"41"
430,"2629500","1198500","7.826047725428485","46.93693760290116",2012,5794,750,3,"41"
430,"2629500","1198500","7.826047725428485","46.93693760290116",2013,5794,750,3,"43"
430,"2629500","1198500","7.826047725428485","46.93693760290116",2014,5794,750,3,"44"
430,"2629500","1198500","7.826047725428485","46.93693760290116",2015,5794,750,3,"47"
430,"2629500","1198500","7.826047725428485","46.93693760290116",2016,5794,750,3,"47"
430,"2629500","1198500","7.826047725428485","46.93693760290116",2017,5794,750,3,"44"
430,"2629500","1198500","7.826047725428485","46.93693760290116",2018,5794,750,3,"44"
430,"2629500","1198500","7.826047725428485","46.93693760290116",2019,5794,750,3,"43"
430,"2629500","1198500","7.826047725428485","46.93693760290116",2020,5794,750,3,"42"
430,"2629500","1198500","7.826047725428485","46.93693760290116",2021,5794,750,3,"46"
430,"2629500","1198500","7.826047725428485","46.93693760290116",2022,5794,750,3,"41"
430,"2629500","1198500","7.826047725428485","46.93693760290116",2023,5794,750,3,"42"
430,"2629500","1198500","7.826047725428485","46.93693760290116",2024,5794,750,3,"45"
430,"2629500","1198500","7.826047725428485","46.93693760290116",2025,5794,750,3,"42"
431,"2629500","1214500","7.827086238006642","47.080857033618244",1999,5417,750,3,"40"
431,"2629500","1214500","7.827086238006642","47.080857033618244",2000,5417,750,3,"39"
431,"2629500","1214500","7.827086238006642","47.080857033618244",2001,5417,750,3,"36"
431,"2629500","1214500","7.827086238006642","47.080857033618244",2002,5417,750,3,"32"
431,"2629500","1214500","7.827086238006642","47.080857033618244",2003,5417,750,3,"33"
431,"2629500","1214500","7.827086238006642","47.080857033618244",2004,5417,750,3,"43"
431,"2629500","1214500","7.827086238006642","47.080857033618244",2005,5417,750,3,"44"
431,"2629500","1214500","7.827086238006642","47.080857033618244",2006,5417,750,3,"42"
431,"2629500","1214500","7.827086238006642","47.080857033618244",2007,5417,750,3,"38"
431,"2629500","1214500","7.827086238006642","47.080857033618244",2008,5417,750,3,"37"
431,"2629500","1214500","7.827086238006642","47.080857033618244",2009,5417,750,3,"36"
431,"2629500","1214500","7.827086238006642","47.080857033618244",2010,5417,750,3,"43"
431,"2629500","1214500","7.827086238006642","47.080857033618244",2011,5417,750,3,"38"
431,"2629500","1214500","7.827086238006642","47.080857033618244",2012,5417,750,3,"42"
431,"2629500","1214500","7.827086238006642","47.080857033618244",2013,5417,750,3,"40"
431,"2629500","1214500","7.827086238006642","47.080857033618244",2014,5417,750,3,"41"
431,"2629500","1214500","7.827086238006642","47.080857033618244",2015,5417,750,3,"40"
431,"2629500","1214500","7.827086238006642","47.080857033618244",2016,5417,750,3,"39"
431,"2629500","1214500","7.827086238006642","47.080857033618244",2017,5417,750,3,"43"
431,"2629500","1214500","7.827086238006642","47.080857033618244",2018,5417,750,3,"42"
431,"2629500","1214500","7.827086238006642","47.080857033618244",2019,5417,750,3,"41"
431,"2629500","1214500","7.827086238006642","47.080857033618244",2020,5417,750,3,"46"
431,"2629500","1214500","7.827086238006642","47.080857033618244",2021,5417,750,3,"42"
431,"2629500","1214500","7.827086238006642","47.080857033618244",2022,5417,750,3,"44"
431,"2629500","1214500","7.827086238006642","47.080857033618244",2023,5417,750,3,"47"
431,"2629500","1214500","7.827086238006642","47.080857033618244",2024,5417,750,3,"47"
431,"2629500","1214500","7.827086238006642","47.080857033618244",2025,5417,750,3,"39"
432,"2629500","1230500","7.828130346540688","47.22477200935224",1999,6227,450,3,"41"
432,"2629500","1230500","7.828130346540688","47.22477200935224",2000,6227,450,3,"39"
432,"2629500","1230500","7.828130346540688","47.22477200935224",2001,6227,450,3,"35"
432,"2629500","1230500","7.828130346540688","47.22477200935224",2002,6227,450,3,"39"
432,"2629500","1230500","7.828130346540688","47.22477200935224",2003,6227,450,3,"33"
432,"2629500","1230500","7.828130346540688","47.22477200935224",2004,6227,450,3,"38"
432,"2629500","1230500","7.828130346540688","47.22477200935224",2005,6227,450,3,"41"
432,"2629500","1230500","7.828130346540688","47.22477200935224",2006,6227,450,3,"42"
432,"2629500","1230500","7.828130346540688","47.22477200935224",2007,6227,450,3,"38"
432,"2629500","1230500","7.828130346540688","47.22477200935224",2008,6227,450,3,"33"
432,"2629500","1230500","7.828130346540688","47.22477200935224",2009,6227,450,3,"39"
432,"2629500","1230500","7.828130346540688","47.22477200935224",2010,6227,450,3,"35"
432,"2629500","1230500","7.828130346540688","47.22477200935224",2011,6227,450,3,"42"
432,"2629500","1230500","7.828130346540688","47.22477200935224",2012,6227,450,3,"35"
432,"2629500","1230500","7.828130346540688","47.22477200935224",2013,6227,450,3,"35"
432,"2629500","1230500","7.828130346540688","47.22477200935224",2014,6227,450,3,"39"
432,"2629500","1230500","7.828130346540688","47.22477200935224",2015,6227,450,3,"39"
432,"2629500","1230500","7.828130346540688","47.22477200935224",2016,6227,450,3,"38"
432,"2629500","1230500","7.828130346540688","47.22477200935224",2017,6227,450,3,"39"
432,"2629500","1230500","7.828130346540688","47.22477200935224",2018,6227,450,3,"38"
432,"2629500","1230500","7.828130346540688","47.22477200935224",2019,6227,450,3,"40"
432,"2629500","1230500","7.828130346540688","47.22477200935224",2020,6227,450,3,"38"
432,"2629500","1230500","7.828130346540688","47.22477200935224",2021,6227,450,3,"42"
432,"2629500","1230500","7.828130346540688","47.22477200935224",2022,6227,450,3,"39"
432,"2629500","1230500","7.828130346540688","47.22477200935224",2023,6227,450,3,"42"
432,"2629500","1230500","7.828130346540688","47.22477200935224",2024,6227,450,3,"36"
432,"2629500","1230500","7.828130346540688","47.22477200935224",2025,6227,450,3,"37"
433,"2629500","1246500","7.829180103053796","47.36868162632061",2000,5667,850,3,"46"
433,"2629500","1246500","7.829180103053796","47.36868162632061",2001,5667,850,3,"43"
433,"2629500","1246500","7.829180103053796","47.36868162632061",2002,5667,850,3,"42"
433,"2629500","1246500","7.829180103053796","47.36868162632061",2003,5667,850,3,"43"
433,"2629500","1246500","7.829180103053796","47.36868162632061",2004,5667,850,3,"43"
433,"2629500","1246500","7.829180103053796","47.36868162632061",2005,5667,850,3,"46"
433,"2629500","1246500","7.829180103053796","47.36868162632061",2006,5667,850,3,"41"
433,"2629500","1246500","7.829180103053796","47.36868162632061",2007,5667,850,3,"41"
433,"2629500","1246500","7.829180103053796","47.36868162632061",2008,5667,850,3,"44"
433,"2629500","1246500","7.829180103053796","47.36868162632061",2009,5667,850,3,"45"
433,"2629500","1246500","7.829180103053796","47.36868162632061",2010,5667,850,3,"43"
433,"2629500","1246500","7.829180103053796","47.36868162632061",2011,5667,850,3,"45"
433,"2629500","1246500","7.829180103053796","47.36868162632061",2012,5667,850,3,"42"
433,"2629500","1246500","7.829180103053796","47.36868162632061",2013,5667,850,3,"36"
433,"2629500","1246500","7.829180103053796","47.36868162632061",2014,5667,850,3,"41"
433,"2629500","1246500","7.829180103053796","47.36868162632061",2015,5667,850,3,"45"
433,"2629500","1246500","7.829180103053796","47.36868162632061",2016,5667,850,3,"42"
433,"2629500","1246500","7.829180103053796","47.36868162632061",2017,5667,850,3,"44"
433,"2629500","1246500","7.829180103053796","47.36868162632061",2018,5667,850,3,"44"
433,"2629500","1246500","7.829180103053796","47.36868162632061",2019,5667,850,3,"49"
433,"2629500","1246500","7.829180103053796","47.36868162632061",2020,5667,850,3,"45"
433,"2629500","1246500","7.829180103053796","47.36868162632061",2021,5667,850,3,"47"
433,"2629500","1246500","7.829180103053796","47.36868162632061",2022,5667,850,3,"45"
433,"2629500","1246500","7.829180103053796","47.36868162632061",2023,5667,850,3,"47"
433,"2629500","1246500","7.829180103053796","47.36868162632061",2024,5667,850,3,"44"
433,"2629500","1246500","7.829180103053796","47.36868162632061",2025,5667,850,3,"45"
434,"2629500","1262500","7.830235560205329","47.51258498100702",1999,8470,450,3,"41"
434,"2629500","1262500","7.830235560205329","47.51258498100702",2000,8470,450,3,"44"
434,"2629500","1262500","7.830235560205329","47.51258498100702",2001,8470,450,3,"46"
434,"2629500","1262500","7.830235560205329","47.51258498100702",2002,8470,450,3,"45"
434,"2629500","1262500","7.830235560205329","47.51258498100702",2003,8470,450,3,"43"
434,"2629500","1262500","7.830235560205329","47.51258498100702",2004,8470,450,3,"44"
434,"2629500","1262500","7.830235560205329","47.51258498100702",2005,8470,450,3,"40"
434,"2629500","1262500","7.830235560205329","47.51258498100702",2006,8470,450,3,"47"
434,"2629500","1262500","7.830235560205329","47.51258498100702",2007,8470,450,3,"46"
434,"2629500","1262500","7.830235560205329","47.51258498100702",2008,8470,450,3,"46"
434,"2629500","1262500","7.830235560205329","47.51258498100702",2009,8470,450,3,"42"
434,"2629500","1262500","7.830235560205329","47.51258498100702",2010,8470,450,3,"39"
434,"2629500","1262500","7.830235560205329","47.51258498100702",2011,8470,450,3,"41"
434,"2629500","1262500","7.830235560205329","47.51258498100702",2012,8470,450,3,"42"
434,"2629500","1262500","7.830235560205329","47.51258498100702",2013,8470,450,3,"47"
434,"2629500","1262500","7.830235560205329","47.51258498100702",2014,8470,450,3,"43"
434,"2629500","1262500","7.830235560205329","47.51258498100702",2015,8470,450,3,"46"
434,"2629500","1262500","7.830235560205329","47.51258498100702",2016,8470,450,3,"41"
434,"2629500","1262500","7.830235560205329","47.51258498100702",2017,8470,450,3,"42"
434,"2629500","1262500","7.830235560205329","47.51258498100702",2018,8470,450,3,"45"
434,"2629500","1262500","7.830235560205329","47.51258498100702",2019,8470,450,3,"47"
434,"2629500","1262500","7.830235560205329","47.51258498100702",2020,8470,450,3,"45"
434,"2629500","1262500","7.830235560205329","47.51258498100702",2021,8470,450,3,"45"
434,"2629500","1262500","7.830235560205329","47.51258498100702",2022,8470,450,3,"45"
434,"2629500","1262500","7.830235560205329","47.51258498100702",2023,8470,450,3,"43"
434,"2629500","1262500","7.830235560205329","47.51258498100702",2024,8470,450,3,"55"
434,"2629500","1262500","7.830235560205329","47.51258498100702",2025,8470,450,3,"40"
435,"2731500","1174500","9.158412791976826","46.70874237824781",1999,6033,1250,3,"43"
435,"2731500","1174500","9.158412791976826","46.70874237824781",2000,6033,1250,3,"41"
435,"2731500","1174500","9.158412791976826","46.70874237824781",2001,6033,1250,3,"44"
435,"2731500","1174500","9.158412791976826","46.70874237824781",2002,6033,1250,3,"49"
435,"2731500","1174500","9.158412791976826","46.70874237824781",2003,6033,1250,3,"45"
435,"2731500","1174500","9.158412791976826","46.70874237824781",2004,6033,1250,3,"40"
435,"2731500","1174500","9.158412791976826","46.70874237824781",2005,6033,1250,3,"46"
435,"2731500","1174500","9.158412791976826","46.70874237824781",2006,6033,1250,3,"53"
435,"2731500","1174500","9.158412791976826","46.70874237824781",2007,6033,1250,3,"48"
435,"2731500","1174500","9.158412791976826","46.70874237824781",2008,6033,1250,3,"48"
435,"2731500","1174500","9.158412791976826","46.70874237824781",2009,6033,1250,3,"48"
435,"2731500","1174500","9.158412791976826","46.70874237824781",2010,6033,1250,3,"50"
435,"2731500","1174500","9.158412791976826","46.70874237824781",2011,6033,1250,3,"49"
435,"2731500","1174500","9.158412791976826","46.70874237824781",2012,6033,1250,3,"49"
435,"2731500","1174500","9.158412791976826","46.70874237824781",2013,6033,1250,3,"46"
435,"2731500","1174500","9.158412791976826","46.70874237824781",2014,6033,1250,3,"50"
435,"2731500","1174500","9.158412791976826","46.70874237824781",2015,6033,1250,3,"53"
435,"2731500","1174500","9.158412791976826","46.70874237824781",2016,6033,1250,3,"50"
435,"2731500","1174500","9.158412791976826","46.70874237824781",2017,6033,1250,3,"50"
435,"2731500","1174500","9.158412791976826","46.70874237824781",2018,6033,1250,3,"48"
435,"2731500","1174500","9.158412791976826","46.70874237824781",2019,6033,1250,3,"51"
435,"2731500","1174500","9.158412791976826","46.70874237824781",2020,6033,1250,3,"49"
435,"2731500","1174500","9.158412791976826","46.70874237824781",2021,6033,1250,3,"49"
435,"2731500","1174500","9.158412791976826","46.70874237824781",2022,6033,1250,3,"54"
435,"2731500","1174500","9.158412791976826","46.70874237824781",2023,6033,1250,3,"50"
435,"2731500","1174500","9.158412791976826","46.70874237824781",2024,6033,1250,3,"45"
435,"2731500","1174500","9.158412791976826","46.70874237824781",2025,6033,1250,3,"57"
436,"2731500","1182500","9.160709048937917","46.780688643297474",1999,5459,850,3,"34"
436,"2731500","1182500","9.160709048937917","46.780688643297474",2000,5459,850,3,"35"
436,"2731500","1182500","9.160709048937917","46.780688643297474",2001,5459,850,3,"34"
436,"2731500","1182500","9.160709048937917","46.780688643297474",2002,5459,850,3,"35"
436,"2731500","1182500","9.160709048937917","46.780688643297474",2003,5459,850,3,"30"
436,"2731500","1182500","9.160709048937917","46.780688643297474",2004,5459,850,3,"31"
436,"2731500","1182500","9.160709048937917","46.780688643297474",2005,5459,850,3,"34"
436,"2731500","1182500","9.160709048937917","46.780688643297474",2006,5459,850,3,"48"
436,"2731500","1182500","9.160709048937917","46.780688643297474",2007,5459,850,3,"44"
436,"2731500","1182500","9.160709048937917","46.780688643297474",2008,5459,850,3,"40"
436,"2731500","1182500","9.160709048937917","46.780688643297474",2009,5459,850,3,"41"
436,"2731500","1182500","9.160709048937917","46.780688643297474",2010,5459,850,3,"50"
436,"2731500","1182500","9.160709048937917","46.780688643297474",2011,5459,850,3,"46"
436,"2731500","1182500","9.160709048937917","46.780688643297474",2012,5459,850,3,"41"
436,"2731500","1182500","9.160709048937917","46.780688643297474",2013,5459,850,3,"50"
436,"2731500","1182500","9.160709048937917","46.780688643297474",2014,5459,850,3,"47"
436,"2731500","1182500","9.160709048937917","46.780688643297474",2015,5459,850,3,"47"
436,"2731500","1182500","9.160709048937917","46.780688643297474",2016,5459,850,3,"59"
436,"2731500","1182500","9.160709048937917","46.780688643297474",2017,5459,850,3,"62"
436,"2731500","1182500","9.160709048937917","46.780688643297474",2018,5459,850,3,"37"
436,"2731500","1182500","9.160709048937917","46.780688643297474",2019,5459,850,3,"42"
436,"2731500","1182500","9.160709048937917","46.780688643297474",2020,5459,850,3,"43"
436,"2731500","1182500","9.160709048937917","46.780688643297474",2021,5459,850,3,"43"
436,"2731500","1182500","9.160709048937917","46.780688643297474",2022,5459,850,3,"39"
436,"2731500","1182500","9.160709048937917","46.780688643297474",2023,5459,850,3,"48"
436,"2731500","1182500","9.160709048937917","46.780688643297474",2024,5459,850,3,"44"
436,"2731500","1182500","9.160709048937917","46.780688643297474",2025,5459,850,3,"42"
437,"2731500","1254500","9.181654717709929","47.42815970854408",2000,5226,550,3,"42"
437,"2731500","1254500","9.181654717709929","47.42815970854408",2001,5226,550,3,"43"
437,"2731500","1254500","9.181654717709929","47.42815970854408",2002,5226,550,3,"42"
437,"2731500","1254500","9.181654717709929","47.42815970854408",2003,5226,550,3,"38"
437,"2731500","1254500","9.181654717709929","47.42815970854408",2004,5226,550,3,"47"
437,"2731500","1254500","9.181654717709929","47.42815970854408",2005,5226,550,3,"43"
437,"2731500","1254500","9.181654717709929","47.42815970854408",2006,5226,550,3,"45"
437,"2731500","1254500","9.181654717709929","47.42815970854408",2007,5226,550,3,"45"
437,"2731500","1254500","9.181654717709929","47.42815970854408",2008,5226,550,3,"44"
437,"2731500","1254500","9.181654717709929","47.42815970854408",2009,5226,550,3,"46"
437,"2731500","1254500","9.181654717709929","47.42815970854408",2010,5226,550,3,"46"
437,"2731500","1254500","9.181654717709929","47.42815970854408",2011,5226,550,3,"42"
437,"2731500","1254500","9.181654717709929","47.42815970854408",2012,5226,550,3,"44"
437,"2731500","1254500","9.181654717709929","47.42815970854408",2013,5226,550,3,"46"
437,"2731500","1254500","9.181654717709929","47.42815970854408",2014,5226,550,3,"42"
437,"2731500","1254500","9.181654717709929","47.42815970854408",2015,5226,550,3,"44"
437,"2731500","1254500","9.181654717709929","47.42815970854408",2016,5226,550,3,"44"
437,"2731500","1254500","9.181654717709929","47.42815970854408",2017,5226,550,3,"42"
437,"2731500","1254500","9.181654717709929","47.42815970854408",2018,5226,550,3,"43"
437,"2731500","1254500","9.181654717709929","47.42815970854408",2019,5226,550,3,"39"
437,"2731500","1254500","9.181654717709929","47.42815970854408",2020,5226,550,3,"48"
437,"2731500","1254500","9.181654717709929","47.42815970854408",2021,5226,550,3,"46"
437,"2731500","1254500","9.181654717709929","47.42815970854408",2022,5226,550,3,"42"
437,"2731500","1254500","9.181654717709929","47.42815970854408",2023,5226,550,3,"46"
437,"2731500","1254500","9.181654717709929","47.42815970854408",2024,5226,550,3,"47"
437,"2731500","1254500","9.181654717709929","47.42815970854408",2025,5226,550,3,"45"
438,"2731500","1270500","9.186378872344653","47.572026109201275",1999,5770,450,3,"30"
438,"2731500","1270500","9.186378872344653","47.572026109201275",2000,5770,450,3,"32"
438,"2731500","1270500","9.186378872344653","47.572026109201275",2001,5770,450,3,"33"
438,"2731500","1270500","9.186378872344653","47.572026109201275",2002,5770,450,3,"34"
438,"2731500","1270500","9.186378872344653","47.572026109201275",2003,5770,450,3,"35"
438,"2731500","1270500","9.186378872344653","47.572026109201275",2004,5770,450,3,"34"
438,"2731500","1270500","9.186378872344653","47.572026109201275",2005,5770,450,3,"38"
438,"2731500","1270500","9.186378872344653","47.572026109201275",2006,5770,450,3,"35"
438,"2731500","1270500","9.186378872344653","47.572026109201275",2007,5770,450,3,"36"
438,"2731500","1270500","9.186378872344653","47.572026109201275",2008,5770,450,3,"37"
438,"2731500","1270500","9.186378872344653","47.572026109201275",2009,5770,450,3,"36"
438,"2731500","1270500","9.186378872344653","47.572026109201275",2010,5770,450,3,"38"
438,"2731500","1270500","9.186378872344653","47.572026109201275",2011,5770,450,3,"38"
438,"2731500","1270500","9.186378872344653","47.572026109201275",2013,5770,450,3,"27"
438,"2731500","1270500","9.186378872344653","47.572026109201275",2014,5770,450,3,"36"
438,"2731500","1270500","9.186378872344653","47.572026109201275",2015,5770,450,3,"36"
438,"2731500","1270500","9.186378872344653","47.572026109201275",2016,5770,450,3,"38"
438,"2731500","1270500","9.186378872344653","47.572026109201275",2017,5770,450,3,"41"
438,"2731500","1270500","9.186378872344653","47.572026109201275",2018,5770,450,3,"38"
438,"2731500","1270500","9.186378872344653","47.572026109201275",2020,5770,450,3,"39"
438,"2731500","1270500","9.186378872344653","47.572026109201275",2021,5770,450,3,"39"
438,"2731500","1270500","9.186378872344653","47.572026109201275",2022,5770,450,3,"37"
438,"2731500","1270500","9.186378872344653","47.572026109201275",2023,5770,450,3,"41"
438,"2731500","1270500","9.186378872344653","47.572026109201275",2024,5770,450,3,"39"
438,"2731500","1270500","9.186378872344653","47.572026109201275",2025,5770,450,3,"43"
439,"2736500","1143500","9.214604879959461","46.428946502513035",2000,5277,1250,3,"38"
439,"2736500","1143500","9.214604879959461","46.428946502513035",2001,5277,1250,3,"35"
439,"2736500","1143500","9.214604879959461","46.428946502513035",2002,5277,1250,3,"32"
439,"2736500","1143500","9.214604879959461","46.428946502513035",2003,5277,1250,3,"31"
439,"2736500","1143500","9.214604879959461","46.428946502513035",2004,5277,1250,3,"34"
439,"2736500","1143500","9.214604879959461","46.428946502513035",2005,5277,1250,3,"37"
439,"2736500","1143500","9.214604879959461","46.428946502513035",2006,5277,1250,3,"36"
439,"2736500","1143500","9.214604879959461","46.428946502513035",2007,5277,1250,3,"30"
439,"2736500","1143500","9.214604879959461","46.428946502513035",2008,5277,1250,3,"30"
439,"2736500","1143500","9.214604879959461","46.428946502513035",2009,5277,1250,3,"32"
439,"2736500","1143500","9.214604879959461","46.428946502513035",2010,5277,1250,3,"32"
439,"2736500","1143500","9.214604879959461","46.428946502513035",2011,5277,1250,3,"29"
439,"2736500","1143500","9.214604879959461","46.428946502513035",2012,5277,1250,3,"35"
439,"2736500","1143500","9.214604879959461","46.428946502513035",2013,5277,1250,3,"36"
439,"2736500","1143500","9.214604879959461","46.428946502513035",2014,5277,1250,3,"33"
439,"2736500","1143500","9.214604879959461","46.428946502513035",2015,5277,1250,3,"34"
439,"2736500","1143500","9.214604879959461","46.428946502513035",2016,5277,1250,3,"34"
439,"2736500","1143500","9.214604879959461","46.428946502513035",2017,5277,1250,3,"33"
439,"2736500","1143500","9.214604879959461","46.428946502513035",2018,5277,1250,3,"32"
439,"2736500","1143500","9.214604879959461","46.428946502513035",2019,5277,1250,3,"33"
439,"2736500","1143500","9.214604879959461","46.428946502513035",2020,5277,1250,3,"33"
439,"2736500","1143500","9.214604879959461","46.428946502513035",2021,5277,1250,3,"38"
439,"2736500","1143500","9.214604879959461","46.428946502513035",2022,5277,1250,3,"34"
439,"2736500","1143500","9.214604879959461","46.428946502513035",2023,5277,1250,3,"31"
439,"2736500","1143500","9.214604879959461","46.428946502513035",2024,5277,1250,3,"35"
439,"2736500","1143500","9.214604879959461","46.428946502513035",2025,5277,1250,3,"39"
440,"2736500","1200500","9.231551149127995","46.941556012835164",1999,4411,2050,2,"12"
440,"2736500","1200500","9.231551149127995","46.941556012835164",2000,4411,2050,2,"12"
440,"2736500","1200500","9.231551149127995","46.941556012835164",2001,4411,2050,2,"12"
440,"2736500","1200500","9.231551149127995","46.941556012835164",2002,4411,2050,2,"15"
440,"2736500","1200500","9.231551149127995","46.941556012835164",2003,4411,2050,2,"12"
440,"2736500","1200500","9.231551149127995","46.941556012835164",2004,4411,2050,2,"13"
440,"2736500","1200500","9.231551149127995","46.941556012835164",2005,4411,2050,2,"12"
440,"2736500","1200500","9.231551149127995","46.941556012835164",2006,4411,2050,2,"15"
440,"2736500","1200500","9.231551149127995","46.941556012835164",2007,4411,2050,2,"14"
440,"2736500","1200500","9.231551149127995","46.941556012835164",2008,4411,2050,2,"13"
440,"2736500","1200500","9.231551149127995","46.941556012835164",2009,4411,2050,2,"17"
440,"2736500","1200500","9.231551149127995","46.941556012835164",2010,4411,2050,2,"12"
440,"2736500","1200500","9.231551149127995","46.941556012835164",2011,4411,2050,2,"14"
440,"2736500","1200500","9.231551149127995","46.941556012835164",2012,4411,2050,2,"15"
440,"2736500","1200500","9.231551149127995","46.941556012835164",2013,4411,2050,2,"10"
440,"2736500","1200500","9.231551149127995","46.941556012835164",2014,4411,2050,2,"19"
440,"2736500","1200500","9.231551149127995","46.941556012835164",2015,4411,2050,2,"22"
440,"2736500","1200500","9.231551149127995","46.941556012835164",2016,4411,2050,2,"24"
440,"2736500","1200500","9.231551149127995","46.941556012835164",2017,4411,2050,2,"22"
440,"2736500","1200500","9.231551149127995","46.941556012835164",2018,4411,2050,2,"23"
440,"2736500","1200500","9.231551149127995","46.941556012835164",2019,4411,2050,2,"22"
440,"2736500","1200500","9.231551149127995","46.941556012835164",2020,4411,2050,2,"22"
440,"2736500","1200500","9.231551149127995","46.941556012835164",2021,4411,2050,2,"23"
440,"2736500","1200500","9.231551149127995","46.941556012835164",2022,4411,2050,2,"22"
440,"2736500","1200500","9.231551149127995","46.941556012835164",2023,4411,2050,2,"25"
440,"2736500","1200500","9.231551149127995","46.941556012835164",2024,4411,2050,2,"24"
440,"2736500","1200500","9.231551149127995","46.941556012835164",2025,4411,2050,2,"25"
441,"2737500","1182500","9.239255809501245","46.77947697014366",1999,5981,750,3,"53"
441,"2737500","1182500","9.239255809501245","46.77947697014366",2000,5981,750,3,"58"
441,"2737500","1182500","9.239255809501245","46.77947697014366",2001,5981,750,3,"59"
441,"2737500","1182500","9.239255809501245","46.77947697014366",2002,5981,750,3,"59"
441,"2737500","1182500","9.239255809501245","46.77947697014366",2003,5981,750,3,"55"
441,"2737500","1182500","9.239255809501245","46.77947697014366",2004,5981,750,3,"57"
441,"2737500","1182500","9.239255809501245","46.77947697014366",2005,5981,750,3,"54"
441,"2737500","1182500","9.239255809501245","46.77947697014366",2006,5981,750,3,"53"
441,"2737500","1182500","9.239255809501245","46.77947697014366",2007,5981,750,3,"56"
441,"2737500","1182500","9.239255809501245","46.77947697014366",2008,5981,750,3,"54"
441,"2737500","1182500","9.239255809501245","46.77947697014366",2009,5981,750,3,"49"
441,"2737500","1182500","9.239255809501245","46.77947697014366",2010,5981,750,3,"59"
441,"2737500","1182500","9.239255809501245","46.77947697014366",2011,5981,750,3,"48"
441,"2737500","1182500","9.239255809501245","46.77947697014366",2012,5981,750,3,"48"
441,"2737500","1182500","9.239255809501245","46.77947697014366",2013,5981,750,3,"50"
441,"2737500","1182500","9.239255809501245","46.77947697014366",2014,5981,750,3,"56"
441,"2737500","1182500","9.239255809501245","46.77947697014366",2015,5981,750,3,"50"
441,"2737500","1182500","9.239255809501245","46.77947697014366",2016,5981,750,3,"49"
441,"2737500","1182500","9.239255809501245","46.77947697014366",2017,5981,750,3,"50"
441,"2737500","1182500","9.239255809501245","46.77947697014366",2018,5981,750,3,"53"
441,"2737500","1182500","9.239255809501245","46.77947697014366",2019,5981,750,3,"50"
441,"2737500","1182500","9.239255809501245","46.77947697014366",2020,5981,750,3,"48"
441,"2737500","1182500","9.239255809501245","46.77947697014366",2021,5981,750,3,"54"
441,"2737500","1182500","9.239255809501245","46.77947697014366",2022,5981,750,3,"47"
441,"2737500","1182500","9.239255809501245","46.77947697014366",2023,5981,750,3,"53"
441,"2737500","1182500","9.239255809501245","46.77947697014366",2024,5981,750,3,"46"
441,"2737500","1182500","9.239255809501245","46.77947697014366",2025,5981,750,3,"50"
442,"2737500","1190500","9.24166318392412","46.85142092592275",1999,3846,1850,3,"26"
442,"2737500","1190500","9.24166318392412","46.85142092592275",2000,3846,1850,3,"40"
442,"2737500","1190500","9.24166318392412","46.85142092592275",2001,3846,1850,3,"35"
442,"2737500","1190500","9.24166318392412","46.85142092592275",2002,3846,1850,3,"36"
442,"2737500","1190500","9.24166318392412","46.85142092592275",2003,3846,1850,3,"38"
442,"2737500","1190500","9.24166318392412","46.85142092592275",2004,3846,1850,3,"36"
442,"2737500","1190500","9.24166318392412","46.85142092592275",2005,3846,1850,3,"38"
442,"2737500","1190500","9.24166318392412","46.85142092592275",2006,3846,1850,3,"35"
442,"2737500","1190500","9.24166318392412","46.85142092592275",2007,3846,1850,3,"38"
442,"2737500","1190500","9.24166318392412","46.85142092592275",2008,3846,1850,3,"32"
442,"2737500","1190500","9.24166318392412","46.85142092592275",2009,3846,1850,3,"33"
442,"2737500","1190500","9.24166318392412","46.85142092592275",2010,3846,1850,3,"34"
442,"2737500","1190500","9.24166318392412","46.85142092592275",2011,3846,1850,3,"31"
442,"2737500","1190500","9.24166318392412","46.85142092592275",2012,3846,1850,3,"38"
442,"2737500","1190500","9.24166318392412","46.85142092592275",2013,3846,1850,3,"33"
442,"2737500","1190500","9.24166318392412","46.85142092592275",2014,3846,1850,3,"36"
442,"2737500","1190500","9.24166318392412","46.85142092592275",2015,3846,1850,3,"37"
442,"2737500","1190500","9.24166318392412","46.85142092592275",2016,3846,1850,3,"36"
442,"2737500","1190500","9.24166318392412","46.85142092592275",2017,3846,1850,3,"32"
442,"2737500","1190500","9.24166318392412","46.85142092592275",2018,3846,1850,3,"34"
442,"2737500","1190500","9.24166318392412","46.85142092592275",2019,3846,1850,3,"29"
442,"2737500","1190500","9.24166318392412","46.85142092592275",2020,3846,1850,3,"35"
442,"2737500","1190500","9.24166318392412","46.85142092592275",2021,3846,1850,3,"38"
442,"2737500","1190500","9.24166318392412","46.85142092592275",2022,3846,1850,3,"36"
442,"2737500","1190500","9.24166318392412","46.85142092592275",2023,3846,1850,3,"34"
442,"2737500","1190500","9.24166318392412","46.85142092592275",2024,3846,1850,3,"34"
442,"2737500","1190500","9.24166318392412","46.85142092592275",2025,3846,1850,3,"36"
443,"2737500","1214500","9.248924069747787","47.06724740386237",1999,5637,1950,2,"12"
443,"2737500","1214500","9.248924069747787","47.06724740386237",2000,5637,1950,2,"17"
443,"2737500","1214500","9.248924069747787","47.06724740386237",2001,5637,1950,2,"11"
443,"2737500","1214500","9.248924069747787","47.06724740386237",2002,5637,1950,2,"14"
443,"2737500","1214500","9.248924069747787","47.06724740386237",2003,5637,1950,2,"15"
443,"2737500","1214500","9.248924069747787","47.06724740386237",2004,5637,1950,2,"17"
443,"2737500","1214500","9.248924069747787","47.06724740386237",2005,5637,1950,2,"18"
443,"2737500","1214500","9.248924069747787","47.06724740386237",2006,5637,1950,2,"14"
443,"2737500","1214500","9.248924069747787","47.06724740386237",2007,5637,1950,2,"15"
443,"2737500","1214500","9.248924069747787","47.06724740386237",2008,5637,1950,2,"18"
443,"2737500","1214500","9.248924069747787","47.06724740386237",2009,5637,1950,2,"15"
443,"2737500","1214500","9.248924069747787","47.06724740386237",2010,5637,1950,2,"18"
443,"2737500","1214500","9.248924069747787","47.06724740386237",2011,5637,1950,2,"15"
443,"2737500","1214500","9.248924069747787","47.06724740386237",2012,5637,1950,2,"18"
443,"2737500","1214500","9.248924069747787","47.06724740386237",2013,5637,1950,2,"12"
443,"2737500","1214500","9.248924069747787","47.06724740386237",2014,5637,1950,2,"17"
443,"2737500","1214500","9.248924069747787","47.06724740386237",2015,5637,1950,2,"21"
443,"2737500","1214500","9.248924069747787","47.06724740386237",2016,5637,1950,2,"16"
443,"2737500","1214500","9.248924069747787","47.06724740386237",2017,5637,1950,2,"17"
443,"2737500","1214500","9.248924069747787","47.06724740386237",2018,5637,1950,2,"15"
443,"2737500","1214500","9.248924069747787","47.06724740386237",2019,5637,1950,2,"22"
443,"2737500","1214500","9.248924069747787","47.06724740386237",2020,5637,1950,2,"20"
443,"2737500","1214500","9.248924069747787","47.06724740386237",2021,5637,1950,2,"18"
443,"2737500","1214500","9.248924069747787","47.06724740386237",2022,5637,1950,2,"20"
443,"2737500","1214500","9.248924069747787","47.06724740386237",2023,5637,1950,2,"22"
443,"2737500","1214500","9.248924069747787","47.06724740386237",2024,5637,1950,2,"17"
443,"2737500","1214500","9.248924069747787","47.06724740386237",2025,5637,1950,2,"17"
444,"2737500","1246500","9.258696817069959","47.35499923880932",2000,5151,950,3,"36"
444,"2737500","1246500","9.258696817069959","47.35499923880932",2001,5151,950,3,"37"
444,"2737500","1246500","9.258696817069959","47.35499923880932",2003,5151,950,3,"35"
444,"2737500","1246500","9.258696817069959","47.35499923880932",2004,5151,950,3,"38"
444,"2737500","1246500","9.258696817069959","47.35499923880932",2005,5151,950,3,"35"
444,"2737500","1246500","9.258696817069959","47.35499923880932",2006,5151,950,3,"39"
444,"2737500","1246500","9.258696817069959","47.35499923880932",2007,5151,950,3,"38"
444,"2737500","1246500","9.258696817069959","47.35499923880932",2008,5151,950,3,"38"
444,"2737500","1246500","9.258696817069959","47.35499923880932",2009,5151,950,3,"35"
444,"2737500","1246500","9.258696817069959","47.35499923880932",2010,5151,950,3,"36"
444,"2737500","1246500","9.258696817069959","47.35499923880932",2011,5151,950,3,"36"
444,"2737500","1246500","9.258696817069959","47.35499923880932",2012,5151,950,3,"36"
444,"2737500","1246500","9.258696817069959","47.35499923880932",2013,5151,950,3,"36"
444,"2737500","1246500","9.258696817069959","47.35499923880932",2014,5151,950,3,"36"
444,"2737500","1246500","9.258696817069959","47.35499923880932",2015,5151,950,3,"39"
444,"2737500","1246500","9.258696817069959","47.35499923880932",2016,5151,950,3,"40"
444,"2737500","1246500","9.258696817069959","47.35499923880932",2017,5151,950,3,"38"
444,"2737500","1246500","9.258696817069959","47.35499923880932",2018,5151,950,3,"37"
444,"2737500","1246500","9.258696817069959","47.35499923880932",2019,5151,950,3,"39"
444,"2737500","1246500","9.258696817069959","47.35499923880932",2020,5151,950,3,"43"
444,"2737500","1246500","9.258696817069959","47.35499923880932",2021,5151,950,3,"42"
444,"2737500","1246500","9.258696817069959","47.35499923880932",2023,5151,950,3,"46"
444,"2737500","1246500","9.258696817069959","47.35499923880932",2024,5151,950,3,"46"
444,"2737500","1246500","9.258696817069959","47.35499923880932",2025,5151,950,3,"41"
445,"2737500","1262500","9.263622981773233","47.49886591788644",1999,5915,550,3,"31"
445,"2737500","1262500","9.263622981773233","47.49886591788644",2000,5915,550,3,"31"
445,"2737500","1262500","9.263622981773233","47.49886591788644",2001,5915,550,3,"41"
445,"2737500","1262500","9.263622981773233","47.49886591788644",2002,5915,550,3,"48"
445,"2737500","1262500","9.263622981773233","47.49886591788644",2003,5915,550,3,"48"
445,"2737500","1262500","9.263622981773233","47.49886591788644",2004,5915,550,3,"44"
445,"2737500","1262500","9.263622981773233","47.49886591788644",2005,5915,550,3,"42"
445,"2737500","1262500","9.263622981773233","47.49886591788644",2006,5915,550,3,"39"
445,"2737500","1262500","9.263622981773233","47.49886591788644",2007,5915,550,3,"42"
445,"2737500","1262500","9.263622981773233","47.49886591788644",2008,5915,550,3,"41"
445,"2737500","1262500","9.263622981773233","47.49886591788644",2009,5915,550,3,"42"
445,"2737500","1262500","9.263622981773233","47.49886591788644",2010,5915,550,3,"43"
445,"2737500","1262500","9.263622981773233","47.49886591788644",2011,5915,550,3,"43"
445,"2737500","1262500","9.263622981773233","47.49886591788644",2012,5915,550,3,"46"
445,"2737500","1262500","9.263622981773233","47.49886591788644",2013,5915,550,3,"43"
445,"2737500","1262500","9.263622981773233","47.49886591788644",2014,5915,550,3,"40"
445,"2737500","1262500","9.263622981773233","47.49886591788644",2015,5915,550,3,"47"
445,"2737500","1262500","9.263622981773233","47.49886591788644",2016,5915,550,3,"50"
445,"2737500","1262500","9.263622981773233","47.49886591788644",2017,5915,550,3,"43"
445,"2737500","1262500","9.263622981773233","47.49886591788644",2018,5915,550,3,"43"
445,"2737500","1262500","9.263622981773233","47.49886591788644",2019,5915,550,3,"38"
445,"2737500","1262500","9.263622981773233","47.49886591788644",2020,5915,550,3,"44"
445,"2737500","1262500","9.263622981773233","47.49886591788644",2021,5915,550,3,"39"
445,"2737500","1262500","9.263622981773233","47.49886591788644",2022,5915,550,3,"44"
445,"2737500","1262500","9.263622981773233","47.49886591788644",2023,5915,550,3,"41"
445,"2737500","1262500","9.263622981773233","47.49886591788644",2024,5915,550,3,"44"
445,"2737500","1262500","9.263622981773233","47.49886591788644",2025,5915,550,3,"43"
446,"2743500","1158500","9.31030195271029","46.56238058165328",1999,3716,1850,2,"22"
446,"2743500","1158500","9.31030195271029","46.56238058165328",2000,3716,1850,2,"26"
446,"2743500","1158500","9.31030195271029","46.56238058165328",2001,3716,1850,2,"26"
446,"2743500","1158500","9.31030195271029","46.56238058165328",2002,3716,1850,2,"26"
446,"2743500","1158500","9.31030195271029","46.56238058165328",2003,3716,1850,2,"31"
446,"2743500","1158500","9.31030195271029","46.56238058165328",2004,3716,1850,2,"25"
446,"2743500","1158500","9.31030195271029","46.56238058165328",2005,3716,1850,2,"28"
446,"2743500","1158500","9.31030195271029","46.56238058165328",2007,3716,1850,2,"29"
446,"2743500","1158500","9.31030195271029","46.56238058165328",2008,3716,1850,2,"33"
446,"2743500","1158500","9.31030195271029","46.56238058165328",2009,3716,1850,2,"24"
446,"2743500","1158500","9.31030195271029","46.56238058165328",2010,3716,1850,2,"24"
446,"2743500","1158500","9.31030195271029","46.56238058165328",2011,3716,1850,2,"29"
446,"2743500","1158500","9.31030195271029","46.56238058165328",2012,3716,1850,2,"30"
446,"2743500","1158500","9.31030195271029","46.56238058165328",2013,3716,1850,2,"28"
446,"2743500","1158500","9.31030195271029","46.56238058165328",2014,3716,1850,2,"30"
446,"2743500","1158500","9.31030195271029","46.56238058165328",2015,3716,1850,2,"34"
446,"2743500","1158500","9.31030195271029","46.56238058165328",2016,3716,1850,2,"29"
446,"2743500","1158500","9.31030195271029","46.56238058165328",2017,3716,1850,2,"30"
446,"2743500","1158500","9.31030195271029","46.56238058165328",2018,3716,1850,2,"26"
446,"2743500","1158500","9.31030195271029","46.56238058165328",2019,3716,1850,2,"27"
446,"2743500","1158500","9.31030195271029","46.56238058165328",2020,3716,1850,2,"32"
446,"2743500","1158500","9.31030195271029","46.56238058165328",2021,3716,1850,2,"35"
446,"2743500","1158500","9.31030195271029","46.56238058165328",2022,3716,1850,2,"30"
446,"2743500","1158500","9.31030195271029","46.56238058165328",2023,3716,1850,2,"33"
446,"2743500","1158500","9.31030195271029","46.56238058165328",2024,3716,1850,2,"35"
446,"2743500","1158500","9.31030195271029","46.56238058165328",2025,3716,1850,2,"33"
447,"2743500","1174500","9.315293310632173","46.70626825870918",1999,3728,1650,3,"30"
447,"2743500","1174500","9.315293310632173","46.70626825870918",2000,3728,1650,3,"42"
447,"2743500","1174500","9.315293310632173","46.70626825870918",2001,3728,1650,3,"37"
447,"2743500","1174500","9.315293310632173","46.70626825870918",2002,3728,1650,3,"36"
447,"2743500","1174500","9.315293310632173","46.70626825870918",2003,3728,1650,3,"36"
447,"2743500","1174500","9.315293310632173","46.70626825870918",2004,3728,1650,3,"39"
447,"2743500","1174500","9.315293310632173","46.70626825870918",2005,3728,1650,3,"35"
447,"2743500","1174500","9.315293310632173","46.70626825870918",2006,3728,1650,3,"39"
447,"2743500","1174500","9.315293310632173","46.70626825870918",2007,3728,1650,3,"34"
447,"2743500","1174500","9.315293310632173","46.70626825870918",2008,3728,1650,3,"38"
447,"2743500","1174500","9.315293310632173","46.70626825870918",2009,3728,1650,3,"33"
447,"2743500","1174500","9.315293310632173","46.70626825870918",2010,3728,1650,3,"41"
447,"2743500","1174500","9.315293310632173","46.70626825870918",2011,3728,1650,3,"39"
447,"2743500","1174500","9.315293310632173","46.70626825870918",2012,3728,1650,3,"33"
447,"2743500","1174500","9.315293310632173","46.70626825870918",2013,3728,1650,3,"41"
447,"2743500","1174500","9.315293310632173","46.70626825870918",2014,3728,1650,3,"46"
447,"2743500","1174500","9.315293310632173","46.70626825870918",2015,3728,1650,3,"44"
447,"2743500","1174500","9.315293310632173","46.70626825870918",2016,3728,1650,3,"50"
447,"2743500","1174500","9.315293310632173","46.70626825870918",2017,3728,1650,3,"46"
447,"2743500","1174500","9.315293310632173","46.70626825870918",2018,3728,1650,3,"45"
447,"2743500","1174500","9.315293310632173","46.70626825870918",2019,3728,1650,3,"43"
447,"2743500","1174500","9.315293310632173","46.70626825870918",2020,3728,1650,3,"36"
447,"2743500","1174500","9.315293310632173","46.70626825870918",2021,3728,1650,3,"36"
447,"2743500","1174500","9.315293310632173","46.70626825870918",2022,3728,1650,3,"42"
447,"2743500","1174500","9.315293310632173","46.70626825870918",2023,3728,1650,3,"42"
447,"2743500","1174500","9.315293310632173","46.70626825870918",2024,3728,1650,3,"41"
447,"2743500","1174500","9.315293310632173","46.70626825870918",2025,3728,1650,3,"42"
448,"2743500","1190500","9.320311307285978","46.850153533145615",1999,4942,1350,3,"40"
448,"2743500","1190500","9.320311307285978","46.850153533145615",2000,4942,1350,3,"40"
448,"2743500","1190500","9.320311307285978","46.850153533145615",2001,4942,1350,3,"36"
448,"2743500","1190500","9.320311307285978","46.850153533145615",2002,4942,1350,3,"37"
448,"2743500","1190500","9.320311307285978","46.850153533145615",2003,4942,1350,3,"37"
448,"2743500","1190500","9.320311307285978","46.850153533145615",2004,4942,1350,3,"43"
448,"2743500","1190500","9.320311307285978","46.850153533145615",2005,4942,1350,3,"42"
448,"2743500","1190500","9.320311307285978","46.850153533145615",2006,4942,1350,3,"40"
448,"2743500","1190500","9.320311307285978","46.850153533145615",2007,4942,1350,3,"43"
448,"2743500","1190500","9.320311307285978","46.850153533145615",2008,4942,1350,3,"49"
448,"2743500","1190500","9.320311307285978","46.850153533145615",2009,4942,1350,3,"44"
448,"2743500","1190500","9.320311307285978","46.850153533145615",2010,4942,1350,3,"46"
448,"2743500","1190500","9.320311307285978","46.850153533145615",2011,4942,1350,3,"45"
448,"2743500","1190500","9.320311307285978","46.850153533145615",2012,4942,1350,3,"43"
448,"2743500","1190500","9.320311307285978","46.850153533145615",2013,4942,1350,3,"41"
448,"2743500","1190500","9.320311307285978","46.850153533145615",2014,4942,1350,3,"47"
448,"2743500","1190500","9.320311307285978","46.850153533145615",2015,4942,1350,3,"51"
448,"2743500","1190500","9.320311307285978","46.850153533145615",2016,4942,1350,3,"39"
448,"2743500","1190500","9.320311307285978","46.850153533145615",2017,4942,1350,3,"46"
448,"2743500","1190500","9.320311307285978","46.850153533145615",2018,4942,1350,3,"40"
448,"2743500","1190500","9.320311307285978","46.850153533145615",2019,4942,1350,3,"41"
448,"2743500","1190500","9.320311307285978","46.850153533145615",2020,4942,1350,3,"51"
448,"2743500","1190500","9.320311307285978","46.850153533145615",2021,4942,1350,3,"44"
448,"2743500","1190500","9.320311307285978","46.850153533145615",2022,4942,1350,3,"46"
448,"2743500","1190500","9.320311307285978","46.850153533145615",2023,4942,1350,3,"45"
448,"2743500","1190500","9.320311307285978","46.850153533145615",2024,4942,1350,3,"47"
448,"2743500","1190500","9.320311307285978","46.850153533145615",2025,4942,1350,3,"48"
449,"2743500","1206500","9.325356188292803","46.99403549870207",1999,4698,1350,3,"35"
449,"2743500","1206500","9.325356188292803","46.99403549870207",2000,4698,1350,3,"38"
449,"2743500","1206500","9.325356188292803","46.99403549870207",2001,4698,1350,3,"34"
449,"2743500","1206500","9.325356188292803","46.99403549870207",2002,4698,1350,3,"38"
449,"2743500","1206500","9.325356188292803","46.99403549870207",2003,4698,1350,3,"37"
449,"2743500","1206500","9.325356188292803","46.99403549870207",2004,4698,1350,3,"37"
449,"2743500","1206500","9.325356188292803","46.99403549870207",2005,4698,1350,3,"35"
449,"2743500","1206500","9.325356188292803","46.99403549870207",2006,4698,1350,3,"35"
449,"2743500","1206500","9.325356188292803","46.99403549870207",2007,4698,1350,3,"30"
449,"2743500","1206500","9.325356188292803","46.99403549870207",2008,4698,1350,3,"39"
449,"2743500","1206500","9.325356188292803","46.99403549870207",2009,4698,1350,3,"29"
449,"2743500","1206500","9.325356188292803","46.99403549870207",2010,4698,1350,3,"38"
449,"2743500","1206500","9.325356188292803","46.99403549870207",2011,4698,1350,3,"32"
449,"2743500","1206500","9.325356188292803","46.99403549870207",2012,4698,1350,3,"34"
449,"2743500","1206500","9.325356188292803","46.99403549870207",2013,4698,1350,3,"30"
449,"2743500","1206500","9.325356188292803","46.99403549870207",2014,4698,1350,3,"42"
449,"2743500","1206500","9.325356188292803","46.99403549870207",2015,4698,1350,3,"42"
449,"2743500","1206500","9.325356188292803","46.99403549870207",2016,4698,1350,3,"42"
449,"2743500","1206500","9.325356188292803","46.99403549870207",2017,4698,1350,3,"38"
449,"2743500","1206500","9.325356188292803","46.99403549870207",2018,4698,1350,3,"39"
449,"2743500","1206500","9.325356188292803","46.99403549870207",2019,4698,1350,3,"42"
449,"2743500","1206500","9.325356188292803","46.99403549870207",2020,4698,1350,3,"41"
449,"2743500","1206500","9.325356188292803","46.99403549870207",2021,4698,1350,3,"41"
449,"2743500","1206500","9.325356188292803","46.99403549870207",2022,4698,1350,3,"36"
449,"2743500","1206500","9.325356188292803","46.99403549870207",2023,4698,1350,3,"37"
449,"2743500","1206500","9.325356188292803","46.99403549870207",2024,4698,1350,3,"42"
449,"2743500","1206500","9.325356188292803","46.99403549870207",2025,4698,1350,3,"39"
450,"2743500","1238500","9.335527600786811","47.28178587901985",1999,3621,1250,3,"37"
450,"2743500","1238500","9.335527600786811","47.28178587901985",2000,3621,1250,3,"33"
450,"2743500","1238500","9.335527600786811","47.28178587901985",2001,3621,1250,3,"33"
450,"2743500","1238500","9.335527600786811","47.28178587901985",2002,3621,1250,3,"43"
450,"2743500","1238500","9.335527600786811","47.28178587901985",2003,3621,1250,3,"35"
450,"2743500","1238500","9.335527600786811","47.28178587901985",2004,3621,1250,3,"39"
450,"2743500","1238500","9.335527600786811","47.28178587901985",2005,3621,1250,3,"45"
450,"2743500","1238500","9.335527600786811","47.28178587901985",2006,3621,1250,3,"38"
450,"2743500","1238500","9.335527600786811","47.28178587901985",2007,3621,1250,3,"48"
450,"2743500","1238500","9.335527600786811","47.28178587901985",2008,3621,1250,3,"44"
450,"2743500","1238500","9.335527600786811","47.28178587901985",2009,3621,1250,3,"40"
450,"2743500","1238500","9.335527600786811","47.28178587901985",2010,3621,1250,3,"42"
450,"2743500","1238500","9.335527600786811","47.28178587901985",2011,3621,1250,3,"41"
450,"2743500","1238500","9.335527600786811","47.28178587901985",2012,3621,1250,3,"42"
450,"2743500","1238500","9.335527600786811","47.28178587901985",2013,3621,1250,3,"45"
450,"2743500","1238500","9.335527600786811","47.28178587901985",2014,3621,1250,3,"43"
450,"2743500","1238500","9.335527600786811","47.28178587901985",2015,3621,1250,3,"43"
450,"2743500","1238500","9.335527600786811","47.28178587901985",2017,3621,1250,3,"41"
450,"2743500","1238500","9.335527600786811","47.28178587901985",2018,3621,1250,3,"40"
450,"2743500","1238500","9.335527600786811","47.28178587901985",2019,3621,1250,3,"40"
450,"2743500","1238500","9.335527600786811","47.28178587901985",2020,3621,1250,3,"43"
450,"2743500","1238500","9.335527600786811","47.28178587901985",2021,3621,1250,3,"48"
450,"2743500","1238500","9.335527600786811","47.28178587901985",2022,3621,1250,3,"43"
450,"2743500","1238500","9.335527600786811","47.28178587901985",2023,3621,1250,3,"48"
450,"2743500","1238500","9.335527600786811","47.28178587901985",2024,3621,1250,3,"44"
450,"2743500","1238500","9.335527600786811","47.28178587901985",2025,3621,1250,3,"44"
451,"2749500","1166500","9.39112464061918","46.63300838742704",1999,3658,1850,3,"35"
451,"2749500","1166500","9.39112464061918","46.63300838742704",2000,3658,1850,3,"42"
451,"2749500","1166500","9.39112464061918","46.63300838742704",2001,3658,1850,3,"37"
451,"2749500","1166500","9.39112464061918","46.63300838742704",2002,3658,1850,3,"34"
451,"2749500","1166500","9.39112464061918","46.63300838742704",2003,3658,1850,3,"33"
451,"2749500","1166500","9.39112464061918","46.63300838742704",2004,3658,1850,3,"35"
451,"2749500","1166500","9.39112464061918","46.63300838742704",2005,3658,1850,3,"31"
451,"2749500","1166500","9.39112464061918","46.63300838742704",2007,3658,1850,3,"32"
451,"2749500","1166500","9.39112464061918","46.63300838742704",2008,3658,1850,3,"32"
451,"2749500","1166500","9.39112464061918","46.63300838742704",2009,3658,1850,3,"32"
451,"2749500","1166500","9.39112464061918","46.63300838742704",2010,3658,1850,3,"33"
451,"2749500","1166500","9.39112464061918","46.63300838742704",2011,3658,1850,3,"36"
451,"2749500","1166500","9.39112464061918","46.63300838742704",2012,3658,1850,3,"33"
451,"2749500","1166500","9.39112464061918","46.63300838742704",2013,3658,1850,3,"33"
451,"2749500","1166500","9.39112464061918","46.63300838742704",2014,3658,1850,3,"44"
451,"2749500","1166500","9.39112464061918","46.63300838742704",2015,3658,1850,3,"41"
451,"2749500","1166500","9.39112464061918","46.63300838742704",2016,3658,1850,3,"45"
451,"2749500","1166500","9.39112464061918","46.63300838742704",2017,3658,1850,3,"41"
451,"2749500","1166500","9.39112464061918","46.63300838742704",2018,3658,1850,3,"43"
451,"2749500","1166500","9.39112464061918","46.63300838742704",2019,3658,1850,3,"42"
451,"2749500","1166500","9.39112464061918","46.63300838742704",2020,3658,1850,3,"42"
451,"2749500","1166500","9.39112464061918","46.63300838742704",2021,3658,1850,3,"44"
451,"2749500","1166500","9.39112464061918","46.63300838742704",2022,3658,1850,3,"41"
451,"2749500","1166500","9.39112464061918","46.63300838742704",2023,3658,1850,3,"44"
451,"2749500","1166500","9.39112464061918","46.63300838742704",2024,3658,1850,3,"41"
451,"2749500","1166500","9.39112464061918","46.63300838742704",2025,3658,1850,3,"46"
452,"2749500","1182500","9.396338354915665","46.77689149644563",1999,5222,1150,3,"25"
452,"2749500","1182500","9.396338354915665","46.77689149644563",2000,5222,1150,3,"29"
452,"2749500","1182500","9.396338354915665","46.77689149644563",2001,5222,1150,3,"28"
452,"2749500","1182500","9.396338354915665","46.77689149644563",2002,5222,1150,3,"29"
452,"2749500","1182500","9.396338354915665","46.77689149644563",2003,5222,1150,3,"26"
452,"2749500","1182500","9.396338354915665","46.77689149644563",2004,5222,1150,3,"29"
452,"2749500","1182500","9.396338354915665","46.77689149644563",2005,5222,1150,3,"32"
452,"2749500","1182500","9.396338354915665","46.77689149644563",2006,5222,1150,3,"27"
452,"2749500","1182500","9.396338354915665","46.77689149644563",2007,5222,1150,3,"30"
452,"2749500","1182500","9.396338354915665","46.77689149644563",2008,5222,1150,3,"34"
452,"2749500","1182500","9.396338354915665","46.77689149644563",2009,5222,1150,3,"30"
452,"2749500","1182500","9.396338354915665","46.77689149644563",2010,5222,1150,3,"33"
452,"2749500","1182500","9.396338354915665","46.77689149644563",2011,5222,1150,3,"28"
452,"2749500","1182500","9.396338354915665","46.77689149644563",2012,5222,1150,3,"30"
452,"2749500","1182500","9.396338354915665","46.77689149644563",2013,5222,1150,3,"28"
452,"2749500","1182500","9.396338354915665","46.77689149644563",2014,5222,1150,3,"28"
452,"2749500","1182500","9.396338354915665","46.77689149644563",2015,5222,1150,3,"31"
452,"2749500","1182500","9.396338354915665","46.77689149644563",2016,5222,1150,3,"30"
452,"2749500","1182500","9.396338354915665","46.77689149644563",2017,5222,1150,3,"30"
452,"2749500","1182500","9.396338354915665","46.77689149644563",2018,5222,1150,3,"26"
452,"2749500","1182500","9.396338354915665","46.77689149644563",2019,5222,1150,3,"30"
452,"2749500","1182500","9.396338354915665","46.77689149644563",2020,5222,1150,3,"28"
452,"2749500","1182500","9.396338354915665","46.77689149644563",2021,5222,1150,3,"29"
452,"2749500","1182500","9.396338354915665","46.77689149644563",2022,5222,1150,3,"24"
452,"2749500","1182500","9.396338354915665","46.77689149644563",2023,5222,1150,3,"35"
452,"2749500","1182500","9.396338354915665","46.77689149644563",2024,5222,1150,3,"35"
452,"2749500","1182500","9.396338354915665","46.77689149644563",2025,5222,1150,3,"36"
453,"2749500","1214500","9.406849673075792","47.064648184970295",1999,6000,450,3,"32"
453,"2749500","1214500","9.406849673075792","47.064648184970295",2000,6000,450,3,"40"
453,"2749500","1214500","9.406849673075792","47.064648184970295",2001,6000,450,3,"48"
453,"2749500","1214500","9.406849673075792","47.064648184970295",2002,6000,450,3,"41"
453,"2749500","1214500","9.406849673075792","47.064648184970295",2003,6000,450,3,"42"
453,"2749500","1214500","9.406849673075792","47.064648184970295",2004,6000,450,3,"39"
453,"2749500","1214500","9.406849673075792","47.064648184970295",2005,6000,450,3,"44"
453,"2749500","1214500","9.406849673075792","47.064648184970295",2006,6000,450,3,"35"
453,"2749500","1214500","9.406849673075792","47.064648184970295",2007,6000,450,3,"36"
453,"2749500","1214500","9.406849673075792","47.064648184970295",2008,6000,450,3,"37"
453,"2749500","1214500","9.406849673075792","47.064648184970295",2009,6000,450,3,"27"
453,"2749500","1214500","9.406849673075792","47.064648184970295",2010,6000,450,3,"37"
453,"2749500","1214500","9.406849673075792","47.064648184970295",2011,6000,450,3,"35"
453,"2749500","1214500","9.406849673075792","47.064648184970295",2012,6000,450,3,"38"
453,"2749500","1214500","9.406849673075792","47.064648184970295",2013,6000,450,3,"43"
453,"2749500","1214500","9.406849673075792","47.064648184970295",2014,6000,450,3,"41"
453,"2749500","1214500","9.406849673075792","47.064648184970295",2015,6000,450,3,"38"
453,"2749500","1214500","9.406849673075792","47.064648184970295",2017,6000,450,3,"47"
453,"2749500","1214500","9.406849673075792","47.064648184970295",2018,6000,450,3,"46"
453,"2749500","1214500","9.406849673075792","47.064648184970295",2019,6000,450,3,"42"
453,"2749500","1214500","9.406849673075792","47.064648184970295",2020,6000,450,3,"44"
453,"2749500","1214500","9.406849673075792","47.064648184970295",2021,6000,450,3,"47"
453,"2749500","1214500","9.406849673075792","47.064648184970295",2022,6000,450,3,"46"
453,"2749500","1214500","9.406849673075792","47.064648184970295",2023,6000,450,3,"49"
453,"2749500","1214500","9.406849673075792","47.064648184970295",2024,6000,450,3,"47"
453,"2749500","1214500","9.406849673075792","47.064648184970295",2025,6000,450,3,"48"
454,"2749500","1222500","9.409495168143033","47.13658471095454",1999,5638,1950,2,"9"
454,"2749500","1222500","9.409495168143033","47.13658471095454",2000,5638,1950,2,"9"
454,"2749500","1222500","9.409495168143033","47.13658471095454",2001,5638,1950,2,"9"
454,"2749500","1222500","9.409495168143033","47.13658471095454",2002,5638,1950,2,"10"
454,"2749500","1222500","9.409495168143033","47.13658471095454",2003,5638,1950,2,"16"
454,"2749500","1222500","9.409495168143033","47.13658471095454",2004,5638,1950,2,"14"
454,"2749500","1222500","9.409495168143033","47.13658471095454",2005,5638,1950,2,"14"
454,"2749500","1222500","9.409495168143033","47.13658471095454",2006,5638,1950,2,"18"
454,"2749500","1222500","9.409495168143033","47.13658471095454",2007,5638,1950,2,"16"
454,"2749500","1222500","9.409495168143033","47.13658471095454",2008,5638,1950,2,"16"
454,"2749500","1222500","9.409495168143033","47.13658471095454",2009,5638,1950,2,"16"
454,"2749500","1222500","9.409495168143033","47.13658471095454",2010,5638,1950,2,"18"
454,"2749500","1222500","9.409495168143033","47.13658471095454",2011,5638,1950,2,"17"
454,"2749500","1222500","9.409495168143033","47.13658471095454",2012,5638,1950,2,"19"
454,"2749500","1222500","9.409495168143033","47.13658471095454",2013,5638,1950,2,"18"
454,"2749500","1222500","9.409495168143033","47.13658471095454",2014,5638,1950,2,"19"
454,"2749500","1222500","9.409495168143033","47.13658471095454",2015,5638,1950,2,"18"
454,"2749500","1222500","9.409495168143033","47.13658471095454",2016,5638,1950,2,"17"
454,"2749500","1222500","9.409495168143033","47.13658471095454",2017,5638,1950,2,"17"
454,"2749500","1222500","9.409495168143033","47.13658471095454",2018,5638,1950,2,"17"
454,"2749500","1222500","9.409495168143033","47.13658471095454",2019,5638,1950,2,"20"
454,"2749500","1222500","9.409495168143033","47.13658471095454",2020,5638,1950,2,"14"
454,"2749500","1222500","9.409495168143033","47.13658471095454",2021,5638,1950,2,"23"
454,"2749500","1222500","9.409495168143033","47.13658471095454",2022,5638,1950,2,"26"
454,"2749500","1222500","9.409495168143033","47.13658471095454",2023,5638,1950,2,"26"
454,"2749500","1222500","9.409495168143033","47.13658471095454",2024,5638,1950,2,"23"
454,"2749500","1222500","9.409495168143033","47.13658471095454",2025,5638,1950,2,"20"
455,"2749500","1230500","9.412147794846257","47.20851995195713",1999,4271,1050,3,"36"
455,"2749500","1230500","9.412147794846257","47.20851995195713",2000,4271,1050,3,"39"
455,"2749500","1230500","9.412147794846257","47.20851995195713",2001,4271,1050,3,"36"
455,"2749500","1230500","9.412147794846257","47.20851995195713",2002,4271,1050,3,"41"
455,"2749500","1230500","9.412147794846257","47.20851995195713",2003,4271,1050,3,"36"
455,"2749500","1230500","9.412147794846257","47.20851995195713",2004,4271,1050,3,"39"
455,"2749500","1230500","9.412147794846257","47.20851995195713",2005,4271,1050,3,"39"
455,"2749500","1230500","9.412147794846257","47.20851995195713",2006,4271,1050,3,"36"
455,"2749500","1230500","9.412147794846257","47.20851995195713",2007,4271,1050,3,"36"
455,"2749500","1230500","9.412147794846257","47.20851995195713",2008,4271,1050,3,"34"
455,"2749500","1230500","9.412147794846257","47.20851995195713",2009,4271,1050,3,"36"
455,"2749500","1230500","9.412147794846257","47.20851995195713",2010,4271,1050,3,"37"
455,"2749500","1230500","9.412147794846257","47.20851995195713",2011,4271,1050,3,"36"
455,"2749500","1230500","9.412147794846257","47.20851995195713",2012,4271,1050,3,"33"
455,"2749500","1230500","9.412147794846257","47.20851995195713",2013,4271,1050,3,"37"
455,"2749500","1230500","9.412147794846257","47.20851995195713",2014,4271,1050,3,"38"
455,"2749500","1230500","9.412147794846257","47.20851995195713",2015,4271,1050,3,"33"
455,"2749500","1230500","9.412147794846257","47.20851995195713",2016,4271,1050,3,"38"
455,"2749500","1230500","9.412147794846257","47.20851995195713",2017,4271,1050,3,"41"
455,"2749500","1230500","9.412147794846257","47.20851995195713",2018,4271,1050,3,"35"
455,"2749500","1230500","9.412147794846257","47.20851995195713",2019,4271,1050,3,"37"
455,"2749500","1230500","9.412147794846257","47.20851995195713",2020,4271,1050,3,"31"
455,"2749500","1230500","9.412147794846257","47.20851995195713",2021,4271,1050,3,"41"
455,"2749500","1230500","9.412147794846257","47.20851995195713",2022,4271,1050,3,"41"
455,"2749500","1230500","9.412147794846257","47.20851995195713",2023,4271,1050,3,"38"
455,"2749500","1230500","9.412147794846257","47.20851995195713",2024,4271,1050,3,"39"
455,"2749500","1230500","9.412147794846257","47.20851995195713",2025,4271,1050,3,"43"
456,"2749500","1262500","9.422830282258891","47.49624580162807",1999,5465,450,3,"45"
456,"2749500","1262500","9.422830282258891","47.49624580162807",2000,5465,450,3,"45"
456,"2749500","1262500","9.422830282258891","47.49624580162807",2001,5465,450,3,"41"
456,"2749500","1262500","9.422830282258891","47.49624580162807",2002,5465,450,3,"40"
456,"2749500","1262500","9.422830282258891","47.49624580162807",2003,5465,450,3,"42"
456,"2749500","1262500","9.422830282258891","47.49624580162807",2004,5465,450,3,"39"
456,"2749500","1262500","9.422830282258891","47.49624580162807",2005,5465,450,3,"40"
456,"2749500","1262500","9.422830282258891","47.49624580162807",2006,5465,450,3,"39"
456,"2749500","1262500","9.422830282258891","47.49624580162807",2007,5465,450,3,"37"
456,"2749500","1262500","9.422830282258891","47.49624580162807",2008,5465,450,3,"38"
456,"2749500","1262500","9.422830282258891","47.49624580162807",2009,5465,450,3,"41"
456,"2749500","1262500","9.422830282258891","47.49624580162807",2010,5465,450,3,"37"
456,"2749500","1262500","9.422830282258891","47.49624580162807",2011,5465,450,3,"37"
456,"2749500","1262500","9.422830282258891","47.49624580162807",2012,5465,450,3,"35"
456,"2749500","1262500","9.422830282258891","47.49624580162807",2013,5465,450,3,"30"
456,"2749500","1262500","9.422830282258891","47.49624580162807",2014,5465,450,3,"41"
456,"2749500","1262500","9.422830282258891","47.49624580162807",2015,5465,450,3,"37"
456,"2749500","1262500","9.422830282258891","47.49624580162807",2016,5465,450,3,"43"
456,"2749500","1262500","9.422830282258891","47.49624580162807",2017,5465,450,3,"40"
456,"2749500","1262500","9.422830282258891","47.49624580162807",2018,5465,450,3,"36"
456,"2749500","1262500","9.422830282258891","47.49624580162807",2019,5465,450,3,"40"
456,"2749500","1262500","9.422830282258891","47.49624580162807",2020,5465,450,3,"39"
456,"2749500","1262500","9.422830282258891","47.49624580162807",2021,5465,450,3,"40"
456,"2749500","1262500","9.422830282258891","47.49624580162807",2022,5465,450,3,"40"
456,"2749500","1262500","9.422830282258891","47.49624580162807",2023,5465,450,3,"34"
456,"2749500","1262500","9.422830282258891","47.49624580162807",2024,5465,450,3,"42"
456,"2749500","1262500","9.422830282258891","47.49624580162807",2025,5465,450,3,"39"
457,"2755500","1150500","9.464057062361908","46.48775674535876",2000,3958,2050,3,"36"
457,"2755500","1150500","9.464057062361908","46.48775674535876",2001,3958,2050,3,"28"
457,"2755500","1150500","9.464057062361908","46.48775674535876",2002,3958,2050,3,"29"
457,"2755500","1150500","9.464057062361908","46.48775674535876",2003,3958,2050,3,"29"
457,"2755500","1150500","9.464057062361908","46.48775674535876",2004,3958,2050,3,"27"
457,"2755500","1150500","9.464057062361908","46.48775674535876",2005,3958,2050,3,"29"
457,"2755500","1150500","9.464057062361908","46.48775674535876",2006,3958,2050,3,"31"
457,"2755500","1150500","9.464057062361908","46.48775674535876",2007,3958,2050,3,"34"
457,"2755500","1150500","9.464057062361908","46.48775674535876",2008,3958,2050,3,"35"
457,"2755500","1150500","9.464057062361908","46.48775674535876",2009,3958,2050,3,"34"
457,"2755500","1150500","9.464057062361908","46.48775674535876",2010,3958,2050,3,"30"
457,"2755500","1150500","9.464057062361908","46.48775674535876",2011,3958,2050,3,"30"
457,"2755500","1150500","9.464057062361908","46.48775674535876",2012,3958,2050,3,"29"
457,"2755500","1150500","9.464057062361908","46.48775674535876",2013,3958,2050,3,"25"
457,"2755500","1150500","9.464057062361908","46.48775674535876",2014,3958,2050,3,"29"
457,"2755500","1150500","9.464057062361908","46.48775674535876",2015,3958,2050,3,"31"
457,"2755500","1150500","9.464057062361908","46.48775674535876",2016,3958,2050,3,"31"
457,"2755500","1150500","9.464057062361908","46.48775674535876",2017,3958,2050,3,"31"
457,"2755500","1150500","9.464057062361908","46.48775674535876",2018,3958,2050,3,"31"
457,"2755500","1150500","9.464057062361908","46.48775674535876",2019,3958,2050,3,"30"
457,"2755500","1150500","9.464057062361908","46.48775674535876",2020,3958,2050,3,"38"
457,"2755500","1150500","9.464057062361908","46.48775674535876",2021,3958,2050,3,"42"
457,"2755500","1150500","9.464057062361908","46.48775674535876",2022,3958,2050,3,"34"
457,"2755500","1150500","9.464057062361908","46.48775674535876",2023,3958,2050,3,"36"
457,"2755500","1150500","9.464057062361908","46.48775674535876",2024,3958,2050,3,"32"
457,"2755500","1150500","9.464057062361908","46.48775674535876",2025,3958,2050,3,"41"
458,"2755500","1166500","9.469451079713492","46.63163821915248",1999,4644,1850,3,"26"
458,"2755500","1166500","9.469451079713492","46.63163821915248",2000,4644,1850,3,"31"
458,"2755500","1166500","9.469451079713492","46.63163821915248",2001,4644,1850,3,"27"
458,"2755500","1166500","9.469451079713492","46.63163821915248",2002,4644,1850,3,"31"
458,"2755500","1166500","9.469451079713492","46.63163821915248",2003,4644,1850,3,"32"
458,"2755500","1166500","9.469451079713492","46.63163821915248",2004,4644,1850,3,"36"
458,"2755500","1166500","9.469451079713492","46.63163821915248",2005,4644,1850,3,"32"
458,"2755500","1166500","9.469451079713492","46.63163821915248",2006,4644,1850,3,"33"
458,"2755500","1166500","9.469451079713492","46.63163821915248",2007,4644,1850,3,"24"
458,"2755500","1166500","9.469451079713492","46.63163821915248",2008,4644,1850,3,"30"
458,"2755500","1166500","9.469451079713492","46.63163821915248",2009,4644,1850,3,"35"
458,"2755500","1166500","9.469451079713492","46.63163821915248",2010,4644,1850,3,"35"
458,"2755500","1166500","9.469451079713492","46.63163821915248",2011,4644,1850,3,"33"
458,"2755500","1166500","9.469451079713492","46.63163821915248",2012,4644,1850,3,"33"
458,"2755500","1166500","9.469451079713492","46.63163821915248",2013,4644,1850,3,"32"
458,"2755500","1166500","9.469451079713492","46.63163821915248",2014,4644,1850,3,"37"
458,"2755500","1166500","9.469451079713492","46.63163821915248",2015,4644,1850,3,"36"
458,"2755500","1166500","9.469451079713492","46.63163821915248",2016,4644,1850,3,"37"
458,"2755500","1166500","9.469451079713492","46.63163821915248",2017,4644,1850,3,"34"
458,"2755500","1166500","9.469451079713492","46.63163821915248",2018,4644,1850,3,"35"
458,"2755500","1166500","9.469451079713492","46.63163821915248",2019,4644,1850,3,"35"
458,"2755500","1166500","9.469451079713492","46.63163821915248",2020,4644,1850,3,"33"
458,"2755500","1166500","9.469451079713492","46.63163821915248",2021,4644,1850,3,"31"
458,"2755500","1166500","9.469451079713492","46.63163821915248",2022,4644,1850,3,"35"
458,"2755500","1166500","9.469451079713492","46.63163821915248",2023,4644,1850,3,"44"
458,"2755500","1166500","9.469451079713492","46.63163821915248",2024,4644,1850,3,"35"
458,"2755500","1166500","9.469451079713492","46.63163821915248",2025,4644,1850,3,"34"
459,"2755500","1206500","9.483062390596906","46.99133122683863",1999,5180,950,3,"34"
459,"2755500","1206500","9.483062390596906","46.99133122683863",2000,5180,950,3,"36"
459,"2755500","1206500","9.483062390596906","46.99133122683863",2001,5180,950,3,"38"
459,"2755500","1206500","9.483062390596906","46.99133122683863",2002,5180,950,3,"35"
459,"2755500","1206500","9.483062390596906","46.99133122683863",2003,5180,950,3,"35"
459,"2755500","1206500","9.483062390596906","46.99133122683863",2004,5180,950,3,"35"
459,"2755500","1206500","9.483062390596906","46.99133122683863",2005,5180,950,3,"39"
459,"2755500","1206500","9.483062390596906","46.99133122683863",2006,5180,950,3,"36"
459,"2755500","1206500","9.483062390596906","46.99133122683863",2007,5180,950,3,"33"
459,"2755500","1206500","9.483062390596906","46.99133122683863",2008,5180,950,3,"33"
459,"2755500","1206500","9.483062390596906","46.99133122683863",2009,5180,950,3,"30"
459,"2755500","1206500","9.483062390596906","46.99133122683863",2010,5180,950,3,"32"
459,"2755500","1206500","9.483062390596906","46.99133122683863",2011,5180,950,3,"29"
459,"2755500","1206500","9.483062390596906","46.99133122683863",2012,5180,950,3,"31"
459,"2755500","1206500","9.483062390596906","46.99133122683863",2013,5180,950,3,"28"
459,"2755500","1206500","9.483062390596906","46.99133122683863",2014,5180,950,3,"31"
459,"2755500","1206500","9.483062390596906","46.99133122683863",2015,5180,950,3,"31"
459,"2755500","1206500","9.483062390596906","46.99133122683863",2016,5180,950,3,"35"
459,"2755500","1206500","9.483062390596906","46.99133122683863",2017,5180,950,3,"31"
459,"2755500","1206500","9.483062390596906","46.99133122683863",2018,5180,950,3,"29"
459,"2755500","1206500","9.483062390596906","46.99133122683863",2019,5180,950,3,"30"
459,"2755500","1206500","9.483062390596906","46.99133122683863",2020,5180,950,3,"44"
459,"2755500","1206500","9.483062390596906","46.99133122683863",2021,5180,950,3,"44"
459,"2755500","1206500","9.483062390596906","46.99133122683863",2022,5180,950,3,"40"
459,"2755500","1206500","9.483062390596906","46.99133122683863",2023,5180,950,3,"43"
459,"2755500","1206500","9.483062390596906","46.99133122683863",2024,5180,950,3,"39"
459,"2755500","1206500","9.483062390596906","46.99133122683863",2025,5180,950,3,"42"
460,"2755500","1222500","9.48855812249952","47.135201779455016",1999,8232,450,3,"20"
460,"2755500","1222500","9.48855812249952","47.135201779455016",2000,8232,450,3,"23"
460,"2755500","1222500","9.48855812249952","47.135201779455016",2001,8232,450,3,"21"
460,"2755500","1222500","9.48855812249952","47.135201779455016",2002,8232,450,3,"18"
460,"2755500","1222500","9.48855812249952","47.135201779455016",2003,8232,450,3,"21"
460,"2755500","1222500","9.48855812249952","47.135201779455016",2004,8232,450,3,"19"
460,"2755500","1222500","9.48855812249952","47.135201779455016",2005,8232,450,3,"22"
460,"2755500","1222500","9.48855812249952","47.135201779455016",2006,8232,450,3,"16"
460,"2755500","1222500","9.48855812249952","47.135201779455016",2007,8232,450,3,"23"
460,"2755500","1222500","9.48855812249952","47.135201779455016",2008,8232,450,3,"18"
460,"2755500","1222500","9.48855812249952","47.135201779455016",2009,8232,450,3,"19"
460,"2755500","1222500","9.48855812249952","47.135201779455016",2010,8232,450,3,"17"
460,"2755500","1222500","9.48855812249952","47.135201779455016",2011,8232,450,3,"20"
460,"2755500","1222500","9.48855812249952","47.135201779455016",2012,8232,450,3,"13"
460,"2755500","1222500","9.48855812249952","47.135201779455016",2013,8232,450,3,"17"
460,"2755500","1222500","9.48855812249952","47.135201779455016",2014,8232,450,3,"19"
460,"2755500","1222500","9.48855812249952","47.135201779455016",2015,8232,450,3,"22"
460,"2755500","1222500","9.48855812249952","47.135201779455016",2016,8232,450,3,"22"
460,"2755500","1222500","9.48855812249952","47.135201779455016",2017,8232,450,3,"21"
460,"2755500","1222500","9.48855812249952","47.135201779455016",2018,8232,450,3,"20"
460,"2755500","1222500","9.48855812249952","47.135201779455016",2019,8232,450,3,"24"
460,"2755500","1222500","9.48855812249952","47.135201779455016",2020,8232,450,3,"21"
460,"2755500","1222500","9.48855812249952","47.135201779455016",2021,8232,450,3,"24"
460,"2755500","1222500","9.48855812249952","47.135201779455016",2022,8232,450,3,"25"
460,"2755500","1222500","9.48855812249952","47.135201779455016",2023,8232,450,3,"22"
460,"2755500","1222500","9.48855812249952","47.135201779455016",2024,8232,450,3,"24"
460,"2755500","1222500","9.48855812249952","47.135201779455016",2025,8232,450,3,"25"
461,"2755500","1254500","9.499638867579533","47.42292649943099",1999,5925,950,3,"44"
461,"2755500","1254500","9.499638867579533","47.42292649943099",2000,5925,950,3,"43"
461,"2755500","1254500","9.499638867579533","47.42292649943099",2001,5925,950,3,"44"
461,"2755500","1254500","9.499638867579533","47.42292649943099",2002,5925,950,3,"39"
461,"2755500","1254500","9.499638867579533","47.42292649943099",2003,5925,950,3,"43"
461,"2755500","1254500","9.499638867579533","47.42292649943099",2004,5925,950,3,"42"
461,"2755500","1254500","9.499638867579533","47.42292649943099",2005,5925,950,3,"41"
461,"2755500","1254500","9.499638867579533","47.42292649943099",2006,5925,950,3,"37"
461,"2755500","1254500","9.499638867579533","47.42292649943099",2007,5925,950,3,"42"
461,"2755500","1254500","9.499638867579533","47.42292649943099",2008,5925,950,3,"41"
461,"2755500","1254500","9.499638867579533","47.42292649943099",2009,5925,950,3,"40"
461,"2755500","1254500","9.499638867579533","47.42292649943099",2010,5925,950,3,"39"
461,"2755500","1254500","9.499638867579533","47.42292649943099",2011,5925,950,3,"41"
461,"2755500","1254500","9.499638867579533","47.42292649943099",2012,5925,950,3,"34"
461,"2755500","1254500","9.499638867579533","47.42292649943099",2013,5925,950,3,"29"
461,"2755500","1254500","9.499638867579533","47.42292649943099",2014,5925,950,3,"35"
461,"2755500","1254500","9.499638867579533","47.42292649943099",2015,5925,950,3,"32"
461,"2755500","1254500","9.499638867579533","47.42292649943099",2016,5925,950,3,"43"
461,"2755500","1254500","9.499638867579533","47.42292649943099",2017,5925,950,3,"40"
461,"2755500","1254500","9.499638867579533","47.42292649943099",2018,5925,950,3,"41"
461,"2755500","1254500","9.499638867579533","47.42292649943099",2019,5925,950,3,"43"
461,"2755500","1254500","9.499638867579533","47.42292649943099",2020,5925,950,3,"41"
461,"2755500","1254500","9.499638867579533","47.42292649943099",2021,5925,950,3,"47"
461,"2755500","1254500","9.499638867579533","47.42292649943099",2022,5925,950,3,"42"
461,"2755500","1254500","9.499638867579533","47.42292649943099",2023,5925,950,3,"40"
461,"2755500","1254500","9.499638867579533","47.42292649943099",2024,5925,950,3,"46"
461,"2755500","1254500","9.499638867579533","47.42292649943099",2025,5925,950,3,"39"
462,"2761500","1134500","9.536599227942334","46.34245760584876",1999,7881,1050,3,"50"
462,"2761500","1134500","9.536599227942334","46.34245760584876",2000,7881,1050,3,"47"
462,"2761500","1134500","9.536599227942334","46.34245760584876",2001,7881,1050,3,"46"
462,"2761500","1134500","9.536599227942334","46.34245760584876",2002,7881,1050,3,"39"
462,"2761500","1134500","9.536599227942334","46.34245760584876",2003,7881,1050,3,"47"
462,"2761500","1134500","9.536599227942334","46.34245760584876",2004,7881,1050,3,"44"
462,"2761500","1134500","9.536599227942334","46.34245760584876",2005,7881,1050,3,"46"
462,"2761500","1134500","9.536599227942334","46.34245760584876",2006,7881,1050,3,"47"
462,"2761500","1134500","9.536599227942334","46.34245760584876",2007,7881,1050,3,"42"
462,"2761500","1134500","9.536599227942334","46.34245760584876",2008,7881,1050,3,"49"
462,"2761500","1134500","9.536599227942334","46.34245760584876",2009,7881,1050,3,"44"
462,"2761500","1134500","9.536599227942334","46.34245760584876",2010,7881,1050,3,"47"
462,"2761500","1134500","9.536599227942334","46.34245760584876",2011,7881,1050,3,"43"
462,"2761500","1134500","9.536599227942334","46.34245760584876",2012,7881,1050,3,"45"
462,"2761500","1134500","9.536599227942334","46.34245760584876",2013,7881,1050,3,"46"
462,"2761500","1134500","9.536599227942334","46.34245760584876",2014,7881,1050,3,"43"
462,"2761500","1134500","9.536599227942334","46.34245760584876",2015,7881,1050,3,"46"
462,"2761500","1134500","9.536599227942334","46.34245760584876",2016,7881,1050,3,"47"
462,"2761500","1134500","9.536599227942334","46.34245760584876",2017,7881,1050,3,"50"
462,"2761500","1134500","9.536599227942334","46.34245760584876",2018,7881,1050,3,"43"
462,"2761500","1134500","9.536599227942334","46.34245760584876",2019,7881,1050,3,"43"
462,"2761500","1134500","9.536599227942334","46.34245760584876",2020,7881,1050,3,"43"
462,"2761500","1134500","9.536599227942334","46.34245760584876",2021,7881,1050,3,"41"
462,"2761500","1134500","9.536599227942334","46.34245760584876",2022,7881,1050,3,"44"
462,"2761500","1134500","9.536599227942334","46.34245760584876",2023,7881,1050,3,"41"
462,"2761500","1134500","9.536599227942334","46.34245760584876",2024,7881,1050,3,"49"
462,"2761500","1134500","9.536599227942334","46.34245760584876",2025,7881,1050,3,"47"
463,"2761500","1158500","9.54496881329933","46.558275493879826",1999,5477,1950,2,"15"
463,"2761500","1158500","9.54496881329933","46.558275493879826",2000,5477,1950,2,"22"
463,"2761500","1158500","9.54496881329933","46.558275493879826",2001,5477,1950,2,"19"
463,"2761500","1158500","9.54496881329933","46.558275493879826",2002,5477,1950,2,"18"
463,"2761500","1158500","9.54496881329933","46.558275493879826",2003,5477,1950,2,"17"
463,"2761500","1158500","9.54496881329933","46.558275493879826",2004,5477,1950,2,"20"
463,"2761500","1158500","9.54496881329933","46.558275493879826",2005,5477,1950,2,"18"
463,"2761500","1158500","9.54496881329933","46.558275493879826",2006,5477,1950,2,"18"
463,"2761500","1158500","9.54496881329933","46.558275493879826",2007,5477,1950,2,"19"
463,"2761500","1158500","9.54496881329933","46.558275493879826",2008,5477,1950,2,"22"
463,"2761500","1158500","9.54496881329933","46.558275493879826",2009,5477,1950,2,"20"
463,"2761500","1158500","9.54496881329933","46.558275493879826",2010,5477,1950,2,"20"
463,"2761500","1158500","9.54496881329933","46.558275493879826",2011,5477,1950,2,"21"
463,"2761500","1158500","9.54496881329933","46.558275493879826",2012,5477,1950,2,"20"
463,"2761500","1158500","9.54496881329933","46.558275493879826",2013,5477,1950,2,"18"
463,"2761500","1158500","9.54496881329933","46.558275493879826",2014,5477,1950,2,"19"
463,"2761500","1158500","9.54496881329933","46.558275493879826",2015,5477,1950,2,"22"
463,"2761500","1158500","9.54496881329933","46.558275493879826",2016,5477,1950,2,"19"
463,"2761500","1158500","9.54496881329933","46.558275493879826",2017,5477,1950,2,"25"
463,"2761500","1158500","9.54496881329933","46.558275493879826",2018,5477,1950,2,"23"
463,"2761500","1158500","9.54496881329933","46.558275493879826",2019,5477,1950,2,"22"
463,"2761500","1158500","9.54496881329933","46.558275493879826",2020,5477,1950,2,"25"
463,"2761500","1158500","9.54496881329933","46.558275493879826",2021,5477,1950,2,"21"
463,"2761500","1158500","9.54496881329933","46.558275493879826",2022,5477,1950,2,"22"
463,"2761500","1158500","9.54496881329933","46.558275493879826",2023,5477,1950,2,"26"
463,"2761500","1158500","9.54496881329933","46.558275493879826",2024,5477,1950,2,"23"
463,"2761500","1158500","9.54496881329933","46.558275493879826",2025,5477,1950,2,"23"
464,"2575500","1158500","7.119028145780639","46.5773217192504",1999,5425,1150,3,"38"
464,"2575500","1158500","7.119028145780639","46.5773217192504",2002,5425,1150,3,"39"
464,"2575500","1158500","7.119028145780639","46.5773217192504",2003,5425,1150,3,"39"
464,"2575500","1158500","7.119028145780639","46.5773217192504",2004,5425,1150,3,"39"
464,"2575500","1158500","7.119028145780639","46.5773217192504",2005,5425,1150,3,"36"
464,"2575500","1158500","7.119028145780639","46.5773217192504",2006,5425,1150,3,"36"
464,"2575500","1158500","7.119028145780639","46.5773217192504",2007,5425,1150,3,"37"
464,"2575500","1158500","7.119028145780639","46.5773217192504",2008,5425,1150,3,"39"
464,"2575500","1158500","7.119028145780639","46.5773217192504",2009,5425,1150,3,"33"
464,"2575500","1158500","7.119028145780639","46.5773217192504",2010,5425,1150,3,"37"
464,"2575500","1158500","7.119028145780639","46.5773217192504",2011,5425,1150,3,"43"
464,"2575500","1158500","7.119028145780639","46.5773217192504",2012,5425,1150,3,"33"
464,"2575500","1158500","7.119028145780639","46.5773217192504",2013,5425,1150,3,"33"
464,"2575500","1158500","7.119028145780639","46.5773217192504",2014,5425,1150,3,"34"
464,"2575500","1158500","7.119028145780639","46.5773217192504",2015,5425,1150,3,"35"
464,"2575500","1158500","7.119028145780639","46.5773217192504",2016,5425,1150,3,"35"
464,"2575500","1158500","7.119028145780639","46.5773217192504",2017,5425,1150,3,"37"
464,"2575500","1158500","7.119028145780639","46.5773217192504",2018,5425,1150,3,"35"
464,"2575500","1158500","7.119028145780639","46.5773217192504",2019,5425,1150,3,"39"
464,"2575500","1158500","7.119028145780639","46.5773217192504",2020,5425,1150,3,"45"
464,"2575500","1158500","7.119028145780639","46.5773217192504",2022,5425,1150,3,"44"
464,"2575500","1158500","7.119028145780639","46.5773217192504",2023,5425,1150,3,"37"
464,"2575500","1158500","7.119028145780639","46.5773217192504",2024,5425,1150,3,"36"
464,"2575500","1158500","7.119028145780639","46.5773217192504",2025,5425,1150,3,"38"
465,"2761500","1182500","9.553405219507297","46.774089886463784",1999,4748,1350,3,"44"
465,"2761500","1182500","9.553405219507297","46.774089886463784",2000,4748,1350,3,"39"
465,"2761500","1182500","9.553405219507297","46.774089886463784",2001,4748,1350,3,"41"
465,"2761500","1182500","9.553405219507297","46.774089886463784",2002,4748,1350,3,"45"
465,"2761500","1182500","9.553405219507297","46.774089886463784",2003,4748,1350,3,"39"
465,"2761500","1182500","9.553405219507297","46.774089886463784",2004,4748,1350,3,"39"
465,"2761500","1182500","9.553405219507297","46.774089886463784",2005,4748,1350,3,"38"
465,"2761500","1182500","9.553405219507297","46.774089886463784",2006,4748,1350,3,"40"
465,"2761500","1182500","9.553405219507297","46.774089886463784",2007,4748,1350,3,"44"
465,"2761500","1182500","9.553405219507297","46.774089886463784",2008,4748,1350,3,"37"
465,"2761500","1182500","9.553405219507297","46.774089886463784",2009,4748,1350,3,"38"
465,"2761500","1182500","9.553405219507297","46.774089886463784",2010,4748,1350,3,"40"
465,"2761500","1182500","9.553405219507297","46.774089886463784",2011,4748,1350,3,"42"
465,"2761500","1182500","9.553405219507297","46.774089886463784",2012,4748,1350,3,"40"
465,"2761500","1182500","9.553405219507297","46.774089886463784",2013,4748,1350,3,"36"
465,"2761500","1182500","9.553405219507297","46.774089886463784",2014,4748,1350,3,"32"
465,"2761500","1182500","9.553405219507297","46.774089886463784",2015,4748,1350,3,"39"
465,"2761500","1182500","9.553405219507297","46.774089886463784",2016,4748,1350,3,"40"
465,"2761500","1182500","9.553405219507297","46.774089886463784",2017,4748,1350,3,"40"
465,"2761500","1182500","9.553405219507297","46.774089886463784",2018,4748,1350,3,"40"
465,"2761500","1182500","9.553405219507297","46.774089886463784",2019,4748,1350,3,"45"
465,"2761500","1182500","9.553405219507297","46.774089886463784",2020,4748,1350,3,"40"
465,"2761500","1182500","9.553405219507297","46.774089886463784",2021,4748,1350,3,"46"
465,"2761500","1182500","9.553405219507297","46.774089886463784",2022,4748,1350,3,"37"
465,"2761500","1182500","9.553405219507297","46.774089886463784",2023,4748,1350,3,"40"
465,"2761500","1182500","9.553405219507297","46.774089886463784",2024,4748,1350,3,"38"
465,"2761500","1182500","9.553405219507297","46.774089886463784",2025,4748,1350,3,"42"
466,"2575500","1174500","7.1181724868681275","46.72124883685918",1999,6718,750,3,"52"
466,"2575500","1174500","7.1181724868681275","46.72124883685918",2000,6718,750,3,"47"
466,"2575500","1174500","7.1181724868681275","46.72124883685918",2001,6718,750,3,"48"
466,"2575500","1174500","7.1181724868681275","46.72124883685918",2002,6718,750,3,"50"
466,"2575500","1174500","7.1181724868681275","46.72124883685918",2003,6718,750,3,"48"
466,"2575500","1174500","7.1181724868681275","46.72124883685918",2004,6718,750,3,"47"
466,"2575500","1174500","7.1181724868681275","46.72124883685918",2005,6718,750,3,"51"
466,"2575500","1174500","7.1181724868681275","46.72124883685918",2006,6718,750,3,"52"
466,"2575500","1174500","7.1181724868681275","46.72124883685918",2007,6718,750,3,"48"
466,"2575500","1174500","7.1181724868681275","46.72124883685918",2008,6718,750,3,"49"
466,"2575500","1174500","7.1181724868681275","46.72124883685918",2009,6718,750,3,"48"
466,"2575500","1174500","7.1181724868681275","46.72124883685918",2010,6718,750,3,"45"
466,"2575500","1174500","7.1181724868681275","46.72124883685918",2011,6718,750,3,"50"
466,"2575500","1174500","7.1181724868681275","46.72124883685918",2012,6718,750,3,"48"
466,"2575500","1174500","7.1181724868681275","46.72124883685918",2013,6718,750,3,"49"
466,"2575500","1174500","7.1181724868681275","46.72124883685918",2014,6718,750,3,"48"
466,"2575500","1174500","7.1181724868681275","46.72124883685918",2015,6718,750,3,"46"
466,"2575500","1174500","7.1181724868681275","46.72124883685918",2016,6718,750,3,"45"
466,"2575500","1174500","7.1181724868681275","46.72124883685918",2017,6718,750,3,"43"
466,"2575500","1174500","7.1181724868681275","46.72124883685918",2018,6718,750,3,"57"
466,"2575500","1174500","7.1181724868681275","46.72124883685918",2019,6718,750,3,"55"
466,"2575500","1174500","7.1181724868681275","46.72124883685918",2020,6718,750,3,"55"
466,"2575500","1174500","7.1181724868681275","46.72124883685918",2021,6718,750,3,"57"
466,"2575500","1174500","7.1181724868681275","46.72124883685918",2022,6718,750,3,"53"
466,"2575500","1174500","7.1181724868681275","46.72124883685918",2023,6718,750,3,"52"
466,"2575500","1174500","7.1181724868681275","46.72124883685918",2024,6718,750,3,"55"
466,"2575500","1174500","7.1181724868681275","46.72124883685918",2025,6718,750,3,"51"
467,"2761500","1198500","9.559067068657658","46.917962694742386",1999,7461,550,3,"36"
467,"2761500","1198500","9.559067068657658","46.917962694742386",2000,7461,550,3,"42"
467,"2761500","1198500","9.559067068657658","46.917962694742386",2001,7461,550,3,"37"
467,"2761500","1198500","9.559067068657658","46.917962694742386",2002,7461,550,3,"36"
467,"2761500","1198500","9.559067068657658","46.917962694742386",2003,7461,550,3,"34"
467,"2761500","1198500","9.559067068657658","46.917962694742386",2004,7461,550,3,"37"
467,"2761500","1198500","9.559067068657658","46.917962694742386",2005,7461,550,3,"33"
467,"2761500","1198500","9.559067068657658","46.917962694742386",2006,7461,550,3,"39"
467,"2761500","1198500","9.559067068657658","46.917962694742386",2007,7461,550,3,"42"
467,"2761500","1198500","9.559067068657658","46.917962694742386",2008,7461,550,3,"37"
467,"2761500","1198500","9.559067068657658","46.917962694742386",2009,7461,550,3,"35"
467,"2761500","1198500","9.559067068657658","46.917962694742386",2010,7461,550,3,"44"
467,"2761500","1198500","9.559067068657658","46.917962694742386",2011,7461,550,3,"38"
467,"2761500","1198500","9.559067068657658","46.917962694742386",2012,7461,550,3,"44"
467,"2761500","1198500","9.559067068657658","46.917962694742386",2013,7461,550,3,"37"
467,"2761500","1198500","9.559067068657658","46.917962694742386",2014,7461,550,3,"39"
467,"2761500","1198500","9.559067068657658","46.917962694742386",2015,7461,550,3,"44"
467,"2761500","1198500","9.559067068657658","46.917962694742386",2016,7461,550,3,"46"
467,"2761500","1198500","9.559067068657658","46.917962694742386",2017,7461,550,3,"46"
467,"2761500","1198500","9.559067068657658","46.917962694742386",2018,7461,550,3,"41"
467,"2761500","1198500","9.559067068657658","46.917962694742386",2019,7461,550,3,"40"
467,"2761500","1198500","9.559067068657658","46.917962694742386",2020,7461,550,3,"39"
467,"2761500","1198500","9.559067068657658","46.917962694742386",2021,7461,550,3,"41"
467,"2761500","1198500","9.559067068657658","46.917962694742386",2022,7461,550,3,"45"
467,"2761500","1198500","9.559067068657658","46.917962694742386",2023,7461,550,3,"41"
467,"2761500","1198500","9.559067068657658","46.917962694742386",2024,7461,550,3,"44"
467,"2761500","1198500","9.559067068657658","46.917962694742386",2025,7461,550,3,"45"
468,"2575500","1190500","7.117312250671944","46.86517376265724",2000,5311,550,3,"31"
468,"2575500","1190500","7.117312250671944","46.86517376265724",2001,5311,550,3,"32"
468,"2575500","1190500","7.117312250671944","46.86517376265724",2002,5311,550,3,"31"
468,"2575500","1190500","7.117312250671944","46.86517376265724",2003,5311,550,3,"36"
468,"2575500","1190500","7.117312250671944","46.86517376265724",2004,5311,550,3,"37"
468,"2575500","1190500","7.117312250671944","46.86517376265724",2005,5311,550,3,"30"
468,"2575500","1190500","7.117312250671944","46.86517376265724",2006,5311,550,3,"29"
468,"2575500","1190500","7.117312250671944","46.86517376265724",2007,5311,550,3,"29"
468,"2575500","1190500","7.117312250671944","46.86517376265724",2008,5311,550,3,"33"
468,"2575500","1190500","7.117312250671944","46.86517376265724",2009,5311,550,3,"31"
468,"2575500","1190500","7.117312250671944","46.86517376265724",2010,5311,550,3,"42"
468,"2575500","1190500","7.117312250671944","46.86517376265724",2011,5311,550,3,"33"
468,"2575500","1190500","7.117312250671944","46.86517376265724",2012,5311,550,3,"26"
468,"2575500","1190500","7.117312250671944","46.86517376265724",2013,5311,550,3,"29"
468,"2575500","1190500","7.117312250671944","46.86517376265724",2014,5311,550,3,"30"
468,"2575500","1190500","7.117312250671944","46.86517376265724",2015,5311,550,3,"28"
468,"2575500","1190500","7.117312250671944","46.86517376265724",2016,5311,550,3,"29"
468,"2575500","1190500","7.117312250671944","46.86517376265724",2017,5311,550,3,"27"
468,"2575500","1190500","7.117312250671944","46.86517376265724",2018,5311,550,3,"26"
468,"2575500","1190500","7.117312250671944","46.86517376265724",2019,5311,550,3,"40"
468,"2575500","1190500","7.117312250671944","46.86517376265724",2020,5311,550,3,"41"
468,"2575500","1190500","7.117312250671944","46.86517376265724",2021,5311,550,3,"38"
468,"2575500","1190500","7.117312250671944","46.86517376265724",2022,5311,550,3,"33"
468,"2575500","1190500","7.117312250671944","46.86517376265724",2023,5311,550,3,"38"
468,"2575500","1190500","7.117312250671944","46.86517376265724",2024,5311,550,3,"38"
468,"2575500","1190500","7.117312250671944","46.86517376265724",2025,5311,550,3,"36"
469,"2761500","1246500","9.576236063546022","47.349554569923775",1999,5733,450,3,"40"
469,"2761500","1246500","9.576236063546022","47.349554569923775",2000,5733,450,3,"41"
469,"2761500","1246500","9.576236063546022","47.349554569923775",2001,5733,450,3,"44"
469,"2761500","1246500","9.576236063546022","47.349554569923775",2002,5733,450,3,"42"
469,"2761500","1246500","9.576236063546022","47.349554569923775",2003,5733,450,3,"42"
469,"2761500","1246500","9.576236063546022","47.349554569923775",2004,5733,450,3,"41"
469,"2761500","1246500","9.576236063546022","47.349554569923775",2005,5733,450,3,"42"
469,"2761500","1246500","9.576236063546022","47.349554569923775",2006,5733,450,3,"44"
469,"2761500","1246500","9.576236063546022","47.349554569923775",2007,5733,450,3,"39"
469,"2761500","1246500","9.576236063546022","47.349554569923775",2008,5733,450,3,"39"
469,"2761500","1246500","9.576236063546022","47.349554569923775",2009,5733,450,3,"36"
469,"2761500","1246500","9.576236063546022","47.349554569923775",2010,5733,450,3,"41"
469,"2761500","1246500","9.576236063546022","47.349554569923775",2011,5733,450,3,"44"
469,"2761500","1246500","9.576236063546022","47.349554569923775",2012,5733,450,3,"49"
469,"2761500","1246500","9.576236063546022","47.349554569923775",2013,5733,450,3,"43"
469,"2761500","1246500","9.576236063546022","47.349554569923775",2014,5733,450,3,"46"
469,"2761500","1246500","9.576236063546022","47.349554569923775",2015,5733,450,3,"45"
469,"2761500","1246500","9.576236063546022","47.349554569923775",2016,5733,450,3,"45"
469,"2761500","1246500","9.576236063546022","47.349554569923775",2017,5733,450,3,"43"
469,"2761500","1246500","9.576236063546022","47.349554569923775",2018,5733,450,3,"46"
469,"2761500","1246500","9.576236063546022","47.349554569923775",2019,5733,450,3,"47"
469,"2761500","1246500","9.576236063546022","47.349554569923775",2020,5733,450,3,"50"
469,"2761500","1246500","9.576236063546022","47.349554569923775",2021,5733,450,3,"48"
469,"2761500","1246500","9.576236063546022","47.349554569923775",2022,5733,450,3,"49"
469,"2761500","1246500","9.576236063546022","47.349554569923775",2023,5733,450,3,"46"
469,"2761500","1246500","9.576236063546022","47.349554569923775",2024,5733,450,3,"46"
469,"2761500","1246500","9.576236063546022","47.349554569923775",2025,5733,450,3,"43"
470,"2575500","1206500","7.116447394957743","47.00909559234614",1999,5632,450,3,"33"
470,"2575500","1206500","7.116447394957743","47.00909559234614",2000,5632,450,3,"31"
470,"2575500","1206500","7.116447394957743","47.00909559234614",2001,5632,450,3,"31"
470,"2575500","1206500","7.116447394957743","47.00909559234614",2002,5632,450,3,"33"
470,"2575500","1206500","7.116447394957743","47.00909559234614",2003,5632,450,3,"29"
470,"2575500","1206500","7.116447394957743","47.00909559234614",2004,5632,450,3,"35"
470,"2575500","1206500","7.116447394957743","47.00909559234614",2005,5632,450,3,"34"
470,"2575500","1206500","7.116447394957743","47.00909559234614",2006,5632,450,3,"31"
470,"2575500","1206500","7.116447394957743","47.00909559234614",2007,5632,450,3,"32"
470,"2575500","1206500","7.116447394957743","47.00909559234614",2008,5632,450,3,"33"
470,"2575500","1206500","7.116447394957743","47.00909559234614",2009,5632,450,3,"29"
470,"2575500","1206500","7.116447394957743","47.00909559234614",2010,5632,450,3,"33"
470,"2575500","1206500","7.116447394957743","47.00909559234614",2011,5632,450,3,"29"
470,"2575500","1206500","7.116447394957743","47.00909559234614",2012,5632,450,3,"36"
470,"2575500","1206500","7.116447394957743","47.00909559234614",2013,5632,450,3,"34"
470,"2575500","1206500","7.116447394957743","47.00909559234614",2014,5632,450,3,"29"
470,"2575500","1206500","7.116447394957743","47.00909559234614",2015,5632,450,3,"35"
470,"2575500","1206500","7.116447394957743","47.00909559234614",2016,5632,450,3,"34"
470,"2575500","1206500","7.116447394957743","47.00909559234614",2017,5632,450,3,"32"
470,"2575500","1206500","7.116447394957743","47.00909559234614",2018,5632,450,3,"32"
470,"2575500","1206500","7.116447394957743","47.00909559234614",2019,5632,450,3,"30"
470,"2575500","1206500","7.116447394957743","47.00909559234614",2020,5632,450,3,"33"
470,"2575500","1206500","7.116447394957743","47.00909559234614",2021,5632,450,3,"35"
470,"2575500","1206500","7.116447394957743","47.00909559234614",2022,5632,450,3,"29"
470,"2575500","1206500","7.116447394957743","47.00909559234614",2023,5632,450,3,"33"
470,"2575500","1206500","7.116447394957743","47.00909559234614",2024,5632,450,3,"34"
470,"2575500","1206500","7.116447394957743","47.00909559234614",2025,5632,450,3,"34"
471,"2767500","1158500","9.623182954028161","46.556799503470884",1999,4301,1450,3,"45"
471,"2767500","1158500","9.623182954028161","46.556799503470884",2000,4301,1450,3,"46"
471,"2767500","1158500","9.623182954028161","46.556799503470884",2001,4301,1450,3,"44"
471,"2767500","1158500","9.623182954028161","46.556799503470884",2002,4301,1450,3,"46"
471,"2767500","1158500","9.623182954028161","46.556799503470884",2003,4301,1450,3,"44"
471,"2767500","1158500","9.623182954028161","46.556799503470884",2004,4301,1450,3,"41"
471,"2767500","1158500","9.623182954028161","46.556799503470884",2005,4301,1450,3,"43"
471,"2767500","1158500","9.623182954028161","46.556799503470884",2006,4301,1450,3,"45"
471,"2767500","1158500","9.623182954028161","46.556799503470884",2007,4301,1450,3,"46"
471,"2767500","1158500","9.623182954028161","46.556799503470884",2008,4301,1450,3,"46"
471,"2767500","1158500","9.623182954028161","46.556799503470884",2009,4301,1450,3,"41"
471,"2767500","1158500","9.623182954028161","46.556799503470884",2010,4301,1450,3,"40"
471,"2767500","1158500","9.623182954028161","46.556799503470884",2011,4301,1450,3,"40"
471,"2767500","1158500","9.623182954028161","46.556799503470884",2012,4301,1450,3,"43"
471,"2767500","1158500","9.623182954028161","46.556799503470884",2014,4301,1450,3,"45"
471,"2767500","1158500","9.623182954028161","46.556799503470884",2015,4301,1450,3,"43"
471,"2767500","1158500","9.623182954028161","46.556799503470884",2016,4301,1450,3,"45"
471,"2767500","1158500","9.623182954028161","46.556799503470884",2017,4301,1450,3,"45"
471,"2767500","1158500","9.623182954028161","46.556799503470884",2018,4301,1450,3,"44"
471,"2767500","1158500","9.623182954028161","46.556799503470884",2019,4301,1450,3,"47"
471,"2767500","1158500","9.623182954028161","46.556799503470884",2020,4301,1450,3,"44"
471,"2767500","1158500","9.623182954028161","46.556799503470884",2021,4301,1450,3,"44"
471,"2767500","1158500","9.623182954028161","46.556799503470884",2022,4301,1450,3,"41"
471,"2767500","1158500","9.623182954028161","46.556799503470884",2023,4301,1450,3,"45"
471,"2767500","1158500","9.623182954028161","46.556799503470884",2024,4301,1450,3,"43"
471,"2767500","1158500","9.623182954028161","46.556799503470884",2025,4301,1450,3,"45"
472,"2575500","1222500","7.115577876978493","47.153013421823154",1999,5858,1250,3,"43"
472,"2575500","1222500","7.115577876978493","47.153013421823154",2000,5858,1250,3,"45"
472,"2575500","1222500","7.115577876978493","47.153013421823154",2001,5858,1250,3,"45"
472,"2575500","1222500","7.115577876978493","47.153013421823154",2002,5858,1250,3,"49"
472,"2575500","1222500","7.115577876978493","47.153013421823154",2003,5858,1250,3,"45"
472,"2575500","1222500","7.115577876978493","47.153013421823154",2004,5858,1250,3,"46"
472,"2575500","1222500","7.115577876978493","47.153013421823154",2005,5858,1250,3,"46"
472,"2575500","1222500","7.115577876978493","47.153013421823154",2006,5858,1250,3,"47"
472,"2575500","1222500","7.115577876978493","47.153013421823154",2007,5858,1250,3,"50"
472,"2575500","1222500","7.115577876978493","47.153013421823154",2008,5858,1250,3,"51"
472,"2575500","1222500","7.115577876978493","47.153013421823154",2009,5858,1250,3,"44"
472,"2575500","1222500","7.115577876978493","47.153013421823154",2010,5858,1250,3,"44"
472,"2575500","1222500","7.115577876978493","47.153013421823154",2011,5858,1250,3,"46"
472,"2575500","1222500","7.115577876978493","47.153013421823154",2012,5858,1250,3,"52"
472,"2575500","1222500","7.115577876978493","47.153013421823154",2013,5858,1250,3,"44"
472,"2575500","1222500","7.115577876978493","47.153013421823154",2014,5858,1250,3,"38"
472,"2575500","1222500","7.115577876978493","47.153013421823154",2015,5858,1250,3,"44"
472,"2575500","1222500","7.115577876978493","47.153013421823154",2016,5858,1250,3,"44"
472,"2575500","1222500","7.115577876978493","47.153013421823154",2017,5858,1250,3,"45"
472,"2575500","1222500","7.115577876978493","47.153013421823154",2018,5858,1250,3,"47"
472,"2575500","1222500","7.115577876978493","47.153013421823154",2019,5858,1250,3,"44"
472,"2575500","1222500","7.115577876978493","47.153013421823154",2020,5858,1250,3,"49"
472,"2575500","1222500","7.115577876978493","47.153013421823154",2021,5858,1250,3,"48"
472,"2575500","1222500","7.115577876978493","47.153013421823154",2022,5858,1250,3,"43"
472,"2575500","1222500","7.115577876978493","47.153013421823154",2023,5858,1250,3,"44"
472,"2575500","1222500","7.115577876978493","47.153013421823154",2024,5858,1250,3,"46"
472,"2575500","1222500","7.115577876978493","47.153013421823154",2025,5858,1250,3,"42"
473,"2767500","1182500","9.631932379270467","46.772608043734074",1999,5153,2250,2,"7"
473,"2767500","1182500","9.631932379270467","46.772608043734074",2000,5153,2250,2,"6"
473,"2767500","1182500","9.631932379270467","46.772608043734074",2001,5153,2250,2,"5"
473,"2767500","1182500","9.631932379270467","46.772608043734074",2002,5153,2250,2,"8"
473,"2767500","1182500","9.631932379270467","46.772608043734074",2003,5153,2250,2,"5"
473,"2767500","1182500","9.631932379270467","46.772608043734074",2004,5153,2250,2,"3"
473,"2767500","1182500","9.631932379270467","46.772608043734074",2005,5153,2250,2,"8"
473,"2767500","1182500","9.631932379270467","46.772608043734074",2006,5153,2250,2,"8"
473,"2767500","1182500","9.631932379270467","46.772608043734074",2007,5153,2250,2,"9"
473,"2767500","1182500","9.631932379270467","46.772608043734074",2008,5153,2250,2,"5"
473,"2767500","1182500","9.631932379270467","46.772608043734074",2009,5153,2250,2,"5"
473,"2767500","1182500","9.631932379270467","46.772608043734074",2010,5153,2250,2,"7"
473,"2767500","1182500","9.631932379270467","46.772608043734074",2011,5153,2250,2,"8"
473,"2767500","1182500","9.631932379270467","46.772608043734074",2013,5153,2250,2,"6"
473,"2767500","1182500","9.631932379270467","46.772608043734074",2014,5153,2250,2,"9"
473,"2767500","1182500","9.631932379270467","46.772608043734074",2015,5153,2250,2,"9"
473,"2767500","1182500","9.631932379270467","46.772608043734074",2016,5153,2250,2,"8"
473,"2767500","1182500","9.631932379270467","46.772608043734074",2017,5153,2250,2,"8"
473,"2767500","1182500","9.631932379270467","46.772608043734074",2018,5153,2250,2,"8"
473,"2767500","1182500","9.631932379270467","46.772608043734074",2019,5153,2250,2,"10"
473,"2767500","1182500","9.631932379270467","46.772608043734074",2020,5153,2250,2,"8"
473,"2767500","1182500","9.631932379270467","46.772608043734074",2021,5153,2250,2,"7"
473,"2767500","1182500","9.631932379270467","46.772608043734074",2022,5153,2250,2,"12"
473,"2767500","1182500","9.631932379270467","46.772608043734074",2023,5153,2250,2,"11"
473,"2767500","1182500","9.631932379270467","46.772608043734074",2024,5153,2250,2,"7"
473,"2767500","1182500","9.631932379270467","46.772608043734074",2025,5153,2250,2,"9"
474,"2575500","1238500","7.114703653466726","47.29692634720945",1999,4510,950,3,"41"
474,"2575500","1238500","7.114703653466726","47.29692634720945",2000,4510,950,3,"41"
474,"2575500","1238500","7.114703653466726","47.29692634720945",2001,4510,950,3,"41"
474,"2575500","1238500","7.114703653466726","47.29692634720945",2002,4510,950,3,"44"
474,"2575500","1238500","7.114703653466726","47.29692634720945",2003,4510,950,3,"38"
474,"2575500","1238500","7.114703653466726","47.29692634720945",2004,4510,950,3,"40"
474,"2575500","1238500","7.114703653466726","47.29692634720945",2005,4510,950,3,"45"
474,"2575500","1238500","7.114703653466726","47.29692634720945",2006,4510,950,3,"45"
474,"2575500","1238500","7.114703653466726","47.29692634720945",2007,4510,950,3,"43"
474,"2575500","1238500","7.114703653466726","47.29692634720945",2008,4510,950,3,"44"
474,"2575500","1238500","7.114703653466726","47.29692634720945",2009,4510,950,3,"45"
474,"2575500","1238500","7.114703653466726","47.29692634720945",2010,4510,950,3,"48"
474,"2575500","1238500","7.114703653466726","47.29692634720945",2011,4510,950,3,"44"
474,"2575500","1238500","7.114703653466726","47.29692634720945",2012,4510,950,3,"42"
474,"2575500","1238500","7.114703653466726","47.29692634720945",2013,4510,950,3,"49"
474,"2575500","1238500","7.114703653466726","47.29692634720945",2014,4510,950,3,"45"
474,"2575500","1238500","7.114703653466726","47.29692634720945",2015,4510,950,3,"49"
474,"2575500","1238500","7.114703653466726","47.29692634720945",2016,4510,950,3,"43"
474,"2575500","1238500","7.114703653466726","47.29692634720945",2017,4510,950,3,"47"
474,"2575500","1238500","7.114703653466726","47.29692634720945",2018,4510,950,3,"42"
474,"2575500","1238500","7.114703653466726","47.29692634720945",2019,4510,950,3,"44"
474,"2575500","1238500","7.114703653466726","47.29692634720945",2020,4510,950,3,"42"
474,"2575500","1238500","7.114703653466726","47.29692634720945",2021,4510,950,3,"46"
474,"2575500","1238500","7.114703653466726","47.29692634720945",2022,4510,950,3,"47"
474,"2575500","1238500","7.114703653466726","47.29692634720945",2023,4510,950,3,"46"
474,"2575500","1238500","7.114703653466726","47.29692634720945",2024,4510,950,3,"42"
474,"2575500","1238500","7.114703653466726","47.29692634720945",2025,4510,950,3,"42"
475,"2773500","1142500","9.695391106208222","46.41139920829937",1999,5398,1950,2,"35"
475,"2773500","1142500","9.695391106208222","46.41139920829937",2000,5398,1950,2,"40"
475,"2773500","1142500","9.695391106208222","46.41139920829937",2001,5398,1950,2,"34"
475,"2773500","1142500","9.695391106208222","46.41139920829937",2002,5398,1950,2,"34"
475,"2773500","1142500","9.695391106208222","46.41139920829937",2003,5398,1950,2,"37"
475,"2773500","1142500","9.695391106208222","46.41139920829937",2004,5398,1950,2,"38"
475,"2773500","1142500","9.695391106208222","46.41139920829937",2005,5398,1950,2,"40"
475,"2773500","1142500","9.695391106208222","46.41139920829937",2006,5398,1950,2,"30"
475,"2773500","1142500","9.695391106208222","46.41139920829937",2007,5398,1950,2,"34"
475,"2773500","1142500","9.695391106208222","46.41139920829937",2008,5398,1950,2,"29"
475,"2773500","1142500","9.695391106208222","46.41139920829937",2009,5398,1950,2,"32"
475,"2773500","1142500","9.695391106208222","46.41139920829937",2010,5398,1950,2,"33"
475,"2773500","1142500","9.695391106208222","46.41139920829937",2011,5398,1950,2,"39"
475,"2773500","1142500","9.695391106208222","46.41139920829937",2012,5398,1950,2,"36"
475,"2773500","1142500","9.695391106208222","46.41139920829937",2013,5398,1950,2,"38"
475,"2773500","1142500","9.695391106208222","46.41139920829937",2014,5398,1950,2,"39"
475,"2773500","1142500","9.695391106208222","46.41139920829937",2015,5398,1950,2,"35"
475,"2773500","1142500","9.695391106208222","46.41139920829937",2016,5398,1950,2,"38"
475,"2773500","1142500","9.695391106208222","46.41139920829937",2017,5398,1950,2,"40"
475,"2773500","1142500","9.695391106208222","46.41139920829937",2018,5398,1950,2,"41"
475,"2773500","1142500","9.695391106208222","46.41139920829937",2019,5398,1950,2,"38"
475,"2773500","1142500","9.695391106208222","46.41139920829937",2020,5398,1950,2,"33"
475,"2773500","1142500","9.695391106208222","46.41139920829937",2021,5398,1950,2,"33"
475,"2773500","1142500","9.695391106208222","46.41139920829937",2022,5398,1950,2,"34"
475,"2773500","1142500","9.695391106208222","46.41139920829937",2023,5398,1950,2,"33"
475,"2773500","1142500","9.695391106208222","46.41139920829937",2024,5398,1950,2,"33"
475,"2773500","1142500","9.695391106208222","46.41139920829937",2025,5398,1950,2,"34"
476,"2575500","1254500","7.113824680626663","47.44083346487868",1999,4201,550,3,"40"
476,"2575500","1254500","7.113824680626663","47.44083346487868",2000,4201,550,3,"42"
476,"2575500","1254500","7.113824680626663","47.44083346487868",2001,4201,550,3,"45"
476,"2575500","1254500","7.113824680626663","47.44083346487868",2002,4201,550,3,"40"
476,"2575500","1254500","7.113824680626663","47.44083346487868",2003,4201,550,3,"41"
476,"2575500","1254500","7.113824680626663","47.44083346487868",2004,4201,550,3,"49"
476,"2575500","1254500","7.113824680626663","47.44083346487868",2005,4201,550,3,"48"
476,"2575500","1254500","7.113824680626663","47.44083346487868",2006,4201,550,3,"46"
476,"2575500","1254500","7.113824680626663","47.44083346487868",2007,4201,550,3,"48"
476,"2575500","1254500","7.113824680626663","47.44083346487868",2008,4201,550,3,"48"
476,"2575500","1254500","7.113824680626663","47.44083346487868",2009,4201,550,3,"42"
476,"2575500","1254500","7.113824680626663","47.44083346487868",2010,4201,550,3,"43"
476,"2575500","1254500","7.113824680626663","47.44083346487868",2012,4201,550,3,"47"
476,"2575500","1254500","7.113824680626663","47.44083346487868",2013,4201,550,3,"42"
476,"2575500","1254500","7.113824680626663","47.44083346487868",2014,4201,550,3,"42"
476,"2575500","1254500","7.113824680626663","47.44083346487868",2015,4201,550,3,"43"
476,"2575500","1254500","7.113824680626663","47.44083346487868",2016,4201,550,3,"41"
476,"2575500","1254500","7.113824680626663","47.44083346487868",2017,4201,550,3,"39"
476,"2575500","1254500","7.113824680626663","47.44083346487868",2018,4201,550,3,"41"
476,"2575500","1254500","7.113824680626663","47.44083346487868",2019,4201,550,3,"40"
476,"2575500","1254500","7.113824680626663","47.44083346487868",2020,4201,550,3,"40"
476,"2575500","1254500","7.113824680626663","47.44083346487868",2021,4201,550,3,"39"
476,"2575500","1254500","7.113824680626663","47.44083346487868",2022,4201,550,3,"34"
476,"2575500","1254500","7.113824680626663","47.44083346487868",2023,4201,550,3,"43"
476,"2575500","1254500","7.113824680626663","47.44083346487868",2024,4201,550,3,"44"
476,"2575500","1254500","7.113824680626663","47.44083346487868",2025,4201,550,3,"42"
477,"2773500","1166500","9.704405535781516","46.627204416815104",1999,3971,2350,2,"12"
477,"2773500","1166500","9.704405535781516","46.627204416815104",2000,3971,2350,2,"11"
477,"2773500","1166500","9.704405535781516","46.627204416815104",2001,3971,2350,2,"13"
477,"2773500","1166500","9.704405535781516","46.627204416815104",2002,3971,2350,2,"8"
477,"2773500","1166500","9.704405535781516","46.627204416815104",2003,3971,2350,2,"12"
477,"2773500","1166500","9.704405535781516","46.627204416815104",2004,3971,2350,2,"7"
477,"2773500","1166500","9.704405535781516","46.627204416815104",2005,3971,2350,2,"9"
477,"2773500","1166500","9.704405535781516","46.627204416815104",2006,3971,2350,2,"8"
477,"2773500","1166500","9.704405535781516","46.627204416815104",2007,3971,2350,2,"7"
477,"2773500","1166500","9.704405535781516","46.627204416815104",2008,3971,2350,2,"7"
477,"2773500","1166500","9.704405535781516","46.627204416815104",2009,3971,2350,2,"6"
477,"2773500","1166500","9.704405535781516","46.627204416815104",2010,3971,2350,2,"9"
477,"2773500","1166500","9.704405535781516","46.627204416815104",2011,3971,2350,2,"6"
477,"2773500","1166500","9.704405535781516","46.627204416815104",2012,3971,2350,2,"3"
477,"2773500","1166500","9.704405535781516","46.627204416815104",2013,3971,2350,2,"12"
477,"2773500","1166500","9.704405535781516","46.627204416815104",2014,3971,2350,2,"13"
477,"2773500","1166500","9.704405535781516","46.627204416815104",2015,3971,2350,2,"10"
477,"2773500","1166500","9.704405535781516","46.627204416815104",2016,3971,2350,2,"9"
477,"2773500","1166500","9.704405535781516","46.627204416815104",2017,3971,2350,2,"10"
477,"2773500","1166500","9.704405535781516","46.627204416815104",2018,3971,2350,2,"18"
477,"2773500","1166500","9.704405535781516","46.627204416815104",2019,3971,2350,2,"20"
477,"2773500","1166500","9.704405535781516","46.627204416815104",2020,3971,2350,2,"21"
477,"2773500","1166500","9.704405535781516","46.627204416815104",2021,3971,2350,2,"18"
477,"2773500","1166500","9.704405535781516","46.627204416815104",2022,3971,2350,2,"11"
477,"2773500","1166500","9.704405535781516","46.627204416815104",2023,3971,2350,2,"8"
477,"2773500","1166500","9.704405535781516","46.627204416815104",2024,3971,2350,2,"12"
477,"2773500","1166500","9.704405535781516","46.627204416815104",2025,3971,2350,2,"22"
478,"2581500","1086500","7.200167894783156","45.92983827373696",1999,5608,1850,2,"22"
478,"2581500","1086500","7.200167894783156","45.92983827373696",2000,5608,1850,2,"37"
478,"2581500","1086500","7.200167894783156","45.92983827373696",2002,5608,1850,2,"39"
478,"2581500","1086500","7.200167894783156","45.92983827373696",2003,5608,1850,2,"40"
478,"2581500","1086500","7.200167894783156","45.92983827373696",2004,5608,1850,2,"42"
478,"2581500","1086500","7.200167894783156","45.92983827373696",2005,5608,1850,2,"39"
478,"2581500","1086500","7.200167894783156","45.92983827373696",2006,5608,1850,2,"32"
478,"2581500","1086500","7.200167894783156","45.92983827373696",2007,5608,1850,2,"37"
478,"2581500","1086500","7.200167894783156","45.92983827373696",2008,5608,1850,2,"28"
478,"2581500","1086500","7.200167894783156","45.92983827373696",2009,5608,1850,2,"29"
478,"2581500","1086500","7.200167894783156","45.92983827373696",2010,5608,1850,2,"31"
478,"2581500","1086500","7.200167894783156","45.92983827373696",2011,5608,1850,2,"39"
478,"2581500","1086500","7.200167894783156","45.92983827373696",2012,5608,1850,2,"39"
478,"2581500","1086500","7.200167894783156","45.92983827373696",2013,5608,1850,2,"36"
478,"2581500","1086500","7.200167894783156","45.92983827373696",2014,5608,1850,2,"36"
478,"2581500","1086500","7.200167894783156","45.92983827373696",2015,5608,1850,2,"37"
478,"2581500","1086500","7.200167894783156","45.92983827373696",2016,5608,1850,2,"43"
478,"2581500","1086500","7.200167894783156","45.92983827373696",2017,5608,1850,2,"37"
478,"2581500","1086500","7.200167894783156","45.92983827373696",2018,5608,1850,2,"37"
478,"2581500","1086500","7.200167894783156","45.92983827373696",2019,5608,1850,2,"42"
478,"2581500","1086500","7.200167894783156","45.92983827373696",2020,5608,1850,2,"47"
478,"2581500","1086500","7.200167894783156","45.92983827373696",2021,5608,1850,2,"40"
478,"2581500","1086500","7.200167894783156","45.92983827373696",2022,5608,1850,2,"38"
478,"2581500","1086500","7.200167894783156","45.92983827373696",2023,5608,1850,2,"44"
478,"2581500","1086500","7.200167894783156","45.92983827373696",2024,5608,1850,2,"43"
478,"2581500","1086500","7.200167894783156","45.92983827373696",2025,5608,1850,2,"36"
479,"2581500","1094500","7.199852538457414","46.00180112591777",1999,4345,1950,3,"28"
479,"2581500","1094500","7.199852538457414","46.00180112591777",2000,4345,1950,3,"32"
479,"2581500","1094500","7.199852538457414","46.00180112591777",2001,4345,1950,3,"33"
479,"2581500","1094500","7.199852538457414","46.00180112591777",2002,4345,1950,3,"33"
479,"2581500","1094500","7.199852538457414","46.00180112591777",2003,4345,1950,3,"31"
479,"2581500","1094500","7.199852538457414","46.00180112591777",2004,4345,1950,3,"31"
479,"2581500","1094500","7.199852538457414","46.00180112591777",2005,4345,1950,3,"28"
479,"2581500","1094500","7.199852538457414","46.00180112591777",2006,4345,1950,3,"27"
479,"2581500","1094500","7.199852538457414","46.00180112591777",2007,4345,1950,3,"41"
479,"2581500","1094500","7.199852538457414","46.00180112591777",2008,4345,1950,3,"35"
479,"2581500","1094500","7.199852538457414","46.00180112591777",2009,4345,1950,3,"36"
479,"2581500","1094500","7.199852538457414","46.00180112591777",2010,4345,1950,3,"28"
479,"2581500","1094500","7.199852538457414","46.00180112591777",2011,4345,1950,3,"35"
479,"2581500","1094500","7.199852538457414","46.00180112591777",2012,4345,1950,3,"35"
479,"2581500","1094500","7.199852538457414","46.00180112591777",2013,4345,1950,3,"34"
479,"2581500","1094500","7.199852538457414","46.00180112591777",2014,4345,1950,3,"34"
479,"2581500","1094500","7.199852538457414","46.00180112591777",2015,4345,1950,3,"35"
479,"2581500","1094500","7.199852538457414","46.00180112591777",2016,4345,1950,3,"34"
479,"2581500","1094500","7.199852538457414","46.00180112591777",2017,4345,1950,3,"38"
479,"2581500","1094500","7.199852538457414","46.00180112591777",2018,4345,1950,3,"34"
479,"2581500","1094500","7.199852538457414","46.00180112591777",2019,4345,1950,3,"37"
479,"2581500","1094500","7.199852538457414","46.00180112591777",2020,4345,1950,3,"37"
479,"2581500","1094500","7.199852538457414","46.00180112591777",2021,4345,1950,3,"39"
479,"2581500","1094500","7.199852538457414","46.00180112591777",2022,4345,1950,3,"35"
479,"2581500","1094500","7.199852538457414","46.00180112591777",2023,4345,1950,3,"39"
479,"2581500","1094500","7.199852538457414","46.00180112591777",2024,4345,1950,3,"35"
479,"2581500","1094500","7.199852538457414","46.00180112591777",2025,4345,1950,3,"31"
480,"2581500","1118500","7.198901493888687","46.21769273140074",1999,3748,1050,3,"28"
480,"2581500","1118500","7.198901493888687","46.21769273140074",2000,3748,1050,3,"30"
480,"2581500","1118500","7.198901493888687","46.21769273140074",2001,3748,1050,3,"31"
480,"2581500","1118500","7.198901493888687","46.21769273140074",2002,3748,1050,3,"39"
480,"2581500","1118500","7.198901493888687","46.21769273140074",2003,3748,1050,3,"35"
480,"2581500","1118500","7.198901493888687","46.21769273140074",2004,3748,1050,3,"37"
480,"2581500","1118500","7.198901493888687","46.21769273140074",2005,3748,1050,3,"37"
480,"2581500","1118500","7.198901493888687","46.21769273140074",2006,3748,1050,3,"37"
480,"2581500","1118500","7.198901493888687","46.21769273140074",2007,3748,1050,3,"33"
480,"2581500","1118500","7.198901493888687","46.21769273140074",2008,3748,1050,3,"35"
480,"2581500","1118500","7.198901493888687","46.21769273140074",2009,3748,1050,3,"31"
480,"2581500","1118500","7.198901493888687","46.21769273140074",2010,3748,1050,3,"32"
480,"2581500","1118500","7.198901493888687","46.21769273140074",2011,3748,1050,3,"28"
480,"2581500","1118500","7.198901493888687","46.21769273140074",2012,3748,1050,3,"34"
480,"2581500","1118500","7.198901493888687","46.21769273140074",2013,3748,1050,3,"33"
480,"2581500","1118500","7.198901493888687","46.21769273140074",2014,3748,1050,3,"35"
480,"2581500","1118500","7.198901493888687","46.21769273140074",2015,3748,1050,3,"32"
480,"2581500","1118500","7.198901493888687","46.21769273140074",2016,3748,1050,3,"32"
480,"2581500","1118500","7.198901493888687","46.21769273140074",2017,3748,1050,3,"34"
480,"2581500","1118500","7.198901493888687","46.21769273140074",2018,3748,1050,3,"33"
480,"2581500","1118500","7.198901493888687","46.21769273140074",2019,3748,1050,3,"36"
480,"2581500","1118500","7.198901493888687","46.21769273140074",2020,3748,1050,3,"39"
480,"2581500","1118500","7.198901493888687","46.21769273140074",2021,3748,1050,3,"35"
480,"2581500","1118500","7.198901493888687","46.21769273140074",2022,3748,1050,3,"34"
480,"2581500","1118500","7.198901493888687","46.21769273140074",2023,3748,1050,3,"39"
480,"2581500","1118500","7.198901493888687","46.21769273140074",2024,3748,1050,3,"40"
480,"2581500","1118500","7.198901493888687","46.21769273140074",2025,3748,1050,3,"37"
481,"2581500","1135500","7.198223279714049","46.370617461622096",1999,5075,2050,2,"11"
481,"2581500","1135500","7.198223279714049","46.370617461622096",2000,5075,2050,2,"13"
481,"2581500","1135500","7.198223279714049","46.370617461622096",2001,5075,2050,2,"12"
481,"2581500","1135500","7.198223279714049","46.370617461622096",2002,5075,2050,2,"12"
481,"2581500","1135500","7.198223279714049","46.370617461622096",2003,5075,2050,2,"17"
481,"2581500","1135500","7.198223279714049","46.370617461622096",2004,5075,2050,2,"14"
481,"2581500","1135500","7.198223279714049","46.370617461622096",2005,5075,2050,2,"13"
481,"2581500","1135500","7.198223279714049","46.370617461622096",2006,5075,2050,2,"19"
481,"2581500","1135500","7.198223279714049","46.370617461622096",2007,5075,2050,2,"14"
481,"2581500","1135500","7.198223279714049","46.370617461622096",2008,5075,2050,2,"16"
481,"2581500","1135500","7.198223279714049","46.370617461622096",2009,5075,2050,2,"14"
481,"2581500","1135500","7.198223279714049","46.370617461622096",2010,5075,2050,2,"15"
481,"2581500","1135500","7.198223279714049","46.370617461622096",2011,5075,2050,2,"16"
481,"2581500","1135500","7.198223279714049","46.370617461622096",2012,5075,2050,2,"15"
481,"2581500","1135500","7.198223279714049","46.370617461622096",2013,5075,2050,2,"15"
481,"2581500","1135500","7.198223279714049","46.370617461622096",2014,5075,2050,2,"14"
481,"2581500","1135500","7.198223279714049","46.370617461622096",2015,5075,2050,2,"14"
481,"2581500","1135500","7.198223279714049","46.370617461622096",2016,5075,2050,2,"12"
481,"2581500","1135500","7.198223279714049","46.370617461622096",2017,5075,2050,2,"17"
481,"2581500","1135500","7.198223279714049","46.370617461622096",2018,5075,2050,2,"17"
481,"2581500","1135500","7.198223279714049","46.370617461622096",2019,5075,2050,2,"16"
481,"2581500","1135500","7.198223279714049","46.370617461622096",2020,5075,2050,2,"15"
481,"2581500","1135500","7.198223279714049","46.370617461622096",2021,5075,2050,2,"16"
481,"2581500","1135500","7.198223279714049","46.370617461622096",2022,5075,2050,2,"15"
481,"2581500","1135500","7.198223279714049","46.370617461622096",2023,5075,2050,2,"17"
481,"2581500","1135500","7.198223279714049","46.370617461622096",2024,5075,2050,2,"18"
481,"2581500","1135500","7.198223279714049","46.370617461622096",2025,5075,2050,2,"18"
482,"2581500","1150500","7.19762168332651","46.50555109720818",1999,5832,1250,3,"33"
482,"2581500","1150500","7.19762168332651","46.50555109720818",2000,5832,1250,3,"33"
482,"2581500","1150500","7.19762168332651","46.50555109720818",2001,5832,1250,3,"34"
482,"2581500","1150500","7.19762168332651","46.50555109720818",2002,5832,1250,3,"38"
482,"2581500","1150500","7.19762168332651","46.50555109720818",2003,5832,1250,3,"32"
482,"2581500","1150500","7.19762168332651","46.50555109720818",2004,5832,1250,3,"37"
482,"2581500","1150500","7.19762168332651","46.50555109720818",2005,5832,1250,3,"35"
482,"2581500","1150500","7.19762168332651","46.50555109720818",2006,5832,1250,3,"35"
482,"2581500","1150500","7.19762168332651","46.50555109720818",2007,5832,1250,3,"34"
482,"2581500","1150500","7.19762168332651","46.50555109720818",2008,5832,1250,3,"35"
482,"2581500","1150500","7.19762168332651","46.50555109720818",2009,5832,1250,3,"35"
482,"2581500","1150500","7.19762168332651","46.50555109720818",2010,5832,1250,3,"39"
482,"2581500","1150500","7.19762168332651","46.50555109720818",2011,5832,1250,3,"36"
482,"2581500","1150500","7.19762168332651","46.50555109720818",2012,5832,1250,3,"33"
482,"2581500","1150500","7.19762168332651","46.50555109720818",2013,5832,1250,3,"27"
482,"2581500","1150500","7.19762168332651","46.50555109720818",2014,5832,1250,3,"37"
482,"2581500","1150500","7.19762168332651","46.50555109720818",2015,5832,1250,3,"41"
482,"2581500","1150500","7.19762168332651","46.50555109720818",2016,5832,1250,3,"51"
482,"2581500","1150500","7.19762168332651","46.50555109720818",2017,5832,1250,3,"41"
482,"2581500","1150500","7.19762168332651","46.50555109720818",2018,5832,1250,3,"38"
482,"2581500","1150500","7.19762168332651","46.50555109720818",2019,5832,1250,3,"43"
482,"2581500","1150500","7.19762168332651","46.50555109720818",2020,5832,1250,3,"44"
482,"2581500","1150500","7.19762168332651","46.50555109720818",2021,5832,1250,3,"48"
482,"2581500","1150500","7.19762168332651","46.50555109720818",2022,5832,1250,3,"42"
482,"2581500","1150500","7.19762168332651","46.50555109720818",2023,5832,1250,3,"48"
482,"2581500","1150500","7.19762168332651","46.50555109720818",2024,5832,1250,3,"47"
482,"2581500","1150500","7.19762168332651","46.50555109720818",2025,5832,1250,3,"43"
483,"2581500","1230500","7.194361857485624","47.22516661932273",1999,6651,750,3,"38"
483,"2581500","1230500","7.194361857485624","47.22516661932273",2000,6651,750,3,"38"
483,"2581500","1230500","7.194361857485624","47.22516661932273",2001,6651,750,3,"45"
483,"2581500","1230500","7.194361857485624","47.22516661932273",2002,6651,750,3,"36"
483,"2581500","1230500","7.194361857485624","47.22516661932273",2003,6651,750,3,"41"
483,"2581500","1230500","7.194361857485624","47.22516661932273",2004,6651,750,3,"44"
483,"2581500","1230500","7.194361857485624","47.22516661932273",2005,6651,750,3,"44"
483,"2581500","1230500","7.194361857485624","47.22516661932273",2006,6651,750,3,"45"
483,"2581500","1230500","7.194361857485624","47.22516661932273",2007,6651,750,3,"41"
483,"2581500","1230500","7.194361857485624","47.22516661932273",2008,6651,750,3,"45"
483,"2581500","1230500","7.194361857485624","47.22516661932273",2009,6651,750,3,"43"
483,"2581500","1230500","7.194361857485624","47.22516661932273",2010,6651,750,3,"47"
483,"2581500","1230500","7.194361857485624","47.22516661932273",2011,6651,750,3,"32"
483,"2581500","1230500","7.194361857485624","47.22516661932273",2012,6651,750,3,"32"
483,"2581500","1230500","7.194361857485624","47.22516661932273",2013,6651,750,3,"32"
483,"2581500","1230500","7.194361857485624","47.22516661932273",2014,6651,750,3,"38"
483,"2581500","1230500","7.194361857485624","47.22516661932273",2015,6651,750,3,"41"
483,"2581500","1230500","7.194361857485624","47.22516661932273",2016,6651,750,3,"37"
483,"2581500","1230500","7.194361857485624","47.22516661932273",2017,6651,750,3,"41"
483,"2581500","1230500","7.194361857485624","47.22516661932273",2018,6651,750,3,"44"
483,"2581500","1230500","7.194361857485624","47.22516661932273",2019,6651,750,3,"53"
483,"2581500","1230500","7.194361857485624","47.22516661932273",2020,6651,750,3,"44"
483,"2581500","1230500","7.194361857485624","47.22516661932273",2021,6651,750,3,"44"
483,"2581500","1230500","7.194361857485624","47.22516661932273",2022,6651,750,3,"43"
483,"2581500","1230500","7.194361857485624","47.22516661932273",2023,6651,750,3,"39"
483,"2581500","1230500","7.194361857485624","47.22516661932273",2024,6651,750,3,"40"
483,"2581500","1230500","7.194361857485624","47.22516661932273",2025,6651,750,3,"38"
484,"2587500","1102500","7.277085674035782","46.07390312563776",1999,4095,2250,2,"20"
484,"2587500","1102500","7.277085674035782","46.07390312563776",2000,4095,2250,2,"16"
484,"2587500","1102500","7.277085674035782","46.07390312563776",2001,4095,2250,2,"17"
484,"2587500","1102500","7.277085674035782","46.07390312563776",2002,4095,2250,2,"20"
484,"2587500","1102500","7.277085674035782","46.07390312563776",2003,4095,2250,2,"15"
484,"2587500","1102500","7.277085674035782","46.07390312563776",2004,4095,2250,2,"16"
484,"2587500","1102500","7.277085674035782","46.07390312563776",2005,4095,2250,2,"20"
484,"2587500","1102500","7.277085674035782","46.07390312563776",2006,4095,2250,2,"15"
484,"2587500","1102500","7.277085674035782","46.07390312563776",2007,4095,2250,2,"15"
484,"2587500","1102500","7.277085674035782","46.07390312563776",2008,4095,2250,2,"15"
484,"2587500","1102500","7.277085674035782","46.07390312563776",2009,4095,2250,2,"15"
484,"2587500","1102500","7.277085674035782","46.07390312563776",2010,4095,2250,2,"18"
484,"2587500","1102500","7.277085674035782","46.07390312563776",2011,4095,2250,2,"14"
484,"2587500","1102500","7.277085674035782","46.07390312563776",2012,4095,2250,2,"15"
484,"2587500","1102500","7.277085674035782","46.07390312563776",2013,4095,2250,2,"15"
484,"2587500","1102500","7.277085674035782","46.07390312563776",2014,4095,2250,2,"15"
484,"2587500","1102500","7.277085674035782","46.07390312563776",2015,4095,2250,2,"19"
484,"2587500","1102500","7.277085674035782","46.07390312563776",2016,4095,2250,2,"17"
484,"2587500","1102500","7.277085674035782","46.07390312563776",2017,4095,2250,2,"16"
484,"2587500","1102500","7.277085674035782","46.07390312563776",2018,4095,2250,2,"13"
484,"2587500","1102500","7.277085674035782","46.07390312563776",2019,4095,2250,2,"17"
484,"2587500","1102500","7.277085674035782","46.07390312563776",2020,4095,2250,2,"16"
484,"2587500","1102500","7.277085674035782","46.07390312563776",2021,4095,2250,2,"15"
484,"2587500","1102500","7.277085674035782","46.07390312563776",2022,4095,2250,2,"16"
484,"2587500","1102500","7.277085674035782","46.07390312563776",2023,4095,2250,2,"18"
484,"2587500","1102500","7.277085674035782","46.07390312563776",2024,4095,2250,2,"19"
484,"2587500","1102500","7.277085674035782","46.07390312563776",2025,4095,2250,2,"21"
485,"2587500","1110500","7.276871079191854","46.14586721382724",1999,3936,1750,3,"34"
485,"2587500","1110500","7.276871079191854","46.14586721382724",2000,3936,1750,3,"38"
485,"2587500","1110500","7.276871079191854","46.14586721382724",2001,3936,1750,3,"36"
485,"2587500","1110500","7.276871079191854","46.14586721382724",2002,3936,1750,3,"36"
485,"2587500","1110500","7.276871079191854","46.14586721382724",2003,3936,1750,3,"33"
485,"2587500","1110500","7.276871079191854","46.14586721382724",2004,3936,1750,3,"38"
485,"2587500","1110500","7.276871079191854","46.14586721382724",2005,3936,1750,3,"39"
485,"2587500","1110500","7.276871079191854","46.14586721382724",2006,3936,1750,3,"40"
485,"2587500","1110500","7.276871079191854","46.14586721382724",2007,3936,1750,3,"36"
485,"2587500","1110500","7.276871079191854","46.14586721382724",2008,3936,1750,3,"43"
485,"2587500","1110500","7.276871079191854","46.14586721382724",2009,3936,1750,3,"37"
485,"2587500","1110500","7.276871079191854","46.14586721382724",2010,3936,1750,3,"35"
485,"2587500","1110500","7.276871079191854","46.14586721382724",2011,3936,1750,3,"41"
485,"2587500","1110500","7.276871079191854","46.14586721382724",2012,3936,1750,3,"41"
485,"2587500","1110500","7.276871079191854","46.14586721382724",2013,3936,1750,3,"37"
485,"2587500","1110500","7.276871079191854","46.14586721382724",2014,3936,1750,3,"42"
485,"2587500","1110500","7.276871079191854","46.14586721382724",2015,3936,1750,3,"47"
485,"2587500","1110500","7.276871079191854","46.14586721382724",2016,3936,1750,3,"38"
485,"2587500","1110500","7.276871079191854","46.14586721382724",2017,3936,1750,3,"40"
485,"2587500","1110500","7.276871079191854","46.14586721382724",2019,3936,1750,3,"39"
485,"2587500","1110500","7.276871079191854","46.14586721382724",2021,3936,1750,3,"50"
485,"2587500","1110500","7.276871079191854","46.14586721382724",2022,3936,1750,3,"39"
485,"2587500","1110500","7.276871079191854","46.14586721382724",2023,3936,1750,3,"44"
485,"2587500","1110500","7.276871079191854","46.14586721382724",2024,3936,1750,3,"47"
485,"2587500","1110500","7.276871079191854","46.14586721382724",2025,3936,1750,3,"46"
486,"2587500","1126500","7.276440191248531","46.28979635059887",1999,4498,2250,2,"6"
486,"2587500","1126500","7.276440191248531","46.28979635059887",2000,4498,2250,2,"5"
486,"2587500","1126500","7.276440191248531","46.28979635059887",2001,4498,2250,2,"6"
486,"2587500","1126500","7.276440191248531","46.28979635059887",2002,4498,2250,2,"9"
486,"2587500","1126500","7.276440191248531","46.28979635059887",2003,4498,2250,2,"7"
486,"2587500","1126500","7.276440191248531","46.28979635059887",2004,4498,2250,2,"8"
486,"2587500","1126500","7.276440191248531","46.28979635059887",2005,4498,2250,2,"11"
486,"2587500","1126500","7.276440191248531","46.28979635059887",2006,4498,2250,2,"8"
486,"2587500","1126500","7.276440191248531","46.28979635059887",2007,4498,2250,2,"9"
486,"2587500","1126500","7.276440191248531","46.28979635059887",2008,4498,2250,2,"7"
486,"2587500","1126500","7.276440191248531","46.28979635059887",2009,4498,2250,2,"7"
486,"2587500","1126500","7.276440191248531","46.28979635059887",2010,4498,2250,2,"7"
486,"2587500","1126500","7.276440191248531","46.28979635059887",2011,4498,2250,2,"8"
486,"2587500","1126500","7.276440191248531","46.28979635059887",2012,4498,2250,2,"11"
486,"2587500","1126500","7.276440191248531","46.28979635059887",2013,4498,2250,2,"7"
486,"2587500","1126500","7.276440191248531","46.28979635059887",2014,4498,2250,2,"9"
486,"2587500","1126500","7.276440191248531","46.28979635059887",2015,4498,2250,2,"13"
486,"2587500","1126500","7.276440191248531","46.28979635059887",2016,4498,2250,2,"12"
486,"2587500","1126500","7.276440191248531","46.28979635059887",2017,4498,2250,2,"11"
486,"2587500","1126500","7.276440191248531","46.28979635059887",2018,4498,2250,2,"11"
486,"2587500","1126500","7.276440191248531","46.28979635059887",2019,4498,2250,2,"11"
486,"2587500","1126500","7.276440191248531","46.28979635059887",2020,4498,2250,2,"11"
486,"2587500","1126500","7.276440191248531","46.28979635059887",2021,4498,2250,2,"12"
486,"2587500","1126500","7.276440191248531","46.28979635059887",2022,4498,2250,2,"10"
486,"2587500","1126500","7.276440191248531","46.28979635059887",2023,4498,2250,2,"12"
486,"2587500","1126500","7.276440191248531","46.28979635059887",2024,4498,2250,2,"7"
486,"2587500","1126500","7.276440191248531","46.28979635059887",2025,4498,2250,2,"8"
487,"2587500","1142500","7.27600702175481","46.433726013938255",1999,5070,1150,3,"41"
487,"2587500","1142500","7.27600702175481","46.433726013938255",2000,5070,1150,3,"44"
487,"2587500","1142500","7.27600702175481","46.433726013938255",2001,5070,1150,3,"47"
487,"2587500","1142500","7.27600702175481","46.433726013938255",2002,5070,1150,3,"44"
487,"2587500","1142500","7.27600702175481","46.433726013938255",2003,5070,1150,3,"43"
487,"2587500","1142500","7.27600702175481","46.433726013938255",2004,5070,1150,3,"43"
487,"2587500","1142500","7.27600702175481","46.433726013938255",2005,5070,1150,3,"45"
487,"2587500","1142500","7.27600702175481","46.433726013938255",2006,5070,1150,3,"45"
487,"2587500","1142500","7.27600702175481","46.433726013938255",2007,5070,1150,3,"46"
487,"2587500","1142500","7.27600702175481","46.433726013938255",2008,5070,1150,3,"45"
487,"2587500","1142500","7.27600702175481","46.433726013938255",2009,5070,1150,3,"42"
487,"2587500","1142500","7.27600702175481","46.433726013938255",2010,5070,1150,3,"43"
487,"2587500","1142500","7.27600702175481","46.433726013938255",2011,5070,1150,3,"34"
487,"2587500","1142500","7.27600702175481","46.433726013938255",2012,5070,1150,3,"37"
487,"2587500","1142500","7.27600702175481","46.433726013938255",2013,5070,1150,3,"34"
487,"2587500","1142500","7.27600702175481","46.433726013938255",2014,5070,1150,3,"44"
487,"2587500","1142500","7.27600702175481","46.433726013938255",2015,5070,1150,3,"42"
487,"2587500","1142500","7.27600702175481","46.433726013938255",2016,5070,1150,3,"38"
487,"2587500","1142500","7.27600702175481","46.433726013938255",2017,5070,1150,3,"41"
487,"2587500","1142500","7.27600702175481","46.433726013938255",2018,5070,1150,3,"41"
487,"2587500","1142500","7.27600702175481","46.433726013938255",2019,5070,1150,3,"42"
487,"2587500","1142500","7.27600702175481","46.433726013938255",2020,5070,1150,3,"35"
487,"2587500","1142500","7.27600702175481","46.433726013938255",2021,5070,1150,3,"43"
487,"2587500","1142500","7.27600702175481","46.433726013938255",2022,5070,1150,3,"34"
487,"2587500","1142500","7.27600702175481","46.433726013938255",2023,5070,1150,3,"42"
487,"2587500","1142500","7.27600702175481","46.433726013938255",2024,5070,1150,3,"40"
487,"2587500","1142500","7.27600702175481","46.433726013938255",2025,5070,1150,3,"38"
488,"2587500","1174500","7.275133754390709","46.721583301741596",1999,3742,1150,3,"22"
488,"2587500","1174500","7.275133754390709","46.721583301741596",2000,3742,1150,3,"20"
488,"2587500","1174500","7.275133754390709","46.721583301741596",2001,3742,1150,3,"26"
488,"2587500","1174500","7.275133754390709","46.721583301741596",2002,3742,1150,3,"22"
488,"2587500","1174500","7.275133754390709","46.721583301741596",2003,3742,1150,3,"20"
488,"2587500","1174500","7.275133754390709","46.721583301741596",2004,3742,1150,3,"24"
488,"2587500","1174500","7.275133754390709","46.721583301741596",2005,3742,1150,3,"24"
488,"2587500","1174500","7.275133754390709","46.721583301741596",2006,3742,1150,3,"23"
488,"2587500","1174500","7.275133754390709","46.721583301741596",2007,3742,1150,3,"26"
488,"2587500","1174500","7.275133754390709","46.721583301741596",2008,3742,1150,3,"24"
488,"2587500","1174500","7.275133754390709","46.721583301741596",2009,3742,1150,3,"19"
488,"2587500","1174500","7.275133754390709","46.721583301741596",2010,3742,1150,3,"28"
488,"2587500","1174500","7.275133754390709","46.721583301741596",2011,3742,1150,3,"23"
488,"2587500","1174500","7.275133754390709","46.721583301741596",2012,3742,1150,3,"26"
488,"2587500","1174500","7.275133754390709","46.721583301741596",2013,3742,1150,3,"30"
488,"2587500","1174500","7.275133754390709","46.721583301741596",2014,3742,1150,3,"31"
488,"2587500","1174500","7.275133754390709","46.721583301741596",2015,3742,1150,3,"35"
488,"2587500","1174500","7.275133754390709","46.721583301741596",2016,3742,1150,3,"29"
488,"2587500","1174500","7.275133754390709","46.721583301741596",2017,3742,1150,3,"32"
488,"2587500","1174500","7.275133754390709","46.721583301741596",2018,3742,1150,3,"32"
488,"2587500","1174500","7.275133754390709","46.721583301741596",2019,3742,1150,3,"39"
488,"2587500","1174500","7.275133754390709","46.721583301741596",2020,3742,1150,3,"37"
488,"2587500","1174500","7.275133754390709","46.721583301741596",2021,3742,1150,3,"33"
488,"2587500","1174500","7.275133754390709","46.721583301741596",2022,3742,1150,3,"30"
488,"2587500","1174500","7.275133754390709","46.721583301741596",2023,3742,1150,3,"33"
488,"2587500","1174500","7.275133754390709","46.721583301741596",2024,3742,1150,3,"34"
488,"2587500","1174500","7.275133754390709","46.721583301741596",2025,3742,1150,3,"33"
489,"2587500","1190500","7.274693614026028","46.8655091172217",1999,4573,650,3,"37"
489,"2587500","1190500","7.274693614026028","46.8655091172217",2000,4573,650,3,"43"
489,"2587500","1190500","7.274693614026028","46.8655091172217",2001,4573,650,3,"38"
489,"2587500","1190500","7.274693614026028","46.8655091172217",2002,4573,650,3,"37"
489,"2587500","1190500","7.274693614026028","46.8655091172217",2003,4573,650,3,"36"
489,"2587500","1190500","7.274693614026028","46.8655091172217",2004,4573,650,3,"41"
489,"2587500","1190500","7.274693614026028","46.8655091172217",2005,4573,650,3,"43"
489,"2587500","1190500","7.274693614026028","46.8655091172217",2006,4573,650,3,"42"
489,"2587500","1190500","7.274693614026028","46.8655091172217",2007,4573,650,3,"43"
489,"2587500","1190500","7.274693614026028","46.8655091172217",2008,4573,650,3,"36"
489,"2587500","1190500","7.274693614026028","46.8655091172217",2009,4573,650,3,"39"
489,"2587500","1190500","7.274693614026028","46.8655091172217",2010,4573,650,3,"41"
489,"2587500","1190500","7.274693614026028","46.8655091172217",2011,4573,650,3,"42"
489,"2587500","1190500","7.274693614026028","46.8655091172217",2012,4573,650,3,"41"
489,"2587500","1190500","7.274693614026028","46.8655091172217",2013,4573,650,3,"39"
489,"2587500","1190500","7.274693614026028","46.8655091172217",2014,4573,650,3,"42"
489,"2587500","1190500","7.274693614026028","46.8655091172217",2015,4573,650,3,"38"
489,"2587500","1190500","7.274693614026028","46.8655091172217",2016,4573,650,3,"40"
489,"2587500","1190500","7.274693614026028","46.8655091172217",2017,4573,650,3,"49"
489,"2587500","1190500","7.274693614026028","46.8655091172217",2018,4573,650,3,"42"
489,"2587500","1190500","7.274693614026028","46.8655091172217",2019,4573,650,3,"43"
489,"2587500","1190500","7.274693614026028","46.8655091172217",2020,4573,650,3,"39"
489,"2587500","1190500","7.274693614026028","46.8655091172217",2021,4573,650,3,"48"
489,"2587500","1190500","7.274693614026028","46.8655091172217",2022,4573,650,3,"47"
489,"2587500","1190500","7.274693614026028","46.8655091172217",2023,4573,650,3,"48"
489,"2587500","1190500","7.274693614026028","46.8655091172217",2024,4573,650,3,"50"
489,"2587500","1190500","7.274693614026028","46.8655091172217",2025,4573,650,3,"38"
490,"2587500","1206500","7.274251107114748","47.00943184135889",1999,7145,550,3,"33"
490,"2587500","1206500","7.274251107114748","47.00943184135889",2000,7145,550,3,"31"
490,"2587500","1206500","7.274251107114748","47.00943184135889",2001,7145,550,3,"31"
490,"2587500","1206500","7.274251107114748","47.00943184135889",2002,7145,550,3,"29"
490,"2587500","1206500","7.274251107114748","47.00943184135889",2003,7145,550,3,"34"
490,"2587500","1206500","7.274251107114748","47.00943184135889",2004,7145,550,3,"33"
490,"2587500","1206500","7.274251107114748","47.00943184135889",2005,7145,550,3,"31"
490,"2587500","1206500","7.274251107114748","47.00943184135889",2006,7145,550,3,"30"
490,"2587500","1206500","7.274251107114748","47.00943184135889",2007,7145,550,3,"30"
490,"2587500","1206500","7.274251107114748","47.00943184135889",2008,7145,550,3,"34"
490,"2587500","1206500","7.274251107114748","47.00943184135889",2009,7145,550,3,"34"
490,"2587500","1206500","7.274251107114748","47.00943184135889",2010,7145,550,3,"33"
490,"2587500","1206500","7.274251107114748","47.00943184135889",2011,7145,550,3,"33"
490,"2587500","1206500","7.274251107114748","47.00943184135889",2012,7145,550,3,"30"
490,"2587500","1206500","7.274251107114748","47.00943184135889",2013,7145,550,3,"33"
490,"2587500","1206500","7.274251107114748","47.00943184135889",2014,7145,550,3,"38"
490,"2587500","1206500","7.274251107114748","47.00943184135889",2015,7145,550,3,"32"
490,"2587500","1206500","7.274251107114748","47.00943184135889",2016,7145,550,3,"32"
490,"2587500","1206500","7.274251107114748","47.00943184135889",2017,7145,550,3,"44"
490,"2587500","1206500","7.274251107114748","47.00943184135889",2018,7145,550,3,"43"
490,"2587500","1206500","7.274251107114748","47.00943184135889",2019,7145,550,3,"43"
490,"2587500","1206500","7.274251107114748","47.00943184135889",2020,7145,550,3,"43"
490,"2587500","1206500","7.274251107114748","47.00943184135889",2021,7145,550,3,"41"
490,"2587500","1206500","7.274251107114748","47.00943184135889",2022,7145,550,3,"43"
490,"2587500","1206500","7.274251107114748","47.00943184135889",2023,7145,550,3,"45"
490,"2587500","1206500","7.274251107114748","47.00943184135889",2024,7145,550,3,"45"
490,"2587500","1206500","7.274251107114748","47.00943184135889",2025,7145,550,3,"44"
491,"2593500","1150500","7.353957791755247","46.50577661006764",1999,6000,1850,3,"30"
491,"2593500","1150500","7.353957791755247","46.50577661006764",2000,6000,1850,3,"32"
491,"2593500","1150500","7.353957791755247","46.50577661006764",2001,6000,1850,3,"33"
491,"2593500","1150500","7.353957791755247","46.50577661006764",2002,6000,1850,3,"29"
491,"2593500","1150500","7.353957791755247","46.50577661006764",2003,6000,1850,3,"33"
491,"2593500","1150500","7.353957791755247","46.50577661006764",2004,6000,1850,3,"33"
491,"2593500","1150500","7.353957791755247","46.50577661006764",2005,6000,1850,3,"34"
491,"2593500","1150500","7.353957791755247","46.50577661006764",2006,6000,1850,3,"36"
491,"2593500","1150500","7.353957791755247","46.50577661006764",2007,6000,1850,3,"33"
491,"2593500","1150500","7.353957791755247","46.50577661006764",2008,6000,1850,3,"40"
491,"2593500","1150500","7.353957791755247","46.50577661006764",2009,6000,1850,3,"37"
491,"2593500","1150500","7.353957791755247","46.50577661006764",2010,6000,1850,3,"36"
491,"2593500","1150500","7.353957791755247","46.50577661006764",2011,6000,1850,3,"39"
491,"2593500","1150500","7.353957791755247","46.50577661006764",2012,6000,1850,3,"35"
491,"2593500","1150500","7.353957791755247","46.50577661006764",2013,6000,1850,3,"32"
491,"2593500","1150500","7.353957791755247","46.50577661006764",2014,6000,1850,3,"33"
491,"2593500","1150500","7.353957791755247","46.50577661006764",2015,6000,1850,3,"38"
491,"2593500","1150500","7.353957791755247","46.50577661006764",2016,6000,1850,3,"36"
491,"2593500","1150500","7.353957791755247","46.50577661006764",2017,6000,1850,3,"38"
491,"2593500","1150500","7.353957791755247","46.50577661006764",2018,6000,1850,3,"35"
491,"2593500","1150500","7.353957791755247","46.50577661006764",2019,6000,1850,3,"36"
491,"2593500","1150500","7.353957791755247","46.50577661006764",2020,6000,1850,3,"33"
491,"2593500","1150500","7.353957791755247","46.50577661006764",2021,6000,1850,3,"39"
491,"2593500","1150500","7.353957791755247","46.50577661006764",2022,6000,1850,3,"37"
491,"2593500","1150500","7.353957791755247","46.50577661006764",2023,6000,1850,3,"39"
491,"2593500","1150500","7.353957791755247","46.50577661006764",2024,6000,1850,3,"46"
491,"2593500","1150500","7.353957791755247","46.50577661006764",2025,6000,1850,3,"39"
492,"2593500","1182500","7.35350007196301","46.79363284670653",1999,5921,950,3,"44"
492,"2593500","1182500","7.35350007196301","46.79363284670653",2000,5921,950,3,"37"
492,"2593500","1182500","7.35350007196301","46.79363284670653",2001,5921,950,3,"39"
492,"2593500","1182500","7.35350007196301","46.79363284670653",2002,5921,950,3,"43"
492,"2593500","1182500","7.35350007196301","46.79363284670653",2003,5921,950,3,"43"
492,"2593500","1182500","7.35350007196301","46.79363284670653",2004,5921,950,3,"41"
492,"2593500","1182500","7.35350007196301","46.79363284670653",2005,5921,950,3,"43"
492,"2593500","1182500","7.35350007196301","46.79363284670653",2006,5921,950,3,"45"
492,"2593500","1182500","7.35350007196301","46.79363284670653",2007,5921,950,3,"37"
492,"2593500","1182500","7.35350007196301","46.79363284670653",2008,5921,950,3,"38"
492,"2593500","1182500","7.35350007196301","46.79363284670653",2009,5921,950,3,"33"
492,"2593500","1182500","7.35350007196301","46.79363284670653",2010,5921,950,3,"37"
492,"2593500","1182500","7.35350007196301","46.79363284670653",2011,5921,950,3,"39"
492,"2593500","1182500","7.35350007196301","46.79363284670653",2012,5921,950,3,"41"
492,"2593500","1182500","7.35350007196301","46.79363284670653",2013,5921,950,3,"41"
492,"2593500","1182500","7.35350007196301","46.79363284670653",2014,5921,950,3,"45"
492,"2593500","1182500","7.35350007196301","46.79363284670653",2015,5921,950,3,"43"
492,"2593500","1182500","7.35350007196301","46.79363284670653",2016,5921,950,3,"41"
492,"2593500","1182500","7.35350007196301","46.79363284670653",2017,5921,950,3,"41"
492,"2593500","1182500","7.35350007196301","46.79363284670653",2018,5921,950,3,"43"
492,"2593500","1182500","7.35350007196301","46.79363284670653",2019,5921,950,3,"42"
492,"2593500","1182500","7.35350007196301","46.79363284670653",2020,5921,950,3,"42"
492,"2593500","1182500","7.35350007196301","46.79363284670653",2021,5921,950,3,"41"
492,"2593500","1182500","7.35350007196301","46.79363284670653",2022,5921,950,3,"41"
492,"2593500","1182500","7.35350007196301","46.79363284670653",2023,5921,950,3,"43"
492,"2593500","1182500","7.35350007196301","46.79363284670653",2024,5921,950,3,"42"
493,"2593500","1214500","7.353037414779381","47.08147853147198",1999,5372,550,3,"36"
493,"2593500","1214500","7.353037414779381","47.08147853147198",2000,5372,550,3,"42"
493,"2593500","1214500","7.353037414779381","47.08147853147198",2001,5372,550,3,"34"
493,"2593500","1214500","7.353037414779381","47.08147853147198",2002,5372,550,3,"39"
493,"2593500","1214500","7.353037414779381","47.08147853147198",2003,5372,550,3,"41"
493,"2593500","1214500","7.353037414779381","47.08147853147198",2004,5372,550,3,"41"
493,"2593500","1214500","7.353037414779381","47.08147853147198",2005,5372,550,3,"41"
493,"2593500","1214500","7.353037414779381","47.08147853147198",2006,5372,550,3,"44"
493,"2593500","1214500","7.353037414779381","47.08147853147198",2007,5372,550,3,"44"
493,"2593500","1214500","7.353037414779381","47.08147853147198",2008,5372,550,3,"44"
493,"2593500","1214500","7.353037414779381","47.08147853147198",2009,5372,550,3,"40"
493,"2593500","1214500","7.353037414779381","47.08147853147198",2010,5372,550,3,"41"
493,"2593500","1214500","7.353037414779381","47.08147853147198",2011,5372,550,3,"40"
493,"2593500","1214500","7.353037414779381","47.08147853147198",2012,5372,550,3,"45"
493,"2593500","1214500","7.353037414779381","47.08147853147198",2013,5372,550,3,"42"
493,"2593500","1214500","7.353037414779381","47.08147853147198",2014,5372,550,3,"43"
493,"2593500","1214500","7.353037414779381","47.08147853147198",2015,5372,550,3,"44"
493,"2593500","1214500","7.353037414779381","47.08147853147198",2016,5372,550,3,"47"
493,"2593500","1214500","7.353037414779381","47.08147853147198",2017,5372,550,3,"40"
493,"2593500","1214500","7.353037414779381","47.08147853147198",2018,5372,550,3,"44"
493,"2593500","1214500","7.353037414779381","47.08147853147198",2019,5372,550,3,"45"
493,"2593500","1214500","7.353037414779381","47.08147853147198",2020,5372,550,3,"43"
493,"2593500","1214500","7.353037414779381","47.08147853147198",2021,5372,550,3,"46"
493,"2593500","1214500","7.353037414779381","47.08147853147198",2022,5372,550,3,"41"
493,"2593500","1214500","7.353037414779381","47.08147853147198",2023,5372,550,3,"46"
493,"2593500","1214500","7.353037414779381","47.08147853147198",2024,5372,550,3,"48"
493,"2593500","1214500","7.353037414779381","47.08147853147198",2025,5372,550,3,"47"
494,"2593500","1246500","7.352569728443018","47.36930643207425",1999,6077,450,3,"36"
494,"2593500","1246500","7.352569728443018","47.36930643207425",2000,6077,450,3,"38"
494,"2593500","1246500","7.352569728443018","47.36930643207425",2001,6077,450,3,"39"
494,"2593500","1246500","7.352569728443018","47.36930643207425",2002,6077,450,3,"34"
494,"2593500","1246500","7.352569728443018","47.36930643207425",2003,6077,450,3,"39"
494,"2593500","1246500","7.352569728443018","47.36930643207425",2004,6077,450,3,"32"
494,"2593500","1246500","7.352569728443018","47.36930643207425",2006,6077,450,3,"42"
494,"2593500","1246500","7.352569728443018","47.36930643207425",2007,6077,450,3,"39"
494,"2593500","1246500","7.352569728443018","47.36930643207425",2008,6077,450,3,"40"
494,"2593500","1246500","7.352569728443018","47.36930643207425",2009,6077,450,3,"33"
494,"2593500","1246500","7.352569728443018","47.36930643207425",2010,6077,450,3,"43"
494,"2593500","1246500","7.352569728443018","47.36930643207425",2011,6077,450,3,"44"
494,"2593500","1246500","7.352569728443018","47.36930643207425",2012,6077,450,3,"45"
494,"2593500","1246500","7.352569728443018","47.36930643207425",2013,6077,450,3,"45"
494,"2593500","1246500","7.352569728443018","47.36930643207425",2014,6077,450,3,"43"
494,"2593500","1246500","7.352569728443018","47.36930643207425",2015,6077,450,3,"43"
494,"2593500","1246500","7.352569728443018","47.36930643207425",2016,6077,450,3,"37"
494,"2593500","1246500","7.352569728443018","47.36930643207425",2017,6077,450,3,"39"
494,"2593500","1246500","7.352569728443018","47.36930643207425",2018,6077,450,3,"43"
494,"2593500","1246500","7.352569728443018","47.36930643207425",2019,6077,450,3,"44"
494,"2593500","1246500","7.352569728443018","47.36930643207425",2020,6077,450,3,"44"
494,"2593500","1246500","7.352569728443018","47.36930643207425",2021,6077,450,3,"42"
494,"2593500","1246500","7.352569728443018","47.36930643207425",2022,6077,450,3,"44"
494,"2593500","1246500","7.352569728443018","47.36930643207425",2023,6077,450,3,"44"
494,"2593500","1246500","7.352569728443018","47.36930643207425",2024,6077,450,3,"45"
494,"2593500","1246500","7.352569728443018","47.36930643207425",2025,6077,450,3,"44"
495,"2599500","1118500","7.432165575693442","46.21794892181316",1999,4878,1450,3,"45"
495,"2599500","1118500","7.432165575693442","46.21794892181316",2000,4878,1450,3,"49"
495,"2599500","1118500","7.432165575693442","46.21794892181316",2001,4878,1450,3,"40"
495,"2599500","1118500","7.432165575693442","46.21794892181316",2002,4878,1450,3,"37"
495,"2599500","1118500","7.432165575693442","46.21794892181316",2003,4878,1450,3,"39"
495,"2599500","1118500","7.432165575693442","46.21794892181316",2004,4878,1450,3,"39"
495,"2599500","1118500","7.432165575693442","46.21794892181316",2005,4878,1450,3,"40"
495,"2599500","1118500","7.432165575693442","46.21794892181316",2006,4878,1450,3,"41"
495,"2599500","1118500","7.432165575693442","46.21794892181316",2007,4878,1450,3,"41"
495,"2599500","1118500","7.432165575693442","46.21794892181316",2008,4878,1450,3,"39"
495,"2599500","1118500","7.432165575693442","46.21794892181316",2009,4878,1450,3,"36"
495,"2599500","1118500","7.432165575693442","46.21794892181316",2010,4878,1450,3,"44"
495,"2599500","1118500","7.432165575693442","46.21794892181316",2011,4878,1450,3,"40"
495,"2599500","1118500","7.432165575693442","46.21794892181316",2012,4878,1450,3,"43"
495,"2599500","1118500","7.432165575693442","46.21794892181316",2013,4878,1450,3,"42"
495,"2599500","1118500","7.432165575693442","46.21794892181316",2014,4878,1450,3,"44"
495,"2599500","1118500","7.432165575693442","46.21794892181316",2015,4878,1450,3,"35"
495,"2599500","1118500","7.432165575693442","46.21794892181316",2016,4878,1450,3,"40"
495,"2599500","1118500","7.432165575693442","46.21794892181316",2017,4878,1450,3,"39"
495,"2599500","1118500","7.432165575693442","46.21794892181316",2018,4878,1450,3,"42"
495,"2599500","1118500","7.432165575693442","46.21794892181316",2019,4878,1450,3,"46"
495,"2599500","1118500","7.432165575693442","46.21794892181316",2020,4878,1450,3,"53"
495,"2599500","1118500","7.432165575693442","46.21794892181316",2021,4878,1450,3,"47"
495,"2599500","1118500","7.432165575693442","46.21794892181316",2022,4878,1450,3,"50"
495,"2599500","1118500","7.432165575693442","46.21794892181316",2023,4878,1450,3,"46"
495,"2599500","1118500","7.432165575693442","46.21794892181316",2024,4878,1450,3,"50"
495,"2599500","1118500","7.432165575693442","46.21794892181316",2025,4878,1450,3,"45"
496,"2599500","1126500","7.432155767665712","46.289913767874204",1999,6114,850,3,"41"
496,"2599500","1126500","7.432155767665712","46.289913767874204",2000,6114,850,3,"40"
496,"2599500","1126500","7.432155767665712","46.289913767874204",2001,6114,850,3,"44"
496,"2599500","1126500","7.432155767665712","46.289913767874204",2002,6114,850,3,"44"
496,"2599500","1126500","7.432155767665712","46.289913767874204",2003,6114,850,3,"44"
496,"2599500","1126500","7.432155767665712","46.289913767874204",2004,6114,850,3,"45"
496,"2599500","1126500","7.432155767665712","46.289913767874204",2005,6114,850,3,"41"
496,"2599500","1126500","7.432155767665712","46.289913767874204",2006,6114,850,3,"40"
496,"2599500","1126500","7.432155767665712","46.289913767874204",2007,6114,850,3,"37"
496,"2599500","1126500","7.432155767665712","46.289913767874204",2008,6114,850,3,"44"
496,"2599500","1126500","7.432155767665712","46.289913767874204",2009,6114,850,3,"38"
496,"2599500","1126500","7.432155767665712","46.289913767874204",2010,6114,850,3,"39"
496,"2599500","1126500","7.432155767665712","46.289913767874204",2011,6114,850,3,"38"
496,"2599500","1126500","7.432155767665712","46.289913767874204",2012,6114,850,3,"40"
496,"2599500","1126500","7.432155767665712","46.289913767874204",2013,6114,850,3,"41"
496,"2599500","1126500","7.432155767665712","46.289913767874204",2014,6114,850,3,"32"
496,"2599500","1126500","7.432155767665712","46.289913767874204",2015,6114,850,3,"51"
496,"2599500","1126500","7.432155767665712","46.289913767874204",2016,6114,850,3,"50"
496,"2599500","1126500","7.432155767665712","46.289913767874204",2017,6114,850,3,"41"
496,"2599500","1126500","7.432155767665712","46.289913767874204",2018,6114,850,3,"39"
496,"2599500","1126500","7.432155767665712","46.289913767874204",2019,6114,850,3,"44"
496,"2599500","1126500","7.432155767665712","46.289913767874204",2020,6114,850,3,"37"
496,"2599500","1126500","7.432155767665712","46.289913767874204",2021,6114,850,3,"41"
496,"2599500","1126500","7.432155767665712","46.289913767874204",2022,6114,850,3,"50"
496,"2599500","1126500","7.432155767665712","46.289913767874204",2023,6114,850,3,"41"
496,"2599500","1126500","7.432155767665712","46.289913767874204",2024,6114,850,3,"42"
496,"2599500","1126500","7.432155767665712","46.289913767874204",2025,6114,850,3,"44"
497,"2599500","1142500","7.432136069451868","46.433843743055846",1999,4536,1450,3,"35"
497,"2599500","1142500","7.432136069451868","46.433843743055846",2000,4536,1450,3,"35"
497,"2599500","1142500","7.432136069451868","46.433843743055846",2001,4536,1450,3,"36"
497,"2599500","1142500","7.432136069451868","46.433843743055846",2002,4536,1450,3,"38"
497,"2599500","1142500","7.432136069451868","46.433843743055846",2003,4536,1450,3,"37"
497,"2599500","1142500","7.432136069451868","46.433843743055846",2004,4536,1450,3,"38"
497,"2599500","1142500","7.432136069451868","46.433843743055846",2005,4536,1450,3,"38"
497,"2599500","1142500","7.432136069451868","46.433843743055846",2006,4536,1450,3,"34"
497,"2599500","1142500","7.432136069451868","46.433843743055846",2007,4536,1450,3,"37"
497,"2599500","1142500","7.432136069451868","46.433843743055846",2008,4536,1450,3,"38"
497,"2599500","1142500","7.432136069451868","46.433843743055846",2009,4536,1450,3,"34"
497,"2599500","1142500","7.432136069451868","46.433843743055846",2010,4536,1450,3,"39"
497,"2599500","1142500","7.432136069451868","46.433843743055846",2011,4536,1450,3,"36"
497,"2599500","1142500","7.432136069451868","46.433843743055846",2012,4536,1450,3,"39"
497,"2599500","1142500","7.432136069451868","46.433843743055846",2013,4536,1450,3,"37"
497,"2599500","1142500","7.432136069451868","46.433843743055846",2014,4536,1450,3,"36"
497,"2599500","1142500","7.432136069451868","46.433843743055846",2015,4536,1450,3,"39"
497,"2599500","1142500","7.432136069451868","46.433843743055846",2016,4536,1450,3,"42"
497,"2599500","1142500","7.432136069451868","46.433843743055846",2017,4536,1450,3,"39"
497,"2599500","1142500","7.432136069451868","46.433843743055846",2018,4536,1450,3,"38"
497,"2599500","1142500","7.432136069451868","46.433843743055846",2019,4536,1450,3,"42"
497,"2599500","1142500","7.432136069451868","46.433843743055846",2020,4536,1450,3,"35"
497,"2599500","1142500","7.432136069451868","46.433843743055846",2021,4536,1450,3,"40"
497,"2599500","1142500","7.432136069451868","46.433843743055846",2022,4536,1450,3,"35"
497,"2599500","1142500","7.432136069451868","46.433843743055846",2023,4536,1450,3,"50"
497,"2599500","1142500","7.432136069451868","46.433843743055846",2024,4536,1450,3,"40"
497,"2599500","1142500","7.432136069451868","46.433843743055846",2025,4536,1450,3,"38"
498,"2599500","1158500","7.4321162608641265","46.57777334177858",2000,4633,1850,2,"27"
498,"2599500","1158500","7.4321162608641265","46.57777334177858",2001,4633,1850,2,"24"
498,"2599500","1158500","7.4321162608641265","46.57777334177858",2002,4633,1850,2,"22"
498,"2599500","1158500","7.4321162608641265","46.57777334177858",2003,4633,1850,2,"21"
498,"2599500","1158500","7.4321162608641265","46.57777334177858",2004,4633,1850,2,"24"
498,"2599500","1158500","7.4321162608641265","46.57777334177858",2005,4633,1850,2,"27"
498,"2599500","1158500","7.4321162608641265","46.57777334177858",2006,4633,1850,2,"19"
498,"2599500","1158500","7.4321162608641265","46.57777334177858",2007,4633,1850,2,"27"
498,"2599500","1158500","7.4321162608641265","46.57777334177858",2008,4633,1850,2,"26"
498,"2599500","1158500","7.4321162608641265","46.57777334177858",2009,4633,1850,2,"25"
498,"2599500","1158500","7.4321162608641265","46.57777334177858",2010,4633,1850,2,"28"
498,"2599500","1158500","7.4321162608641265","46.57777334177858",2011,4633,1850,2,"27"
498,"2599500","1158500","7.4321162608641265","46.57777334177858",2012,4633,1850,2,"28"
498,"2599500","1158500","7.4321162608641265","46.57777334177858",2013,4633,1850,2,"20"
498,"2599500","1158500","7.4321162608641265","46.57777334177858",2014,4633,1850,2,"25"
498,"2599500","1158500","7.4321162608641265","46.57777334177858",2015,4633,1850,2,"24"
498,"2599500","1158500","7.4321162608641265","46.57777334177858",2016,4633,1850,2,"27"
498,"2599500","1158500","7.4321162608641265","46.57777334177858",2017,4633,1850,2,"23"
498,"2599500","1158500","7.4321162608641265","46.57777334177858",2018,4633,1850,2,"25"
498,"2599500","1158500","7.4321162608641265","46.57777334177858",2019,4633,1850,2,"24"
498,"2599500","1158500","7.4321162608641265","46.57777334177858",2020,4633,1850,2,"27"
498,"2599500","1158500","7.4321162608641265","46.57777334177858",2021,4633,1850,2,"29"
498,"2599500","1158500","7.4321162608641265","46.57777334177858",2022,4633,1850,2,"25"
498,"2599500","1158500","7.4321162608641265","46.57777334177858",2023,4633,1850,2,"32"
498,"2599500","1158500","7.4321162608641265","46.57777334177858",2024,4633,1850,2,"30"
498,"2599500","1158500","7.4321162608641265","46.57777334177858",2025,4633,1850,2,"28"
499,"2599500","1174500","7.432096340896804","46.72170165949606",1999,4670,1450,3,"28"
499,"2599500","1174500","7.432096340896804","46.72170165949606",2000,4670,1450,3,"37"
499,"2599500","1174500","7.432096340896804","46.72170165949606",2001,4670,1450,3,"36"
499,"2599500","1174500","7.432096340896804","46.72170165949606",2002,4670,1450,3,"33"
499,"2599500","1174500","7.432096340896804","46.72170165949606",2003,4670,1450,3,"33"
499,"2599500","1174500","7.432096340896804","46.72170165949606",2004,4670,1450,3,"34"
499,"2599500","1174500","7.432096340896804","46.72170165949606",2005,4670,1450,3,"32"
499,"2599500","1174500","7.432096340896804","46.72170165949606",2006,4670,1450,3,"33"
499,"2599500","1174500","7.432096340896804","46.72170165949606",2007,4670,1450,3,"33"
499,"2599500","1174500","7.432096340896804","46.72170165949606",2008,4670,1450,3,"42"
499,"2599500","1174500","7.432096340896804","46.72170165949606",2009,4670,1450,3,"42"
499,"2599500","1174500","7.432096340896804","46.72170165949606",2010,4670,1450,3,"40"
499,"2599500","1174500","7.432096340896804","46.72170165949606",2011,4670,1450,3,"44"
499,"2599500","1174500","7.432096340896804","46.72170165949606",2012,4670,1450,3,"40"
499,"2599500","1174500","7.432096340896804","46.72170165949606",2013,4670,1450,3,"38"
499,"2599500","1174500","7.432096340896804","46.72170165949606",2014,4670,1450,3,"38"
499,"2599500","1174500","7.432096340896804","46.72170165949606",2015,4670,1450,3,"37"
499,"2599500","1174500","7.432096340896804","46.72170165949606",2016,4670,1450,3,"37"
499,"2599500","1174500","7.432096340896804","46.72170165949606",2017,4670,1450,3,"38"
499,"2599500","1174500","7.432096340896804","46.72170165949606",2018,4670,1450,3,"37"
499,"2599500","1174500","7.432096340896804","46.72170165949606",2019,4670,1450,3,"45"
499,"2599500","1174500","7.432096340896804","46.72170165949606",2020,4670,1450,3,"42"
499,"2599500","1174500","7.432096340896804","46.72170165949606",2021,4670,1450,3,"47"
499,"2599500","1174500","7.432096340896804","46.72170165949606",2022,4670,1450,3,"39"
499,"2599500","1174500","7.432096340896804","46.72170165949606",2023,4670,1450,3,"41"
499,"2599500","1174500","7.432096340896804","46.72170165949606",2024,4670,1450,3,"45"
499,"2599500","1174500","7.432096340896804","46.72170165949606",2025,4670,1450,3,"41"
500,"2599500","1206500","7.432056162739926","47.009550834455695",1999,4827,550,3,"33"
500,"2599500","1206500","7.432056162739926","47.009550834455695",2000,4827,550,3,"29"
500,"2599500","1206500","7.432056162739926","47.009550834455695",2001,4827,550,3,"34"
500,"2599500","1206500","7.432056162739926","47.009550834455695",2002,4827,550,3,"30"
500,"2599500","1206500","7.432056162739926","47.009550834455695",2003,4827,550,3,"38"
500,"2599500","1206500","7.432056162739926","47.009550834455695",2004,4827,550,3,"37"
500,"2599500","1206500","7.432056162739926","47.009550834455695",2005,4827,550,3,"31"
500,"2599500","1206500","7.432056162739926","47.009550834455695",2006,4827,550,3,"38"
500,"2599500","1206500","7.432056162739926","47.009550834455695",2008,4827,550,3,"40"
500,"2599500","1206500","7.432056162739926","47.009550834455695",2009,4827,550,3,"42"
500,"2599500","1206500","7.432056162739926","47.009550834455695",2010,4827,550,3,"38"
500,"2599500","1206500","7.432056162739926","47.009550834455695",2011,4827,550,3,"38"
500,"2599500","1206500","7.432056162739926","47.009550834455695",2012,4827,550,3,"34"
500,"2599500","1206500","7.432056162739926","47.009550834455695",2013,4827,550,3,"38"
500,"2599500","1206500","7.432056162739926","47.009550834455695",2014,4827,550,3,"42"
500,"2599500","1206500","7.432056162739926","47.009550834455695",2015,4827,550,3,"40"
500,"2599500","1206500","7.432056162739926","47.009550834455695",2016,4827,550,3,"41"
500,"2599500","1206500","7.432056162739926","47.009550834455695",2017,4827,550,3,"43"
500,"2599500","1206500","7.432056162739926","47.009550834455695",2018,4827,550,3,"43"
500,"2599500","1206500","7.432056162739926","47.009550834455695",2019,4827,550,3,"49"
500,"2599500","1206500","7.432056162739926","47.009550834455695",2020,4827,550,3,"48"
500,"2599500","1206500","7.432056162739926","47.009550834455695",2021,4827,550,3,"43"
500,"2599500","1206500","7.432056162739926","47.009550834455695",2022,4827,550,3,"45"
500,"2599500","1206500","7.432056162739926","47.009550834455695",2023,4827,550,3,"45"
500,"2599500","1206500","7.432056162739926","47.009550834455695",2024,4827,550,3,"44"
500,"2599500","1206500","7.432056162739926","47.009550834455695",2025,4827,550,3,"42"
501,"2599500","1222500","7.432035902477711","47.15346988341632",1999,3218,550,3,"31"
501,"2599500","1222500","7.432035902477711","47.15346988341632",2000,3218,550,3,"34"
501,"2599500","1222500","7.432035902477711","47.15346988341632",2001,3218,550,3,"34"
501,"2599500","1222500","7.432035902477711","47.15346988341632",2002,3218,550,3,"34"
501,"2599500","1222500","7.432035902477711","47.15346988341632",2003,3218,550,3,"35"
501,"2599500","1222500","7.432035902477711","47.15346988341632",2004,3218,550,3,"38"
501,"2599500","1222500","7.432035902477711","47.15346988341632",2005,3218,550,3,"35"
501,"2599500","1222500","7.432035902477711","47.15346988341632",2006,3218,550,3,"34"
501,"2599500","1222500","7.432035902477711","47.15346988341632",2007,3218,550,3,"36"
501,"2599500","1222500","7.432035902477711","47.15346988341632",2008,3218,550,3,"37"
501,"2599500","1222500","7.432035902477711","47.15346988341632",2009,3218,550,3,"35"
501,"2599500","1222500","7.432035902477711","47.15346988341632",2010,3218,550,3,"36"
501,"2599500","1222500","7.432035902477711","47.15346988341632",2011,3218,550,3,"30"
501,"2599500","1222500","7.432035902477711","47.15346988341632",2012,3218,550,3,"36"
501,"2599500","1222500","7.432035902477711","47.15346988341632",2013,3218,550,3,"36"
501,"2599500","1222500","7.432035902477711","47.15346988341632",2014,3218,550,3,"33"
501,"2599500","1222500","7.432035902477711","47.15346988341632",2015,3218,550,3,"37"
501,"2599500","1222500","7.432035902477711","47.15346988341632",2016,3218,550,3,"36"
501,"2599500","1222500","7.432035902477711","47.15346988341632",2017,3218,550,3,"42"
501,"2599500","1222500","7.432035902477711","47.15346988341632",2018,3218,550,3,"40"
501,"2599500","1222500","7.432035902477711","47.15346988341632",2019,3218,550,3,"44"
501,"2599500","1222500","7.432035902477711","47.15346988341632",2020,3218,550,3,"44"
501,"2599500","1222500","7.432035902477711","47.15346988341632",2021,3218,550,3,"41"
501,"2599500","1222500","7.432035902477711","47.15346988341632",2022,3218,550,3,"40"
501,"2599500","1222500","7.432035902477711","47.15346988341632",2023,3218,550,3,"41"
501,"2599500","1222500","7.432035902477711","47.15346988341632",2024,3218,550,3,"40"
501,"2599500","1222500","7.432035902477711","47.15346988341632",2025,3218,550,3,"39"
502,"2599500","1254500","7.431995034309367","47.44129238523842",1999,4380,750,3,"32"
502,"2599500","1254500","7.431995034309367","47.44129238523842",2000,4380,750,3,"37"
502,"2599500","1254500","7.431995034309367","47.44129238523842",2001,4380,750,3,"36"
502,"2599500","1254500","7.431995034309367","47.44129238523842",2002,4380,750,3,"34"
502,"2599500","1254500","7.431995034309367","47.44129238523842",2003,4380,750,3,"36"
502,"2599500","1254500","7.431995034309367","47.44129238523842",2004,4380,750,3,"36"
502,"2599500","1254500","7.431995034309367","47.44129238523842",2005,4380,750,3,"29"
502,"2599500","1254500","7.431995034309367","47.44129238523842",2006,4380,750,3,"29"
502,"2599500","1254500","7.431995034309367","47.44129238523842",2007,4380,750,3,"32"
502,"2599500","1254500","7.431995034309367","47.44129238523842",2008,4380,750,3,"30"
502,"2599500","1254500","7.431995034309367","47.44129238523842",2009,4380,750,3,"33"
502,"2599500","1254500","7.431995034309367","47.44129238523842",2010,4380,750,3,"37"
502,"2599500","1254500","7.431995034309367","47.44129238523842",2011,4380,750,3,"33"
502,"2599500","1254500","7.431995034309367","47.44129238523842",2012,4380,750,3,"40"
502,"2599500","1254500","7.431995034309367","47.44129238523842",2013,4380,750,3,"32"
502,"2599500","1254500","7.431995034309367","47.44129238523842",2014,4380,750,3,"34"
502,"2599500","1254500","7.431995034309367","47.44129238523842",2015,4380,750,3,"34"
502,"2599500","1254500","7.431995034309367","47.44129238523842",2016,4380,750,3,"31"
502,"2599500","1254500","7.431995034309367","47.44129238523842",2017,4380,750,3,"37"
502,"2599500","1254500","7.431995034309367","47.44129238523842",2018,4380,750,3,"33"
502,"2599500","1254500","7.431995034309367","47.44129238523842",2019,4380,750,3,"34"
502,"2599500","1254500","7.431995034309367","47.44129238523842",2020,4380,750,3,"35"
502,"2599500","1254500","7.431995034309367","47.44129238523842",2021,4380,750,3,"33"
502,"2599500","1254500","7.431995034309367","47.44129238523842",2022,4380,750,3,"37"
502,"2599500","1254500","7.431995034309367","47.44129238523842",2023,4380,750,3,"36"
502,"2599500","1254500","7.431995034309367","47.44129238523842",2024,4380,750,3,"38"
502,"2599500","1254500","7.431995034309367","47.44129238523842",2025,4380,750,3,"37"
503,"2604500","1103500","7.4968194012552205","46.08300128073226",1999,6314,1750,3,"42"
503,"2604500","1103500","7.4968194012552205","46.08300128073226",2000,6314,1750,3,"35"
503,"2604500","1103500","7.4968194012552205","46.08300128073226",2001,6314,1750,3,"44"
503,"2604500","1103500","7.4968194012552205","46.08300128073226",2002,6314,1750,3,"41"
503,"2604500","1103500","7.4968194012552205","46.08300128073226",2003,6314,1750,3,"39"
503,"2604500","1103500","7.4968194012552205","46.08300128073226",2004,6314,1750,3,"39"
503,"2604500","1103500","7.4968194012552205","46.08300128073226",2005,6314,1750,3,"36"
503,"2604500","1103500","7.4968194012552205","46.08300128073226",2006,6314,1750,3,"37"
503,"2604500","1103500","7.4968194012552205","46.08300128073226",2007,6314,1750,3,"38"
503,"2604500","1103500","7.4968194012552205","46.08300128073226",2008,6314,1750,3,"43"
503,"2604500","1103500","7.4968194012552205","46.08300128073226",2009,6314,1750,3,"38"
503,"2604500","1103500","7.4968194012552205","46.08300128073226",2010,6314,1750,3,"41"
503,"2604500","1103500","7.4968194012552205","46.08300128073226",2011,6314,1750,3,"41"
503,"2604500","1103500","7.4968194012552205","46.08300128073226",2012,6314,1750,3,"43"
503,"2604500","1103500","7.4968194012552205","46.08300128073226",2013,6314,1750,3,"49"
503,"2604500","1103500","7.4968194012552205","46.08300128073226",2014,6314,1750,3,"44"
503,"2604500","1103500","7.4968194012552205","46.08300128073226",2015,6314,1750,3,"44"
503,"2604500","1103500","7.4968194012552205","46.08300128073226",2016,6314,1750,3,"41"
503,"2604500","1103500","7.4968194012552205","46.08300128073226",2017,6314,1750,3,"40"
503,"2604500","1103500","7.4968194012552205","46.08300128073226",2018,6314,1750,3,"39"
503,"2604500","1103500","7.4968194012552205","46.08300128073226",2019,6314,1750,3,"40"
503,"2604500","1103500","7.4968194012552205","46.08300128073226",2020,6314,1750,3,"47"
503,"2604500","1103500","7.4968194012552205","46.08300128073226",2021,6314,1750,3,"44"
503,"2604500","1103500","7.4968194012552205","46.08300128073226",2022,6314,1750,3,"46"
503,"2604500","1103500","7.4968194012552205","46.08300128073226",2023,6314,1750,3,"46"
503,"2604500","1103500","7.4968194012552205","46.08300128073226",2024,6314,1750,3,"48"
503,"2604500","1103500","7.4968194012552205","46.08300128073226",2025,6314,1750,3,"51"
504,"2605500","1126500","7.510013655307317","46.28989207330517",1999,7261,650,3,"32"
504,"2605500","1126500","7.510013655307317","46.28989207330517",2000,7261,650,3,"28"
504,"2605500","1126500","7.510013655307317","46.28989207330517",2001,7261,650,3,"25"
504,"2605500","1126500","7.510013655307317","46.28989207330517",2002,7261,650,3,"26"
504,"2605500","1126500","7.510013655307317","46.28989207330517",2003,7261,650,3,"23"
504,"2605500","1126500","7.510013655307317","46.28989207330517",2004,7261,650,3,"33"
504,"2605500","1126500","7.510013655307317","46.28989207330517",2005,7261,650,3,"34"
504,"2605500","1126500","7.510013655307317","46.28989207330517",2006,7261,650,3,"23"
504,"2605500","1126500","7.510013655307317","46.28989207330517",2007,7261,650,3,"31"
504,"2605500","1126500","7.510013655307317","46.28989207330517",2008,7261,650,3,"34"
504,"2605500","1126500","7.510013655307317","46.28989207330517",2009,7261,650,3,"26"
504,"2605500","1126500","7.510013655307317","46.28989207330517",2010,7261,650,3,"33"
504,"2605500","1126500","7.510013655307317","46.28989207330517",2011,7261,650,3,"36"
504,"2605500","1126500","7.510013655307317","46.28989207330517",2012,7261,650,3,"35"
504,"2605500","1126500","7.510013655307317","46.28989207330517",2013,7261,650,3,"28"
504,"2605500","1126500","7.510013655307317","46.28989207330517",2014,7261,650,3,"31"
504,"2605500","1126500","7.510013655307317","46.28989207330517",2015,7261,650,3,"30"
504,"2605500","1126500","7.510013655307317","46.28989207330517",2016,7261,650,3,"41"
504,"2605500","1126500","7.510013655307317","46.28989207330517",2017,7261,650,3,"46"
504,"2605500","1126500","7.510013655307317","46.28989207330517",2018,7261,650,3,"40"
504,"2605500","1126500","7.510013655307317","46.28989207330517",2019,7261,650,3,"35"
504,"2605500","1126500","7.510013655307317","46.28989207330517",2020,7261,650,3,"41"
504,"2605500","1126500","7.510013655307317","46.28989207330517",2021,7261,650,3,"41"
504,"2605500","1126500","7.510013655307317","46.28989207330517",2022,7261,650,3,"42"
504,"2605500","1126500","7.510013655307317","46.28989207330517",2023,7261,650,3,"41"
504,"2605500","1126500","7.510013655307317","46.28989207330517",2024,7261,650,3,"35"
504,"2605500","1126500","7.510013655307317","46.28989207330517",2025,7261,650,3,"43"
505,"2605500","1166500","7.510483102079454","46.64971588338549",1999,5199,950,3,"35"
505,"2605500","1166500","7.510483102079454","46.64971588338549",2000,5199,950,3,"42"
505,"2605500","1166500","7.510483102079454","46.64971588338549",2001,5199,950,3,"40"
505,"2605500","1166500","7.510483102079454","46.64971588338549",2002,5199,950,3,"37"
505,"2605500","1166500","7.510483102079454","46.64971588338549",2003,5199,950,3,"31"
505,"2605500","1166500","7.510483102079454","46.64971588338549",2004,5199,950,3,"39"
505,"2605500","1166500","7.510483102079454","46.64971588338549",2005,5199,950,3,"40"
505,"2605500","1166500","7.510483102079454","46.64971588338549",2006,5199,950,3,"37"
505,"2605500","1166500","7.510483102079454","46.64971588338549",2007,5199,950,3,"40"
505,"2605500","1166500","7.510483102079454","46.64971588338549",2008,5199,950,3,"31"
505,"2605500","1166500","7.510483102079454","46.64971588338549",2009,5199,950,3,"35"
505,"2605500","1166500","7.510483102079454","46.64971588338549",2010,5199,950,3,"38"
505,"2605500","1166500","7.510483102079454","46.64971588338549",2011,5199,950,3,"36"
505,"2605500","1166500","7.510483102079454","46.64971588338549",2012,5199,950,3,"38"
505,"2605500","1166500","7.510483102079454","46.64971588338549",2013,5199,950,3,"39"
505,"2605500","1166500","7.510483102079454","46.64971588338549",2014,5199,950,3,"38"
505,"2605500","1166500","7.510483102079454","46.64971588338549",2015,5199,950,3,"37"
505,"2605500","1166500","7.510483102079454","46.64971588338549",2016,5199,950,3,"39"
505,"2605500","1166500","7.510483102079454","46.64971588338549",2017,5199,950,3,"34"
505,"2605500","1166500","7.510483102079454","46.64971588338549",2018,5199,950,3,"36"
505,"2605500","1166500","7.510483102079454","46.64971588338549",2019,5199,950,3,"40"
505,"2605500","1166500","7.510483102079454","46.64971588338549",2020,5199,950,3,"42"
505,"2605500","1166500","7.510483102079454","46.64971588338549",2021,5199,950,3,"34"
505,"2605500","1166500","7.510483102079454","46.64971588338549",2022,5199,950,3,"42"
505,"2605500","1166500","7.510483102079454","46.64971588338549",2023,5199,950,3,"39"
505,"2605500","1166500","7.510483102079454","46.64971588338549",2024,5199,950,3,"36"
506,"2605500","1230500","7.5112472684222125","47.22540556700797",2000,6499,550,3,"40"
506,"2605500","1230500","7.5112472684222125","47.22540556700797",2001,6499,550,3,"37"
506,"2605500","1230500","7.5112472684222125","47.22540556700797",2002,6499,550,3,"33"
506,"2605500","1230500","7.5112472684222125","47.22540556700797",2003,6499,550,3,"35"
506,"2605500","1230500","7.5112472684222125","47.22540556700797",2004,6499,550,3,"38"
506,"2605500","1230500","7.5112472684222125","47.22540556700797",2005,6499,550,3,"38"
506,"2605500","1230500","7.5112472684222125","47.22540556700797",2006,6499,550,3,"36"
506,"2605500","1230500","7.5112472684222125","47.22540556700797",2007,6499,550,3,"37"
506,"2605500","1230500","7.5112472684222125","47.22540556700797",2008,6499,550,3,"41"
506,"2605500","1230500","7.5112472684222125","47.22540556700797",2009,6499,550,3,"36"
506,"2605500","1230500","7.5112472684222125","47.22540556700797",2010,6499,550,3,"38"
506,"2605500","1230500","7.5112472684222125","47.22540556700797",2011,6499,550,3,"40"
506,"2605500","1230500","7.5112472684222125","47.22540556700797",2012,6499,550,3,"39"
506,"2605500","1230500","7.5112472684222125","47.22540556700797",2013,6499,550,3,"38"
506,"2605500","1230500","7.5112472684222125","47.22540556700797",2014,6499,550,3,"42"
506,"2605500","1230500","7.5112472684222125","47.22540556700797",2015,6499,550,3,"41"
506,"2605500","1230500","7.5112472684222125","47.22540556700797",2016,6499,550,3,"41"
506,"2605500","1230500","7.5112472684222125","47.22540556700797",2017,6499,550,3,"36"
506,"2605500","1230500","7.5112472684222125","47.22540556700797",2018,6499,550,3,"33"
506,"2605500","1230500","7.5112472684222125","47.22540556700797",2019,6499,550,3,"36"
506,"2605500","1230500","7.5112472684222125","47.22540556700797",2020,6499,550,3,"34"
506,"2605500","1230500","7.5112472684222125","47.22540556700797",2021,6499,550,3,"37"
506,"2605500","1230500","7.5112472684222125","47.22540556700797",2022,6499,550,3,"38"
506,"2605500","1230500","7.5112472684222125","47.22540556700797",2023,6499,550,3,"41"
506,"2605500","1230500","7.5112472684222125","47.22540556700797",2024,6499,550,3,"34"
506,"2605500","1230500","7.5112472684222125","47.22540556700797",2025,6499,550,3,"41"
507,"2704500","1128500","8.794983658969345","46.29978464752958",1999,5128,850,3,"21"
507,"2704500","1128500","8.794983658969345","46.29978464752958",2000,5128,850,3,"25"
507,"2704500","1128500","8.794983658969345","46.29978464752958",2001,5128,850,3,"25"
507,"2704500","1128500","8.794983658969345","46.29978464752958",2002,5128,850,3,"22"
507,"2704500","1128500","8.794983658969345","46.29978464752958",2003,5128,850,3,"23"
507,"2704500","1128500","8.794983658969345","46.29978464752958",2004,5128,850,3,"23"
507,"2704500","1128500","8.794983658969345","46.29978464752958",2005,5128,850,3,"30"
507,"2704500","1128500","8.794983658969345","46.29978464752958",2006,5128,850,3,"25"
507,"2704500","1128500","8.794983658969345","46.29978464752958",2007,5128,850,3,"27"
507,"2704500","1128500","8.794983658969345","46.29978464752958",2008,5128,850,3,"24"
507,"2704500","1128500","8.794983658969345","46.29978464752958",2009,5128,850,3,"25"
507,"2704500","1128500","8.794983658969345","46.29978464752958",2010,5128,850,3,"23"
507,"2704500","1128500","8.794983658969345","46.29978464752958",2011,5128,850,3,"24"
507,"2704500","1128500","8.794983658969345","46.29978464752958",2012,5128,850,3,"31"
507,"2704500","1128500","8.794983658969345","46.29978464752958",2013,5128,850,3,"32"
507,"2704500","1128500","8.794983658969345","46.29978464752958",2014,5128,850,3,"34"
507,"2704500","1128500","8.794983658969345","46.29978464752958",2015,5128,850,3,"30"
507,"2704500","1128500","8.794983658969345","46.29978464752958",2016,5128,850,3,"37"
507,"2704500","1128500","8.794983658969345","46.29978464752958",2017,5128,850,3,"36"
507,"2704500","1128500","8.794983658969345","46.29978464752958",2018,5128,850,3,"29"
507,"2704500","1128500","8.794983658969345","46.29978464752958",2019,5128,850,3,"31"
507,"2704500","1128500","8.794983658969345","46.29978464752958",2020,5128,850,3,"33"
507,"2704500","1128500","8.794983658969345","46.29978464752958",2021,5128,850,3,"33"
507,"2704500","1128500","8.794983658969345","46.29978464752958",2022,5128,850,3,"31"
507,"2704500","1128500","8.794983658969345","46.29978464752958",2023,5128,850,3,"30"
507,"2704500","1128500","8.794983658969345","46.29978464752958",2024,5128,850,3,"31"
507,"2704500","1128500","8.794983658969345","46.29978464752958",2025,5128,850,3,"30"
508,"2707500","1150500","8.839009818092464","46.49718399231711",2000,4406,1950,3,"28"
508,"2707500","1150500","8.839009818092464","46.49718399231711",2001,4406,1950,3,"28"
508,"2707500","1150500","8.839009818092464","46.49718399231711",2002,4406,1950,3,"25"
508,"2707500","1150500","8.839009818092464","46.49718399231711",2003,4406,1950,3,"28"
508,"2707500","1150500","8.839009818092464","46.49718399231711",2004,4406,1950,3,"28"
508,"2707500","1150500","8.839009818092464","46.49718399231711",2005,4406,1950,3,"29"
508,"2707500","1150500","8.839009818092464","46.49718399231711",2006,4406,1950,3,"30"
508,"2707500","1150500","8.839009818092464","46.49718399231711",2007,4406,1950,3,"30"
508,"2707500","1150500","8.839009818092464","46.49718399231711",2008,4406,1950,3,"32"
508,"2707500","1150500","8.839009818092464","46.49718399231711",2009,4406,1950,3,"28"
508,"2707500","1150500","8.839009818092464","46.49718399231711",2010,4406,1950,3,"24"
508,"2707500","1150500","8.839009818092464","46.49718399231711",2011,4406,1950,3,"32"
508,"2707500","1150500","8.839009818092464","46.49718399231711",2012,4406,1950,3,"23"
508,"2707500","1150500","8.839009818092464","46.49718399231711",2013,4406,1950,3,"28"
508,"2707500","1150500","8.839009818092464","46.49718399231711",2014,4406,1950,3,"24"
508,"2707500","1150500","8.839009818092464","46.49718399231711",2015,4406,1950,3,"26"
508,"2707500","1150500","8.839009818092464","46.49718399231711",2016,4406,1950,3,"23"
508,"2707500","1150500","8.839009818092464","46.49718399231711",2017,4406,1950,3,"33"
508,"2707500","1150500","8.839009818092464","46.49718399231711",2018,4406,1950,3,"30"
508,"2707500","1150500","8.839009818092464","46.49718399231711",2019,4406,1950,3,"35"
508,"2707500","1150500","8.839009818092464","46.49718399231711",2020,4406,1950,3,"31"
508,"2707500","1150500","8.839009818092464","46.49718399231711",2021,4406,1950,3,"32"
508,"2707500","1150500","8.839009818092464","46.49718399231711",2022,4406,1950,3,"30"
508,"2707500","1150500","8.839009818092464","46.49718399231711",2023,4406,1950,3,"28"
508,"2707500","1150500","8.839009818092464","46.49718399231711",2024,4406,1950,3,"29"
508,"2707500","1150500","8.839009818092464","46.49718399231711",2025,4406,1950,3,"31"
509,"2707500","1174500","8.844611805983574","46.71304285366021",1999,5880,1650,3,"24"
509,"2707500","1174500","8.844611805983574","46.71304285366021",2000,5880,1650,3,"24"
509,"2707500","1174500","8.844611805983574","46.71304285366021",2001,5880,1650,3,"25"
509,"2707500","1174500","8.844611805983574","46.71304285366021",2002,5880,1650,3,"25"
509,"2707500","1174500","8.844611805983574","46.71304285366021",2003,5880,1650,3,"34"
509,"2707500","1174500","8.844611805983574","46.71304285366021",2004,5880,1650,3,"36"
509,"2707500","1174500","8.844611805983574","46.71304285366021",2005,5880,1650,3,"35"
509,"2707500","1174500","8.844611805983574","46.71304285366021",2006,5880,1650,3,"30"
509,"2707500","1174500","8.844611805983574","46.71304285366021",2007,5880,1650,3,"31"
509,"2707500","1174500","8.844611805983574","46.71304285366021",2008,5880,1650,3,"32"
509,"2707500","1174500","8.844611805983574","46.71304285366021",2009,5880,1650,3,"34"
509,"2707500","1174500","8.844611805983574","46.71304285366021",2010,5880,1650,3,"35"
509,"2707500","1174500","8.844611805983574","46.71304285366021",2011,5880,1650,3,"27"
509,"2707500","1174500","8.844611805983574","46.71304285366021",2012,5880,1650,3,"33"
509,"2707500","1174500","8.844611805983574","46.71304285366021",2013,5880,1650,3,"36"
509,"2707500","1174500","8.844611805983574","46.71304285366021",2014,5880,1650,3,"29"
509,"2707500","1174500","8.844611805983574","46.71304285366021",2015,5880,1650,3,"34"
509,"2707500","1174500","8.844611805983574","46.71304285366021",2016,5880,1650,3,"39"
509,"2707500","1174500","8.844611805983574","46.71304285366021",2017,5880,1650,3,"45"
509,"2707500","1174500","8.844611805983574","46.71304285366021",2018,5880,1650,3,"44"
509,"2707500","1174500","8.844611805983574","46.71304285366021",2019,5880,1650,3,"42"
509,"2707500","1174500","8.844611805983574","46.71304285366021",2020,5880,1650,3,"40"
509,"2707500","1174500","8.844611805983574","46.71304285366021",2021,5880,1650,3,"43"
509,"2707500","1174500","8.844611805983574","46.71304285366021",2022,5880,1650,3,"41"
509,"2707500","1174500","8.844611805983574","46.71304285366021",2023,5880,1650,3,"39"
509,"2707500","1174500","8.844611805983574","46.71304285366021",2024,5880,1650,3,"45"
509,"2707500","1174500","8.844611805983574","46.71304285366021",2025,5880,1650,3,"47"
510,"2707500","1222500","8.855951163274055","47.14474194659842",1999,4196,1250,3,"33"
510,"2707500","1222500","8.855951163274055","47.14474194659842",2000,4196,1250,3,"32"
510,"2707500","1222500","8.855951163274055","47.14474194659842",2001,4196,1250,3,"34"
510,"2707500","1222500","8.855951163274055","47.14474194659842",2002,4196,1250,3,"31"
510,"2707500","1222500","8.855951163274055","47.14474194659842",2003,4196,1250,3,"31"
510,"2707500","1222500","8.855951163274055","47.14474194659842",2004,4196,1250,3,"39"
510,"2707500","1222500","8.855951163274055","47.14474194659842",2005,4196,1250,3,"35"
510,"2707500","1222500","8.855951163274055","47.14474194659842",2006,4196,1250,3,"33"
510,"2707500","1222500","8.855951163274055","47.14474194659842",2007,4196,1250,3,"33"
510,"2707500","1222500","8.855951163274055","47.14474194659842",2008,4196,1250,3,"33"
510,"2707500","1222500","8.855951163274055","47.14474194659842",2009,4196,1250,3,"34"
510,"2707500","1222500","8.855951163274055","47.14474194659842",2010,4196,1250,3,"31"
510,"2707500","1222500","8.855951163274055","47.14474194659842",2011,4196,1250,3,"33"
510,"2707500","1222500","8.855951163274055","47.14474194659842",2012,4196,1250,3,"39"
510,"2707500","1222500","8.855951163274055","47.14474194659842",2013,4196,1250,3,"29"
510,"2707500","1222500","8.855951163274055","47.14474194659842",2014,4196,1250,3,"29"
510,"2707500","1222500","8.855951163274055","47.14474194659842",2015,4196,1250,3,"31"
510,"2707500","1222500","8.855951163274055","47.14474194659842",2016,4196,1250,3,"34"
510,"2707500","1222500","8.855951163274055","47.14474194659842",2017,4196,1250,3,"34"
510,"2707500","1222500","8.855951163274055","47.14474194659842",2018,4196,1250,3,"36"
510,"2707500","1222500","8.855951163274055","47.14474194659842",2019,4196,1250,3,"33"
510,"2707500","1222500","8.855951163274055","47.14474194659842",2020,4196,1250,3,"33"
510,"2707500","1222500","8.855951163274055","47.14474194659842",2021,4196,1250,3,"35"
510,"2707500","1222500","8.855951163274055","47.14474194659842",2022,4196,1250,3,"30"
510,"2707500","1222500","8.855951163274055","47.14474194659842",2023,4196,1250,3,"29"
510,"2707500","1222500","8.855951163274055","47.14474194659842",2024,4196,1250,3,"31"
510,"2707500","1222500","8.855951163274055","47.14474194659842",2025,4196,1250,3,"29"
511,"2707500","1270500","8.867475242551297","47.57639583521697",1999,6285,350,3,"48"
511,"2707500","1270500","8.867475242551297","47.57639583521697",2000,6285,350,3,"53"
511,"2707500","1270500","8.867475242551297","47.57639583521697",2001,6285,350,3,"46"
511,"2707500","1270500","8.867475242551297","47.57639583521697",2002,6285,350,3,"54"
511,"2707500","1270500","8.867475242551297","47.57639583521697",2003,6285,350,3,"50"
511,"2707500","1270500","8.867475242551297","47.57639583521697",2004,6285,350,3,"51"
511,"2707500","1270500","8.867475242551297","47.57639583521697",2005,6285,350,3,"45"
511,"2707500","1270500","8.867475242551297","47.57639583521697",2006,6285,350,3,"53"
511,"2707500","1270500","8.867475242551297","47.57639583521697",2007,6285,350,3,"63"
511,"2707500","1270500","8.867475242551297","47.57639583521697",2008,6285,350,3,"56"
511,"2707500","1270500","8.867475242551297","47.57639583521697",2009,6285,350,3,"55"
511,"2707500","1270500","8.867475242551297","47.57639583521697",2010,6285,350,3,"51"
511,"2707500","1270500","8.867475242551297","47.57639583521697",2011,6285,350,3,"53"
511,"2707500","1270500","8.867475242551297","47.57639583521697",2012,6285,350,3,"55"
511,"2707500","1270500","8.867475242551297","47.57639583521697",2013,6285,350,3,"56"
511,"2707500","1270500","8.867475242551297","47.57639583521697",2014,6285,350,3,"59"
511,"2707500","1270500","8.867475242551297","47.57639583521697",2015,6285,350,3,"51"
511,"2707500","1270500","8.867475242551297","47.57639583521697",2016,6285,350,3,"49"
511,"2707500","1270500","8.867475242551297","47.57639583521697",2017,6285,350,3,"50"
511,"2707500","1270500","8.867475242551297","47.57639583521697",2018,6285,350,3,"47"
511,"2707500","1270500","8.867475242551297","47.57639583521697",2019,6285,350,3,"52"
511,"2707500","1270500","8.867475242551297","47.57639583521697",2020,6285,350,3,"54"
511,"2707500","1270500","8.867475242551297","47.57639583521697",2021,6285,350,3,"55"
511,"2707500","1270500","8.867475242551297","47.57639583521697",2022,6285,350,3,"53"
511,"2707500","1270500","8.867475242551297","47.57639583521697",2023,6285,350,3,"55"
511,"2707500","1270500","8.867475242551297","47.57639583521697",2024,6285,350,3,"52"
511,"2707500","1270500","8.867475242551297","47.57639583521697",2025,6285,350,3,"51"
512,"2708500","1132500","8.847822526028859","46.33512745268466",1999,3940,2050,2,"18"
512,"2708500","1132500","8.847822526028859","46.33512745268466",2000,3940,2050,2,"12"
512,"2708500","1132500","8.847822526028859","46.33512745268466",2001,3940,2050,2,"13"
512,"2708500","1132500","8.847822526028859","46.33512745268466",2002,3940,2050,2,"15"
512,"2708500","1132500","8.847822526028859","46.33512745268466",2003,3940,2050,2,"17"
512,"2708500","1132500","8.847822526028859","46.33512745268466",2004,3940,2050,2,"12"
512,"2708500","1132500","8.847822526028859","46.33512745268466",2005,3940,2050,2,"16"
512,"2708500","1132500","8.847822526028859","46.33512745268466",2006,3940,2050,2,"17"
512,"2708500","1132500","8.847822526028859","46.33512745268466",2007,3940,2050,2,"15"
512,"2708500","1132500","8.847822526028859","46.33512745268466",2008,3940,2050,2,"13"
512,"2708500","1132500","8.847822526028859","46.33512745268466",2009,3940,2050,2,"14"
512,"2708500","1132500","8.847822526028859","46.33512745268466",2010,3940,2050,2,"14"
512,"2708500","1132500","8.847822526028859","46.33512745268466",2011,3940,2050,2,"15"
512,"2708500","1132500","8.847822526028859","46.33512745268466",2012,3940,2050,2,"17"
512,"2708500","1132500","8.847822526028859","46.33512745268466",2013,3940,2050,2,"16"
512,"2708500","1132500","8.847822526028859","46.33512745268466",2014,3940,2050,2,"16"
512,"2708500","1132500","8.847822526028859","46.33512745268466",2015,3940,2050,2,"21"
512,"2708500","1132500","8.847822526028859","46.33512745268466",2016,3940,2050,2,"19"
512,"2708500","1132500","8.847822526028859","46.33512745268466",2017,3940,2050,2,"21"
512,"2708500","1132500","8.847822526028859","46.33512745268466",2018,3940,2050,2,"22"
512,"2708500","1132500","8.847822526028859","46.33512745268466",2019,3940,2050,2,"20"
512,"2708500","1132500","8.847822526028859","46.33512745268466",2020,3940,2050,2,"20"
512,"2708500","1132500","8.847822526028859","46.33512745268466",2021,3940,2050,2,"20"
512,"2708500","1132500","8.847822526028859","46.33512745268466",2022,3940,2050,2,"20"
512,"2708500","1132500","8.847822526028859","46.33512745268466",2023,3940,2050,2,"26"
512,"2708500","1132500","8.847822526028859","46.33512745268466",2024,3940,2050,2,"17"
512,"2708500","1132500","8.847822526028859","46.33512745268466",2025,3940,2050,2,"17"
513,"2708500","1208500","8.865775539453143","47.0186704399202",1999,3437,1850,2,"9"
513,"2708500","1208500","8.865775539453143","47.0186704399202",2000,3437,1850,2,"15"
513,"2708500","1208500","8.865775539453143","47.0186704399202",2001,3437,1850,2,"16"
513,"2708500","1208500","8.865775539453143","47.0186704399202",2002,3437,1850,2,"20"
513,"2708500","1208500","8.865775539453143","47.0186704399202",2003,3437,1850,2,"15"
513,"2708500","1208500","8.865775539453143","47.0186704399202",2004,3437,1850,2,"23"
513,"2708500","1208500","8.865775539453143","47.0186704399202",2005,3437,1850,2,"19"
513,"2708500","1208500","8.865775539453143","47.0186704399202",2006,3437,1850,2,"15"
513,"2708500","1208500","8.865775539453143","47.0186704399202",2007,3437,1850,2,"21"
513,"2708500","1208500","8.865775539453143","47.0186704399202",2008,3437,1850,2,"18"
513,"2708500","1208500","8.865775539453143","47.0186704399202",2009,3437,1850,2,"18"
513,"2708500","1208500","8.865775539453143","47.0186704399202",2010,3437,1850,2,"24"
513,"2708500","1208500","8.865775539453143","47.0186704399202",2011,3437,1850,2,"21"
513,"2708500","1208500","8.865775539453143","47.0186704399202",2012,3437,1850,2,"15"
513,"2708500","1208500","8.865775539453143","47.0186704399202",2013,3437,1850,2,"19"
513,"2708500","1208500","8.865775539453143","47.0186704399202",2014,3437,1850,2,"21"
513,"2708500","1208500","8.865775539453143","47.0186704399202",2016,3437,1850,2,"27"
513,"2708500","1208500","8.865775539453143","47.0186704399202",2017,3437,1850,2,"26"
513,"2708500","1208500","8.865775539453143","47.0186704399202",2018,3437,1850,2,"27"
513,"2708500","1208500","8.865775539453143","47.0186704399202",2019,3437,1850,2,"23"
513,"2708500","1208500","8.865775539453143","47.0186704399202",2020,3437,1850,2,"34"
513,"2708500","1208500","8.865775539453143","47.0186704399202",2021,3437,1850,2,"23"
513,"2708500","1208500","8.865775539453143","47.0186704399202",2022,3437,1850,2,"21"
513,"2708500","1208500","8.865775539453143","47.0186704399202",2023,3437,1850,2,"22"
513,"2708500","1208500","8.865775539453143","47.0186704399202",2024,3437,1850,2,"18"
513,"2708500","1208500","8.865775539453143","47.0186704399202",2025,3437,1850,2,"19"
514,"2709500","1157500","8.866717159075428","46.559818713750786",1999,4872,2250,2,"15"
514,"2709500","1157500","8.866717159075428","46.559818713750786",2000,4872,2250,2,"16"
514,"2709500","1157500","8.866717159075428","46.559818713750786",2003,4872,2250,2,"13"
514,"2709500","1157500","8.866717159075428","46.559818713750786",2004,4872,2250,2,"13"
514,"2709500","1157500","8.866717159075428","46.559818713750786",2005,4872,2250,2,"14"
514,"2709500","1157500","8.866717159075428","46.559818713750786",2006,4872,2250,2,"15"
514,"2709500","1157500","8.866717159075428","46.559818713750786",2007,4872,2250,2,"16"
514,"2709500","1157500","8.866717159075428","46.559818713750786",2008,4872,2250,2,"16"
514,"2709500","1157500","8.866717159075428","46.559818713750786",2009,4872,2250,2,"10"
514,"2709500","1157500","8.866717159075428","46.559818713750786",2010,4872,2250,2,"13"
514,"2709500","1157500","8.866717159075428","46.559818713750786",2011,4872,2250,2,"15"
514,"2709500","1157500","8.866717159075428","46.559818713750786",2012,4872,2250,2,"13"
514,"2709500","1157500","8.866717159075428","46.559818713750786",2013,4872,2250,2,"10"
514,"2709500","1157500","8.866717159075428","46.559818713750786",2014,4872,2250,2,"7"
514,"2709500","1157500","8.866717159075428","46.559818713750786",2015,4872,2250,2,"13"
514,"2709500","1157500","8.866717159075428","46.559818713750786",2016,4872,2250,2,"9"
514,"2709500","1157500","8.866717159075428","46.559818713750786",2017,4872,2250,2,"16"
514,"2709500","1157500","8.866717159075428","46.559818713750786",2018,4872,2250,2,"15"
514,"2709500","1157500","8.866717159075428","46.559818713750786",2019,4872,2250,2,"17"
514,"2709500","1157500","8.866717159075428","46.559818713750786",2020,4872,2250,2,"17"
514,"2709500","1157500","8.866717159075428","46.559818713750786",2021,4872,2250,2,"16"
514,"2709500","1157500","8.866717159075428","46.559818713750786",2022,4872,2250,2,"16"
514,"2709500","1157500","8.866717159075428","46.559818713750786",2023,4872,2250,2,"16"
514,"2709500","1157500","8.866717159075428","46.559818713750786",2024,4872,2250,2,"14"
514,"2709500","1157500","8.866717159075428","46.559818713750786",2025,4872,2250,2,"17"
515,"2712500","1097500","8.891345499306022","46.01967812180333",1999,5366,750,3,"38"
515,"2712500","1097500","8.891345499306022","46.01967812180333",2000,5366,750,3,"43"
515,"2712500","1097500","8.891345499306022","46.01967812180333",2001,5366,750,3,"38"
515,"2712500","1097500","8.891345499306022","46.01967812180333",2002,5366,750,3,"38"
515,"2712500","1097500","8.891345499306022","46.01967812180333",2003,5366,750,3,"37"
515,"2712500","1097500","8.891345499306022","46.01967812180333",2004,5366,750,3,"38"
515,"2712500","1097500","8.891345499306022","46.01967812180333",2005,5366,750,3,"37"
515,"2712500","1097500","8.891345499306022","46.01967812180333",2006,5366,750,3,"36"
515,"2712500","1097500","8.891345499306022","46.01967812180333",2007,5366,750,3,"36"
515,"2712500","1097500","8.891345499306022","46.01967812180333",2008,5366,750,3,"43"
515,"2712500","1097500","8.891345499306022","46.01967812180333",2009,5366,750,3,"35"
515,"2712500","1097500","8.891345499306022","46.01967812180333",2010,5366,750,3,"35"
515,"2712500","1097500","8.891345499306022","46.01967812180333",2011,5366,750,3,"35"
515,"2712500","1097500","8.891345499306022","46.01967812180333",2014,5366,750,3,"38"
515,"2712500","1097500","8.891345499306022","46.01967812180333",2015,5366,750,3,"35"
515,"2712500","1097500","8.891345499306022","46.01967812180333",2016,5366,750,3,"42"
515,"2712500","1097500","8.891345499306022","46.01967812180333",2017,5366,750,3,"38"
515,"2712500","1097500","8.891345499306022","46.01967812180333",2018,5366,750,3,"37"
515,"2712500","1097500","8.891345499306022","46.01967812180333",2019,5366,750,3,"36"
515,"2712500","1097500","8.891345499306022","46.01967812180333",2020,5366,750,3,"38"
515,"2712500","1097500","8.891345499306022","46.01967812180333",2021,5366,750,3,"41"
515,"2712500","1097500","8.891345499306022","46.01967812180333",2022,5366,750,3,"38"
515,"2712500","1097500","8.891345499306022","46.01967812180333",2023,5366,750,3,"35"
515,"2712500","1097500","8.891345499306022","46.01967812180333",2024,5366,750,3,"35"
515,"2712500","1097500","8.891345499306022","46.01967812180333",2025,5366,750,3,"39"
516,"2712500","1142500","8.902184695046817","46.42441004738404",1999,5792,1950,3,"32"
516,"2712500","1142500","8.902184695046817","46.42441004738404",2000,5792,1950,3,"28"
516,"2712500","1142500","8.902184695046817","46.42441004738404",2001,5792,1950,3,"27"
516,"2712500","1142500","8.902184695046817","46.42441004738404",2002,5792,1950,3,"32"
516,"2712500","1142500","8.902184695046817","46.42441004738404",2003,5792,1950,3,"28"
516,"2712500","1142500","8.902184695046817","46.42441004738404",2004,5792,1950,3,"30"
516,"2712500","1142500","8.902184695046817","46.42441004738404",2005,5792,1950,3,"30"
516,"2712500","1142500","8.902184695046817","46.42441004738404",2006,5792,1950,3,"31"
516,"2712500","1142500","8.902184695046817","46.42441004738404",2007,5792,1950,3,"34"
516,"2712500","1142500","8.902184695046817","46.42441004738404",2008,5792,1950,3,"31"
516,"2712500","1142500","8.902184695046817","46.42441004738404",2009,5792,1950,3,"28"
516,"2712500","1142500","8.902184695046817","46.42441004738404",2010,5792,1950,3,"30"
516,"2712500","1142500","8.902184695046817","46.42441004738404",2011,5792,1950,3,"29"
516,"2712500","1142500","8.902184695046817","46.42441004738404",2012,5792,1950,3,"30"
516,"2712500","1142500","8.902184695046817","46.42441004738404",2013,5792,1950,3,"32"
516,"2712500","1142500","8.902184695046817","46.42441004738404",2014,5792,1950,3,"34"
516,"2712500","1142500","8.902184695046817","46.42441004738404",2015,5792,1950,3,"32"
516,"2712500","1142500","8.902184695046817","46.42441004738404",2016,5792,1950,3,"32"
516,"2712500","1142500","8.902184695046817","46.42441004738404",2017,5792,1950,3,"34"
516,"2712500","1142500","8.902184695046817","46.42441004738404",2018,5792,1950,3,"35"
516,"2712500","1142500","8.902184695046817","46.42441004738404",2019,5792,1950,3,"30"
516,"2712500","1142500","8.902184695046817","46.42441004738404",2020,5792,1950,3,"36"
516,"2712500","1142500","8.902184695046817","46.42441004738404",2021,5792,1950,3,"34"
516,"2712500","1142500","8.902184695046817","46.42441004738404",2022,5792,1950,3,"31"
516,"2712500","1142500","8.902184695046817","46.42441004738404",2023,5792,1950,3,"30"
516,"2712500","1142500","8.902184695046817","46.42441004738404",2024,5792,1950,3,"34"
516,"2712500","1142500","8.902184695046817","46.42441004738404",2025,5792,1950,3,"29"
517,"2713500","1102500","8.90546249852692","46.06448045817126",1999,7043,950,3,"27"
517,"2713500","1102500","8.90546249852692","46.06448045817126",2000,7043,950,3,"23"
517,"2713500","1102500","8.90546249852692","46.06448045817126",2001,7043,950,3,"26"
517,"2713500","1102500","8.90546249852692","46.06448045817126",2002,7043,950,3,"28"
517,"2713500","1102500","8.90546249852692","46.06448045817126",2003,7043,950,3,"28"
517,"2713500","1102500","8.90546249852692","46.06448045817126",2004,7043,950,3,"25"
517,"2713500","1102500","8.90546249852692","46.06448045817126",2005,7043,950,3,"27"
517,"2713500","1102500","8.90546249852692","46.06448045817126",2006,7043,950,3,"25"
517,"2713500","1102500","8.90546249852692","46.06448045817126",2007,7043,950,3,"25"
517,"2713500","1102500","8.90546249852692","46.06448045817126",2008,7043,950,3,"14"
517,"2713500","1102500","8.90546249852692","46.06448045817126",2009,7043,950,3,"24"
517,"2713500","1102500","8.90546249852692","46.06448045817126",2010,7043,950,3,"25"
517,"2713500","1102500","8.90546249852692","46.06448045817126",2011,7043,950,3,"22"
517,"2713500","1102500","8.90546249852692","46.06448045817126",2012,7043,950,3,"22"
517,"2713500","1102500","8.90546249852692","46.06448045817126",2013,7043,950,3,"23"
517,"2713500","1102500","8.90546249852692","46.06448045817126",2014,7043,950,3,"20"
517,"2713500","1102500","8.90546249852692","46.06448045817126",2015,7043,950,3,"22"
517,"2713500","1102500","8.90546249852692","46.06448045817126",2016,7043,950,3,"28"
517,"2713500","1102500","8.90546249852692","46.06448045817126",2017,7043,950,3,"24"
517,"2713500","1102500","8.90546249852692","46.06448045817126",2018,7043,950,3,"22"
517,"2713500","1102500","8.90546249852692","46.06448045817126",2019,7043,950,3,"25"
517,"2713500","1102500","8.90546249852692","46.06448045817126",2020,7043,950,3,"22"
517,"2713500","1102500","8.90546249852692","46.06448045817126",2021,7043,950,3,"26"
517,"2713500","1102500","8.90546249852692","46.06448045817126",2022,7043,950,3,"26"
517,"2713500","1102500","8.90546249852692","46.06448045817126",2023,7043,950,3,"27"
517,"2713500","1102500","8.90546249852692","46.06448045817126",2024,7043,950,3,"23"
517,"2713500","1102500","8.90546249852692","46.06448045817126",2025,7043,950,3,"27"
518,"2713500","1150500","8.917152036380015","46.496193777176686",1999,6259,1650,3,"43"
518,"2713500","1150500","8.917152036380015","46.496193777176686",2000,6259,1650,3,"39"
518,"2713500","1150500","8.917152036380015","46.496193777176686",2001,6259,1650,3,"40"
518,"2713500","1150500","8.917152036380015","46.496193777176686",2002,6259,1650,3,"37"
518,"2713500","1150500","8.917152036380015","46.496193777176686",2003,6259,1650,3,"38"
518,"2713500","1150500","8.917152036380015","46.496193777176686",2004,6259,1650,3,"35"
518,"2713500","1150500","8.917152036380015","46.496193777176686",2005,6259,1650,3,"32"
518,"2713500","1150500","8.917152036380015","46.496193777176686",2006,6259,1650,3,"34"
518,"2713500","1150500","8.917152036380015","46.496193777176686",2007,6259,1650,3,"34"
518,"2713500","1150500","8.917152036380015","46.496193777176686",2008,6259,1650,3,"34"
518,"2713500","1150500","8.917152036380015","46.496193777176686",2009,6259,1650,3,"36"
518,"2713500","1150500","8.917152036380015","46.496193777176686",2010,6259,1650,3,"36"
518,"2713500","1150500","8.917152036380015","46.496193777176686",2011,6259,1650,3,"37"
518,"2713500","1150500","8.917152036380015","46.496193777176686",2012,6259,1650,3,"35"
518,"2713500","1150500","8.917152036380015","46.496193777176686",2013,6259,1650,3,"42"
518,"2713500","1150500","8.917152036380015","46.496193777176686",2014,6259,1650,3,"35"
518,"2713500","1150500","8.917152036380015","46.496193777176686",2015,6259,1650,3,"42"
518,"2713500","1150500","8.917152036380015","46.496193777176686",2016,6259,1650,3,"43"
518,"2713500","1150500","8.917152036380015","46.496193777176686",2017,6259,1650,3,"43"
518,"2713500","1150500","8.917152036380015","46.496193777176686",2018,6259,1650,3,"42"
518,"2713500","1150500","8.917152036380015","46.496193777176686",2019,6259,1650,3,"40"
518,"2713500","1150500","8.917152036380015","46.496193777176686",2020,6259,1650,3,"41"
518,"2713500","1150500","8.917152036380015","46.496193777176686",2021,6259,1650,3,"44"
518,"2713500","1150500","8.917152036380015","46.496193777176686",2022,6259,1650,3,"50"
518,"2713500","1150500","8.917152036380015","46.496193777176686",2023,6259,1650,3,"46"
518,"2713500","1150500","8.917152036380015","46.496193777176686",2024,6259,1650,3,"43"
518,"2713500","1150500","8.917152036380015","46.496193777176686",2025,6259,1650,3,"45"
519,"2713500","1198500","8.929028697895113","46.92789843189673",1999,1181,2150,2,"8"
519,"2713500","1198500","8.929028697895113","46.92789843189673",2000,1181,2150,2,"6"
519,"2713500","1198500","8.929028697895113","46.92789843189673",2001,1181,2150,2,"9"
519,"2713500","1198500","8.929028697895113","46.92789843189673",2002,1181,2150,2,"7"
519,"2713500","1198500","8.929028697895113","46.92789843189673",2003,1181,2150,2,"8"
519,"2713500","1198500","8.929028697895113","46.92789843189673",2004,1181,2150,2,"9"
519,"2713500","1198500","8.929028697895113","46.92789843189673",2005,1181,2150,2,"5"
519,"2713500","1198500","8.929028697895113","46.92789843189673",2006,1181,2150,2,"8"
519,"2713500","1198500","8.929028697895113","46.92789843189673",2007,1181,2150,2,"8"
519,"2713500","1198500","8.929028697895113","46.92789843189673",2008,1181,2150,2,"7"
519,"2713500","1198500","8.929028697895113","46.92789843189673",2009,1181,2150,2,"7"
519,"2713500","1198500","8.929028697895113","46.92789843189673",2010,1181,2150,2,"8"
519,"2713500","1198500","8.929028697895113","46.92789843189673",2011,1181,2150,2,"8"
519,"2713500","1198500","8.929028697895113","46.92789843189673",2012,1181,2150,2,"7"
519,"2713500","1198500","8.929028697895113","46.92789843189673",2013,1181,2150,2,"6"
519,"2713500","1198500","8.929028697895113","46.92789843189673",2014,1181,2150,2,"8"
519,"2713500","1198500","8.929028697895113","46.92789843189673",2015,1181,2150,2,"7"
519,"2713500","1198500","8.929028697895113","46.92789843189673",2016,1181,2150,2,"9"
519,"2713500","1198500","8.929028697895113","46.92789843189673",2017,1181,2150,2,"7"
519,"2713500","1198500","8.929028697895113","46.92789843189673",2018,1181,2150,2,"7"
519,"2713500","1198500","8.929028697895113","46.92789843189673",2019,1181,2150,2,"8"
519,"2713500","1198500","8.929028697895113","46.92789843189673",2020,1181,2150,2,"6"
519,"2713500","1198500","8.929028697895113","46.92789843189673",2021,1181,2150,2,"8"
519,"2713500","1198500","8.929028697895113","46.92789843189673",2022,1181,2150,2,"7"
519,"2713500","1198500","8.929028697895113","46.92789843189673",2023,1181,2150,2,"8"
519,"2713500","1198500","8.929028697895113","46.92789843189673",2024,1181,2150,2,"7"
519,"2713500","1198500","8.929028697895113","46.92789843189673",2025,1181,2150,2,"7"
520,"2713500","1246500","8.941097701625846","47.35956997232088",1999,7253,850,3,"36"
520,"2713500","1246500","8.941097701625846","47.35956997232088",2000,7253,850,3,"29"
520,"2713500","1246500","8.941097701625846","47.35956997232088",2001,7253,850,3,"33"
520,"2713500","1246500","8.941097701625846","47.35956997232088",2002,7253,850,3,"37"
520,"2713500","1246500","8.941097701625846","47.35956997232088",2003,7253,850,3,"36"
520,"2713500","1246500","8.941097701625846","47.35956997232088",2004,7253,850,3,"39"
520,"2713500","1246500","8.941097701625846","47.35956997232088",2005,7253,850,3,"37"
520,"2713500","1246500","8.941097701625846","47.35956997232088",2006,7253,850,3,"41"
520,"2713500","1246500","8.941097701625846","47.35956997232088",2007,7253,850,3,"36"
520,"2713500","1246500","8.941097701625846","47.35956997232088",2008,7253,850,3,"40"
520,"2713500","1246500","8.941097701625846","47.35956997232088",2009,7253,850,3,"40"
520,"2713500","1246500","8.941097701625846","47.35956997232088",2010,7253,850,3,"38"
520,"2713500","1246500","8.941097701625846","47.35956997232088",2011,7253,850,3,"37"
520,"2713500","1246500","8.941097701625846","47.35956997232088",2012,7253,850,3,"39"
520,"2713500","1246500","8.941097701625846","47.35956997232088",2013,7253,850,3,"39"
520,"2713500","1246500","8.941097701625846","47.35956997232088",2014,7253,850,3,"33"
520,"2713500","1246500","8.941097701625846","47.35956997232088",2015,7253,850,3,"36"
520,"2713500","1246500","8.941097701625846","47.35956997232088",2016,7253,850,3,"33"
520,"2713500","1246500","8.941097701625846","47.35956997232088",2017,7253,850,3,"33"
520,"2713500","1246500","8.941097701625846","47.35956997232088",2018,7253,850,3,"49"
520,"2713500","1246500","8.941097701625846","47.35956997232088",2019,7253,850,3,"43"
520,"2713500","1246500","8.941097701625846","47.35956997232088",2020,7253,850,3,"42"
520,"2713500","1246500","8.941097701625846","47.35956997232088",2021,7253,850,3,"44"
520,"2713500","1246500","8.941097701625846","47.35956997232088",2022,7253,850,3,"41"
520,"2713500","1246500","8.941097701625846","47.35956997232088",2023,7253,850,3,"46"
520,"2713500","1246500","8.941097701625846","47.35956997232088",2024,7253,850,3,"42"
520,"2713500","1246500","8.941097701625846","47.35956997232088",2025,7253,850,3,"44"
521,"2713500","1262500","8.945164375120447","47.50344890328004",1999,5370,450,3,"51"
521,"2713500","1262500","8.945164375120447","47.50344890328004",2000,5370,450,3,"46"
521,"2713500","1262500","8.945164375120447","47.50344890328004",2001,5370,450,3,"45"
521,"2713500","1262500","8.945164375120447","47.50344890328004",2002,5370,450,3,"42"
521,"2713500","1262500","8.945164375120447","47.50344890328004",2003,5370,450,3,"50"
521,"2713500","1262500","8.945164375120447","47.50344890328004",2004,5370,450,3,"47"
521,"2713500","1262500","8.945164375120447","47.50344890328004",2005,5370,450,3,"41"
521,"2713500","1262500","8.945164375120447","47.50344890328004",2006,5370,450,3,"49"
521,"2713500","1262500","8.945164375120447","47.50344890328004",2007,5370,450,3,"44"
521,"2713500","1262500","8.945164375120447","47.50344890328004",2008,5370,450,3,"47"
521,"2713500","1262500","8.945164375120447","47.50344890328004",2009,5370,450,3,"49"
521,"2713500","1262500","8.945164375120447","47.50344890328004",2010,5370,450,3,"46"
521,"2713500","1262500","8.945164375120447","47.50344890328004",2011,5370,450,3,"45"
521,"2713500","1262500","8.945164375120447","47.50344890328004",2012,5370,450,3,"49"
521,"2713500","1262500","8.945164375120447","47.50344890328004",2013,5370,450,3,"42"
521,"2713500","1262500","8.945164375120447","47.50344890328004",2014,5370,450,3,"44"
521,"2713500","1262500","8.945164375120447","47.50344890328004",2015,5370,450,3,"46"
521,"2713500","1262500","8.945164375120447","47.50344890328004",2016,5370,450,3,"47"
521,"2713500","1262500","8.945164375120447","47.50344890328004",2017,5370,450,3,"41"
521,"2713500","1262500","8.945164375120447","47.50344890328004",2018,5370,450,3,"42"
521,"2713500","1262500","8.945164375120447","47.50344890328004",2019,5370,450,3,"44"
521,"2713500","1262500","8.945164375120447","47.50344890328004",2020,5370,450,3,"45"
521,"2713500","1262500","8.945164375120447","47.50344890328004",2021,5370,450,3,"48"
521,"2713500","1262500","8.945164375120447","47.50344890328004",2022,5370,450,3,"42"
521,"2713500","1262500","8.945164375120447","47.50344890328004",2023,5370,450,3,"38"
521,"2713500","1262500","8.945164375120447","47.50344890328004",2024,5370,450,3,"38"
521,"2713500","1262500","8.945164375120447","47.50344890328004",2025,5370,450,3,"36"
522,"2713500","1278500","8.949253224856584","47.64732053530674",1999,5415,550,3,"43"
522,"2713500","1278500","8.949253224856584","47.64732053530674",2000,5415,550,3,"44"
522,"2713500","1278500","8.949253224856584","47.64732053530674",2001,5415,550,3,"43"
522,"2713500","1278500","8.949253224856584","47.64732053530674",2002,5415,550,3,"44"
522,"2713500","1278500","8.949253224856584","47.64732053530674",2003,5415,550,3,"44"
522,"2713500","1278500","8.949253224856584","47.64732053530674",2004,5415,550,3,"46"
522,"2713500","1278500","8.949253224856584","47.64732053530674",2005,5415,550,3,"45"
522,"2713500","1278500","8.949253224856584","47.64732053530674",2006,5415,550,3,"42"
522,"2713500","1278500","8.949253224856584","47.64732053530674",2007,5415,550,3,"52"
522,"2713500","1278500","8.949253224856584","47.64732053530674",2008,5415,550,3,"45"
522,"2713500","1278500","8.949253224856584","47.64732053530674",2009,5415,550,3,"43"
522,"2713500","1278500","8.949253224856584","47.64732053530674",2010,5415,550,3,"45"
522,"2713500","1278500","8.949253224856584","47.64732053530674",2011,5415,550,3,"45"
522,"2713500","1278500","8.949253224856584","47.64732053530674",2012,5415,550,3,"46"
522,"2713500","1278500","8.949253224856584","47.64732053530674",2013,5415,550,3,"50"
522,"2713500","1278500","8.949253224856584","47.64732053530674",2014,5415,550,3,"44"
522,"2713500","1278500","8.949253224856584","47.64732053530674",2015,5415,550,3,"46"
522,"2713500","1278500","8.949253224856584","47.64732053530674",2016,5415,550,3,"45"
522,"2713500","1278500","8.949253224856584","47.64732053530674",2017,5415,550,3,"50"
522,"2713500","1278500","8.949253224856584","47.64732053530674",2018,5415,550,3,"50"
522,"2713500","1278500","8.949253224856584","47.64732053530674",2019,5415,550,3,"49"
522,"2713500","1278500","8.949253224856584","47.64732053530674",2020,5415,550,3,"46"
522,"2713500","1278500","8.949253224856584","47.64732053530674",2021,5415,550,3,"48"
522,"2713500","1278500","8.949253224856584","47.64732053530674",2022,5415,550,3,"44"
522,"2713500","1278500","8.949253224856584","47.64732053530674",2023,5415,550,3,"48"
522,"2713500","1278500","8.949253224856584","47.64732053530674",2024,5415,550,3,"45"
522,"2713500","1278500","8.949253224856584","47.64732053530674",2025,5415,550,3,"47"
523,"2715500","1113500","8.934012818389032","46.16307429593693",1999,5378,250,3,"41"
523,"2715500","1113500","8.934012818389032","46.16307429593693",2000,5378,250,3,"39"
523,"2715500","1113500","8.934012818389032","46.16307429593693",2001,5378,250,3,"43"
523,"2715500","1113500","8.934012818389032","46.16307429593693",2002,5378,250,3,"39"
523,"2715500","1113500","8.934012818389032","46.16307429593693",2003,5378,250,3,"38"
523,"2715500","1113500","8.934012818389032","46.16307429593693",2004,5378,250,3,"37"
523,"2715500","1113500","8.934012818389032","46.16307429593693",2005,5378,250,3,"40"
523,"2715500","1113500","8.934012818389032","46.16307429593693",2006,5378,250,3,"41"
523,"2715500","1113500","8.934012818389032","46.16307429593693",2007,5378,250,3,"46"
523,"2715500","1113500","8.934012818389032","46.16307429593693",2008,5378,250,3,"44"
523,"2715500","1113500","8.934012818389032","46.16307429593693",2009,5378,250,3,"37"
523,"2715500","1113500","8.934012818389032","46.16307429593693",2010,5378,250,3,"41"
523,"2715500","1113500","8.934012818389032","46.16307429593693",2011,5378,250,3,"44"
523,"2715500","1113500","8.934012818389032","46.16307429593693",2012,5378,250,3,"43"
523,"2715500","1113500","8.934012818389032","46.16307429593693",2013,5378,250,3,"40"
523,"2715500","1113500","8.934012818389032","46.16307429593693",2014,5378,250,3,"41"
523,"2715500","1113500","8.934012818389032","46.16307429593693",2015,5378,250,3,"43"
523,"2715500","1113500","8.934012818389032","46.16307429593693",2016,5378,250,3,"44"
523,"2715500","1113500","8.934012818389032","46.16307429593693",2017,5378,250,3,"28"
523,"2715500","1113500","8.934012818389032","46.16307429593693",2018,5378,250,3,"40"
523,"2715500","1113500","8.934012818389032","46.16307429593693",2019,5378,250,3,"39"
523,"2715500","1113500","8.934012818389032","46.16307429593693",2020,5378,250,3,"41"
523,"2715500","1113500","8.934012818389032","46.16307429593693",2021,5378,250,3,"38"
523,"2715500","1113500","8.934012818389032","46.16307429593693",2022,5378,250,3,"44"
523,"2715500","1113500","8.934012818389032","46.16307429593693",2023,5378,250,3,"43"
523,"2715500","1113500","8.934012818389032","46.16307429593693",2024,5378,250,3,"39"
523,"2715500","1113500","8.934012818389032","46.16307429593693",2025,5378,250,3,"45"
524,"2717500","1104500","8.957644244850316","46.08178352608889",2000,5430,950,3,"32"
524,"2717500","1104500","8.957644244850316","46.08178352608889",2001,5430,950,3,"31"
524,"2717500","1104500","8.957644244850316","46.08178352608889",2002,5430,950,3,"32"
524,"2717500","1104500","8.957644244850316","46.08178352608889",2003,5430,950,3,"29"
524,"2717500","1104500","8.957644244850316","46.08178352608889",2004,5430,950,3,"30"
524,"2717500","1104500","8.957644244850316","46.08178352608889",2005,5430,950,3,"31"
524,"2717500","1104500","8.957644244850316","46.08178352608889",2006,5430,950,3,"28"
524,"2717500","1104500","8.957644244850316","46.08178352608889",2007,5430,950,3,"25"
524,"2717500","1104500","8.957644244850316","46.08178352608889",2008,5430,950,3,"34"
524,"2717500","1104500","8.957644244850316","46.08178352608889",2009,5430,950,3,"25"
524,"2717500","1104500","8.957644244850316","46.08178352608889",2010,5430,950,3,"23"
524,"2717500","1104500","8.957644244850316","46.08178352608889",2011,5430,950,3,"31"
524,"2717500","1104500","8.957644244850316","46.08178352608889",2012,5430,950,3,"31"
524,"2717500","1104500","8.957644244850316","46.08178352608889",2013,5430,950,3,"29"
524,"2717500","1104500","8.957644244850316","46.08178352608889",2014,5430,950,3,"26"
524,"2717500","1104500","8.957644244850316","46.08178352608889",2015,5430,950,3,"25"
524,"2717500","1104500","8.957644244850316","46.08178352608889",2016,5430,950,3,"29"
524,"2717500","1104500","8.957644244850316","46.08178352608889",2017,5430,950,3,"30"
524,"2717500","1104500","8.957644244850316","46.08178352608889",2018,5430,950,3,"31"
524,"2717500","1104500","8.957644244850316","46.08178352608889",2019,5430,950,3,"27"
524,"2717500","1104500","8.957644244850316","46.08178352608889",2020,5430,950,3,"29"
524,"2717500","1104500","8.957644244850316","46.08178352608889",2021,5430,950,3,"29"
524,"2717500","1104500","8.957644244850316","46.08178352608889",2022,5430,950,3,"25"
524,"2717500","1104500","8.957644244850316","46.08178352608889",2023,5430,950,3,"27"
524,"2717500","1104500","8.957644244850316","46.08178352608889",2024,5430,950,3,"27"
524,"2717500","1104500","8.957644244850316","46.08178352608889",2025,5430,950,3,"29"
525,"2719500","1078500","8.976902532654927","45.847596412225464",1999,5366,350,3,"35"
525,"2719500","1078500","8.976902532654927","45.847596412225464",2000,5366,350,3,"36"
525,"2719500","1078500","8.976902532654927","45.847596412225464",2001,5366,350,3,"36"
525,"2719500","1078500","8.976902532654927","45.847596412225464",2002,5366,350,3,"33"
525,"2719500","1078500","8.976902532654927","45.847596412225464",2003,5366,350,3,"35"
525,"2719500","1078500","8.976902532654927","45.847596412225464",2004,5366,350,3,"42"
525,"2719500","1078500","8.976902532654927","45.847596412225464",2005,5366,350,3,"41"
525,"2719500","1078500","8.976902532654927","45.847596412225464",2006,5366,350,3,"39"
525,"2719500","1078500","8.976902532654927","45.847596412225464",2007,5366,350,3,"38"
525,"2719500","1078500","8.976902532654927","45.847596412225464",2008,5366,350,3,"39"
525,"2719500","1078500","8.976902532654927","45.847596412225464",2009,5366,350,3,"36"
525,"2719500","1078500","8.976902532654927","45.847596412225464",2010,5366,350,3,"38"
525,"2719500","1078500","8.976902532654927","45.847596412225464",2011,5366,350,3,"37"
525,"2719500","1078500","8.976902532654927","45.847596412225464",2012,5366,350,3,"33"
525,"2719500","1078500","8.976902532654927","45.847596412225464",2013,5366,350,3,"36"
525,"2719500","1078500","8.976902532654927","45.847596412225464",2014,5366,350,3,"26"
525,"2719500","1078500","8.976902532654927","45.847596412225464",2015,5366,350,3,"33"
525,"2719500","1078500","8.976902532654927","45.847596412225464",2016,5366,350,3,"30"
525,"2719500","1078500","8.976902532654927","45.847596412225464",2017,5366,350,3,"24"
525,"2719500","1078500","8.976902532654927","45.847596412225464",2018,5366,350,3,"31"
525,"2719500","1078500","8.976902532654927","45.847596412225464",2019,5366,350,3,"27"
525,"2719500","1078500","8.976902532654927","45.847596412225464",2020,5366,350,3,"29"
525,"2719500","1078500","8.976902532654927","45.847596412225464",2021,5366,350,3,"24"
525,"2719500","1078500","8.976902532654927","45.847596412225464",2022,5366,350,3,"28"
525,"2719500","1078500","8.976902532654927","45.847596412225464",2023,5366,350,3,"26"
525,"2719500","1078500","8.976902532654927","45.847596412225464",2024,5366,350,3,"29"
525,"2719500","1078500","8.976902532654927","45.847596412225464",2025,5366,350,3,"23"
526,"2719500","1102500","8.982983989897912","46.06344463896276",2000,6011,550,3,"25"
526,"2719500","1102500","8.982983989897912","46.06344463896276",2001,6011,550,3,"30"
526,"2719500","1102500","8.982983989897912","46.06344463896276",2002,6011,550,3,"30"
526,"2719500","1102500","8.982983989897912","46.06344463896276",2003,6011,550,3,"30"
526,"2719500","1102500","8.982983989897912","46.06344463896276",2004,6011,550,3,"31"
526,"2719500","1102500","8.982983989897912","46.06344463896276",2005,6011,550,3,"35"
526,"2719500","1102500","8.982983989897912","46.06344463896276",2006,6011,550,3,"33"
526,"2719500","1102500","8.982983989897912","46.06344463896276",2007,6011,550,3,"30"
526,"2719500","1102500","8.982983989897912","46.06344463896276",2008,6011,550,3,"32"
526,"2719500","1102500","8.982983989897912","46.06344463896276",2009,6011,550,3,"33"
526,"2719500","1102500","8.982983989897912","46.06344463896276",2010,6011,550,3,"30"
526,"2719500","1102500","8.982983989897912","46.06344463896276",2011,6011,550,3,"33"
526,"2719500","1102500","8.982983989897912","46.06344463896276",2012,6011,550,3,"31"
526,"2719500","1102500","8.982983989897912","46.06344463896276",2013,6011,550,3,"28"
526,"2719500","1102500","8.982983989897912","46.06344463896276",2014,6011,550,3,"31"
526,"2719500","1102500","8.982983989897912","46.06344463896276",2015,6011,550,3,"33"
526,"2719500","1102500","8.982983989897912","46.06344463896276",2016,6011,550,3,"32"
526,"2719500","1102500","8.982983989897912","46.06344463896276",2017,6011,550,3,"37"
526,"2719500","1102500","8.982983989897912","46.06344463896276",2018,6011,550,3,"33"
526,"2719500","1102500","8.982983989897912","46.06344463896276",2019,6011,550,3,"35"
526,"2719500","1102500","8.982983989897912","46.06344463896276",2020,6011,550,3,"41"
526,"2719500","1102500","8.982983989897912","46.06344463896276",2021,6011,550,3,"41"
526,"2719500","1102500","8.982983989897912","46.06344463896276",2022,6011,550,3,"42"
526,"2719500","1102500","8.982983989897912","46.06344463896276",2023,6011,550,3,"37"
526,"2719500","1102500","8.982983989897912","46.06344463896276",2024,6011,550,3,"35"
526,"2719500","1102500","8.982983989897912","46.06344463896276",2025,6011,550,3,"34"
527,"2719500","1118500","8.987064878555637","46.207345821557645",1999,4136,1350,3,"21"
527,"2719500","1118500","8.987064878555637","46.207345821557645",2000,4136,1350,3,"25"
527,"2719500","1118500","8.987064878555637","46.207345821557645",2001,4136,1350,3,"22"
527,"2719500","1118500","8.987064878555637","46.207345821557645",2002,4136,1350,3,"22"
527,"2719500","1118500","8.987064878555637","46.207345821557645",2003,4136,1350,3,"23"
527,"2719500","1118500","8.987064878555637","46.207345821557645",2004,4136,1350,3,"22"
527,"2719500","1118500","8.987064878555637","46.207345821557645",2005,4136,1350,3,"26"
527,"2719500","1118500","8.987064878555637","46.207345821557645",2006,4136,1350,3,"26"
527,"2719500","1118500","8.987064878555637","46.207345821557645",2007,4136,1350,3,"26"
527,"2719500","1118500","8.987064878555637","46.207345821557645",2008,4136,1350,3,"24"
527,"2719500","1118500","8.987064878555637","46.207345821557645",2009,4136,1350,3,"25"
527,"2719500","1118500","8.987064878555637","46.207345821557645",2010,4136,1350,3,"23"
527,"2719500","1118500","8.987064878555637","46.207345821557645",2011,4136,1350,3,"25"
527,"2719500","1118500","8.987064878555637","46.207345821557645",2012,4136,1350,3,"30"
527,"2719500","1118500","8.987064878555637","46.207345821557645",2013,4136,1350,3,"30"
527,"2719500","1118500","8.987064878555637","46.207345821557645",2014,4136,1350,3,"32"
527,"2719500","1118500","8.987064878555637","46.207345821557645",2015,4136,1350,3,"27"
527,"2719500","1118500","8.987064878555637","46.207345821557645",2016,4136,1350,3,"31"
527,"2719500","1118500","8.987064878555637","46.207345821557645",2017,4136,1350,3,"30"
527,"2719500","1118500","8.987064878555637","46.207345821557645",2018,4136,1350,3,"28"
527,"2719500","1118500","8.987064878555637","46.207345821557645",2019,4136,1350,3,"28"
527,"2719500","1118500","8.987064878555637","46.207345821557645",2020,4136,1350,3,"32"
527,"2719500","1118500","8.987064878555637","46.207345821557645",2021,4136,1350,3,"32"
527,"2719500","1118500","8.987064878555637","46.207345821557645",2022,4136,1350,3,"31"
527,"2719500","1118500","8.987064878555637","46.207345821557645",2023,4136,1350,3,"28"
527,"2719500","1118500","8.987064878555637","46.207345821557645",2024,4136,1350,3,"39"
527,"2719500","1118500","8.987064878555637","46.207345821557645",2025,4136,1350,3,"30"
528,"2719500","1126500","8.989113370544215","46.27929678249555",1999,5109,250,3,"32"
528,"2719500","1126500","8.989113370544215","46.27929678249555",2000,5109,250,3,"24"
528,"2719500","1126500","8.989113370544215","46.27929678249555",2001,5109,250,3,"26"
528,"2719500","1126500","8.989113370544215","46.27929678249555",2002,5109,250,3,"29"
528,"2719500","1126500","8.989113370544215","46.27929678249555",2003,5109,250,3,"30"
528,"2719500","1126500","8.989113370544215","46.27929678249555",2004,5109,250,3,"32"
528,"2719500","1126500","8.989113370544215","46.27929678249555",2005,5109,250,3,"35"
528,"2719500","1126500","8.989113370544215","46.27929678249555",2006,5109,250,3,"35"
528,"2719500","1126500","8.989113370544215","46.27929678249555",2007,5109,250,3,"35"
528,"2719500","1126500","8.989113370544215","46.27929678249555",2008,5109,250,3,"37"
528,"2719500","1126500","8.989113370544215","46.27929678249555",2009,5109,250,3,"33"
528,"2719500","1126500","8.989113370544215","46.27929678249555",2010,5109,250,3,"37"
528,"2719500","1126500","8.989113370544215","46.27929678249555",2011,5109,250,3,"37"
528,"2719500","1126500","8.989113370544215","46.27929678249555",2012,5109,250,3,"33"
528,"2719500","1126500","8.989113370544215","46.27929678249555",2013,5109,250,3,"33"
528,"2719500","1126500","8.989113370544215","46.27929678249555",2014,5109,250,3,"32"
528,"2719500","1126500","8.989113370544215","46.27929678249555",2015,5109,250,3,"40"
528,"2719500","1126500","8.989113370544215","46.27929678249555",2016,5109,250,3,"40"
528,"2719500","1126500","8.989113370544215","46.27929678249555",2017,5109,250,3,"37"
528,"2719500","1126500","8.989113370544215","46.27929678249555",2018,5109,250,3,"40"
528,"2719500","1126500","8.989113370544215","46.27929678249555",2019,5109,250,3,"41"
528,"2719500","1126500","8.989113370544215","46.27929678249555",2020,5109,250,3,"42"
528,"2719500","1126500","8.989113370544215","46.27929678249555",2021,5109,250,3,"43"
528,"2719500","1126500","8.989113370544215","46.27929678249555",2022,5109,250,3,"43"
528,"2719500","1126500","8.989113370544215","46.27929678249555",2023,5109,250,3,"37"
528,"2719500","1126500","8.989113370544215","46.27929678249555",2024,5109,250,3,"43"
528,"2719500","1126500","8.989113370544215","46.27929678249555",2025,5109,250,3,"42"
529,"2719500","1174500","9.00151853991633","46.711000588140784",1999,4803,2050,3,"19"
529,"2719500","1174500","9.00151853991633","46.711000588140784",2000,4803,2050,2,"18"
529,"2719500","1174500","9.00151853991633","46.711000588140784",2002,4803,2050,3,"24"
529,"2719500","1174500","9.00151853991633","46.711000588140784",2003,4803,2050,3,"29"
529,"2719500","1174500","9.00151853991633","46.711000588140784",2004,4803,2050,2,"27"
529,"2719500","1174500","9.00151853991633","46.711000588140784",2005,4803,2050,2,"30"
529,"2719500","1174500","9.00151853991633","46.711000588140784",2006,4803,2050,2,"20"
529,"2719500","1174500","9.00151853991633","46.711000588140784",2007,4803,2050,2,"23"
529,"2719500","1174500","9.00151853991633","46.711000588140784",2008,4803,2050,2,"25"
529,"2719500","1174500","9.00151853991633","46.711000588140784",2009,4803,2050,2,"26"
529,"2719500","1174500","9.00151853991633","46.711000588140784",2010,4803,2050,2,"29"
529,"2719500","1174500","9.00151853991633","46.711000588140784",2011,4803,2050,2,"28"
529,"2719500","1174500","9.00151853991633","46.711000588140784",2012,4803,2050,2,"34"
529,"2719500","1174500","9.00151853991633","46.711000588140784",2013,4803,2050,3,"29"
529,"2719500","1174500","9.00151853991633","46.711000588140784",2014,4803,2050,3,"33"
529,"2719500","1174500","9.00151853991633","46.711000588140784",2015,4803,2050,3,"34"
529,"2719500","1174500","9.00151853991633","46.711000588140784",2016,4803,2050,3,"32"
529,"2719500","1174500","9.00151853991633","46.711000588140784",2018,4803,2050,3,"30"
529,"2719500","1174500","9.00151853991633","46.711000588140784",2019,4803,2050,3,"31"
529,"2719500","1174500","9.00151853991633","46.711000588140784",2020,4803,2050,3,"33"
529,"2719500","1174500","9.00151853991633","46.711000588140784",2021,4803,2050,3,"31"
529,"2719500","1174500","9.00151853991633","46.711000588140784",2022,4803,2050,3,"34"
529,"2719500","1174500","9.00151853991633","46.711000588140784",2023,4803,2050,3,"31"
529,"2719500","1174500","9.00151853991633","46.711000588140784",2024,4803,2050,3,"35"
529,"2719500","1174500","9.00151853991633","46.711000588140784",2025,4803,2050,3,"34"
530,"2719500","1238500","9.018370413583249","47.28656873313813",1999,5331,1150,3,"30"
530,"2719500","1238500","9.018370413583249","47.28656873313813",2000,5331,1150,3,"34"
530,"2719500","1238500","9.018370413583249","47.28656873313813",2001,5331,1150,3,"31"
530,"2719500","1238500","9.018370413583249","47.28656873313813",2002,5331,1150,3,"28"
530,"2719500","1238500","9.018370413583249","47.28656873313813",2003,5331,1150,3,"30"
530,"2719500","1238500","9.018370413583249","47.28656873313813",2004,5331,1150,3,"33"
530,"2719500","1238500","9.018370413583249","47.28656873313813",2005,5331,1150,3,"25"
530,"2719500","1238500","9.018370413583249","47.28656873313813",2006,5331,1150,3,"29"
530,"2719500","1238500","9.018370413583249","47.28656873313813",2007,5331,1150,3,"39"
530,"2719500","1238500","9.018370413583249","47.28656873313813",2008,5331,1150,3,"36"
530,"2719500","1238500","9.018370413583249","47.28656873313813",2009,5331,1150,3,"35"
530,"2719500","1238500","9.018370413583249","47.28656873313813",2010,5331,1150,3,"41"
530,"2719500","1238500","9.018370413583249","47.28656873313813",2011,5331,1150,3,"42"
530,"2719500","1238500","9.018370413583249","47.28656873313813",2012,5331,1150,3,"40"
530,"2719500","1238500","9.018370413583249","47.28656873313813",2013,5331,1150,3,"34"
530,"2719500","1238500","9.018370413583249","47.28656873313813",2014,5331,1150,3,"37"
530,"2719500","1238500","9.018370413583249","47.28656873313813",2015,5331,1150,3,"41"
530,"2719500","1238500","9.018370413583249","47.28656873313813",2016,5331,1150,3,"38"
530,"2719500","1238500","9.018370413583249","47.28656873313813",2017,5331,1150,3,"42"
530,"2719500","1238500","9.018370413583249","47.28656873313813",2018,5331,1150,3,"41"
530,"2719500","1238500","9.018370413583249","47.28656873313813",2019,5331,1150,3,"38"
530,"2719500","1238500","9.018370413583249","47.28656873313813",2020,5331,1150,3,"41"
530,"2719500","1238500","9.018370413583249","47.28656873313813",2021,5331,1150,3,"42"
530,"2719500","1238500","9.018370413583249","47.28656873313813",2022,5331,1150,3,"38"
530,"2719500","1238500","9.018370413583249","47.28656873313813",2023,5331,1150,3,"46"
530,"2719500","1238500","9.018370413583249","47.28656873313813",2024,5331,1150,3,"44"
530,"2719500","1238500","9.018370413583249","47.28656873313813",2025,5331,1150,3,"44"
531,"2722500","1087500","9.017841605925417","45.92800223979239",1999,5165,1450,3,"24"
531,"2722500","1087500","9.017841605925417","45.92800223979239",2000,5165,1450,3,"24"
531,"2722500","1087500","9.017841605925417","45.92800223979239",2001,5165,1450,3,"20"
531,"2722500","1087500","9.017841605925417","45.92800223979239",2002,5165,1450,3,"20"
531,"2722500","1087500","9.017841605925417","45.92800223979239",2004,5165,1450,3,"30"
531,"2722500","1087500","9.017841605925417","45.92800223979239",2005,5165,1450,3,"29"
531,"2722500","1087500","9.017841605925417","45.92800223979239",2006,5165,1450,2,"17"
531,"2722500","1087500","9.017841605925417","45.92800223979239",2007,5165,1450,3,"32"
531,"2722500","1087500","9.017841605925417","45.92800223979239",2008,5165,1450,3,"28"
531,"2722500","1087500","9.017841605925417","45.92800223979239",2009,5165,1450,3,"22"
531,"2722500","1087500","9.017841605925417","45.92800223979239",2010,5165,1450,3,"21"
531,"2722500","1087500","9.017841605925417","45.92800223979239",2011,5165,1450,3,"22"
531,"2722500","1087500","9.017841605925417","45.92800223979239",2012,5165,1450,3,"19"
531,"2722500","1087500","9.017841605925417","45.92800223979239",2013,5165,1450,3,"25"
531,"2722500","1087500","9.017841605925417","45.92800223979239",2014,5165,1450,3,"29"
531,"2722500","1087500","9.017841605925417","45.92800223979239",2015,5165,1450,3,"23"
531,"2722500","1087500","9.017841605925417","45.92800223979239",2016,5165,1450,3,"23"
531,"2722500","1087500","9.017841605925417","45.92800223979239",2017,5165,1450,3,"24"
531,"2722500","1087500","9.017841605925417","45.92800223979239",2018,5165,1450,3,"23"
531,"2722500","1087500","9.017841605925417","45.92800223979239",2019,5165,1450,3,"22"
531,"2722500","1087500","9.017841605925417","45.92800223979239",2020,5165,1450,3,"24"
531,"2722500","1087500","9.017841605925417","45.92800223979239",2021,5165,1450,3,"23"
531,"2722500","1087500","9.017841605925417","45.92800223979239",2022,5165,1450,3,"24"
531,"2722500","1087500","9.017841605925417","45.92800223979239",2023,5165,1450,3,"27"
531,"2722500","1087500","9.017841605925417","45.92800223979239",2024,5165,1450,3,"25"
531,"2722500","1087500","9.017841605925417","45.92800223979239",2025,5165,1450,3,"19"
532,"2722500","1135500","9.030395833489985","46.359700894114205",1999,3430,2050,2,"5"
532,"2722500","1135500","9.030395833489985","46.359700894114205",2000,3430,2050,2,"6"
532,"2722500","1135500","9.030395833489985","46.359700894114205",2001,3430,2050,2,"4"
532,"2722500","1135500","9.030395833489985","46.359700894114205",2002,3430,2050,2,"7"
532,"2722500","1135500","9.030395833489985","46.359700894114205",2003,3430,2050,2,"8"
532,"2722500","1135500","9.030395833489985","46.359700894114205",2004,3430,2050,2,"6"
532,"2722500","1135500","9.030395833489985","46.359700894114205",2005,3430,2050,2,"8"
532,"2722500","1135500","9.030395833489985","46.359700894114205",2006,3430,2050,2,"10"
532,"2722500","1135500","9.030395833489985","46.359700894114205",2007,3430,2050,2,"9"
532,"2722500","1135500","9.030395833489985","46.359700894114205",2008,3430,2050,2,"10"
532,"2722500","1135500","9.030395833489985","46.359700894114205",2009,3430,2050,2,"7"
532,"2722500","1135500","9.030395833489985","46.359700894114205",2010,3430,2050,2,"10"
532,"2722500","1135500","9.030395833489985","46.359700894114205",2011,3430,2050,2,"12"
532,"2722500","1135500","9.030395833489985","46.359700894114205",2012,3430,2050,2,"16"
532,"2722500","1135500","9.030395833489985","46.359700894114205",2013,3430,2050,2,"11"
532,"2722500","1135500","9.030395833489985","46.359700894114205",2014,3430,2050,2,"14"
532,"2722500","1135500","9.030395833489985","46.359700894114205",2015,3430,2050,2,"17"
532,"2722500","1135500","9.030395833489985","46.359700894114205",2016,3430,2050,2,"12"
532,"2722500","1135500","9.030395833489985","46.359700894114205",2017,3430,2050,2,"14"
532,"2722500","1135500","9.030395833489985","46.359700894114205",2018,3430,2050,2,"16"
532,"2722500","1135500","9.030395833489985","46.359700894114205",2019,3430,2050,2,"13"
532,"2722500","1135500","9.030395833489985","46.359700894114205",2020,3430,2050,2,"17"
532,"2722500","1135500","9.030395833489985","46.359700894114205",2021,3430,2050,2,"17"
532,"2722500","1135500","9.030395833489985","46.359700894114205",2022,3430,2050,2,"20"
532,"2722500","1135500","9.030395833489985","46.359700894114205",2023,3430,2050,2,"20"
532,"2722500","1135500","9.030395833489985","46.359700894114205",2024,3430,2050,2,"17"
532,"2722500","1135500","9.030395833489985","46.359700894114205",2025,3430,2050,2,"20"
533,"2724500","1199500","9.073706043259804","46.93492107120612",1999,5729,1950,2,"26"
533,"2724500","1199500","9.073706043259804","46.93492107120612",2000,5729,1950,2,"29"
533,"2724500","1199500","9.073706043259804","46.93492107120612",2001,5729,1950,2,"30"
533,"2724500","1199500","9.073706043259804","46.93492107120612",2002,5729,1950,2,"33"
533,"2724500","1199500","9.073706043259804","46.93492107120612",2003,5729,1950,2,"34"
533,"2724500","1199500","9.073706043259804","46.93492107120612",2004,5729,1950,2,"31"
533,"2724500","1199500","9.073706043259804","46.93492107120612",2005,5729,1950,2,"37"
533,"2724500","1199500","9.073706043259804","46.93492107120612",2006,5729,1950,2,"27"
533,"2724500","1199500","9.073706043259804","46.93492107120612",2007,5729,1950,2,"33"
533,"2724500","1199500","9.073706043259804","46.93492107120612",2008,5729,1950,2,"30"
533,"2724500","1199500","9.073706043259804","46.93492107120612",2009,5729,1950,2,"35"
533,"2724500","1199500","9.073706043259804","46.93492107120612",2010,5729,1950,2,"33"
533,"2724500","1199500","9.073706043259804","46.93492107120612",2011,5729,1950,2,"28"
533,"2724500","1199500","9.073706043259804","46.93492107120612",2012,5729,1950,2,"34"
533,"2724500","1199500","9.073706043259804","46.93492107120612",2013,5729,1950,2,"35"
533,"2724500","1199500","9.073706043259804","46.93492107120612",2014,5729,1950,2,"24"
533,"2724500","1199500","9.073706043259804","46.93492107120612",2015,5729,1950,2,"28"
533,"2724500","1199500","9.073706043259804","46.93492107120612",2016,5729,1950,2,"30"
533,"2724500","1199500","9.073706043259804","46.93492107120612",2017,5729,1950,2,"28"
533,"2724500","1199500","9.073706043259804","46.93492107120612",2018,5729,1950,2,"26"
533,"2724500","1199500","9.073706043259804","46.93492107120612",2019,5729,1950,2,"29"
533,"2724500","1199500","9.073706043259804","46.93492107120612",2020,5729,1950,2,"26"
533,"2724500","1199500","9.073706043259804","46.93492107120612",2021,5729,1950,2,"17"
533,"2724500","1199500","9.073706043259804","46.93492107120612",2022,5729,1950,2,"16"
533,"2724500","1199500","9.073706043259804","46.93492107120612",2023,5729,1950,2,"39"
533,"2724500","1199500","9.073706043259804","46.93492107120612",2024,5729,1950,2,"16"
533,"2724500","1199500","9.073706043259804","46.93492107120612",2025,5729,1950,2,"20"
534,"2725500","1166500","9.077781595313445","46.63795009271438",1999,5064,1650,3,"40"
534,"2725500","1166500","9.077781595313445","46.63795009271438",2000,5064,1650,3,"38"
534,"2725500","1166500","9.077781595313445","46.63795009271438",2001,5064,1650,3,"43"
534,"2725500","1166500","9.077781595313445","46.63795009271438",2002,5064,1650,3,"44"
534,"2725500","1166500","9.077781595313445","46.63795009271438",2003,5064,1650,3,"45"
534,"2725500","1166500","9.077781595313445","46.63795009271438",2004,5064,1650,3,"46"
534,"2725500","1166500","9.077781595313445","46.63795009271438",2005,5064,1650,3,"46"
534,"2725500","1166500","9.077781595313445","46.63795009271438",2006,5064,1650,3,"41"
534,"2725500","1166500","9.077781595313445","46.63795009271438",2007,5064,1650,3,"43"
534,"2725500","1166500","9.077781595313445","46.63795009271438",2008,5064,1650,3,"46"
534,"2725500","1166500","9.077781595313445","46.63795009271438",2009,5064,1650,3,"42"
534,"2725500","1166500","9.077781595313445","46.63795009271438",2010,5064,1650,3,"43"
534,"2725500","1166500","9.077781595313445","46.63795009271438",2011,5064,1650,3,"44"
534,"2725500","1166500","9.077781595313445","46.63795009271438",2012,5064,1650,3,"38"
534,"2725500","1166500","9.077781595313445","46.63795009271438",2013,5064,1650,3,"44"
534,"2725500","1166500","9.077781595313445","46.63795009271438",2014,5064,1650,3,"39"
534,"2725500","1166500","9.077781595313445","46.63795009271438",2015,5064,1650,3,"48"
534,"2725500","1166500","9.077781595313445","46.63795009271438",2016,5064,1650,3,"47"
534,"2725500","1166500","9.077781595313445","46.63795009271438",2017,5064,1650,3,"43"
534,"2725500","1166500","9.077781595313445","46.63795009271438",2018,5064,1650,3,"43"
534,"2725500","1166500","9.077781595313445","46.63795009271438",2019,5064,1650,3,"44"
534,"2725500","1166500","9.077781595313445","46.63795009271438",2020,5064,1650,3,"47"
534,"2725500","1166500","9.077781595313445","46.63795009271438",2021,5064,1650,3,"41"
534,"2725500","1166500","9.077781595313445","46.63795009271438",2022,5064,1650,3,"41"
534,"2725500","1166500","9.077781595313445","46.63795009271438",2023,5064,1650,3,"43"
534,"2725500","1166500","9.077781595313445","46.63795009271438",2024,5064,1650,3,"45"
534,"2725500","1166500","9.077781595313445","46.63795009271438",2025,5064,1650,3,"47"
